mode: atomic
github.com/CCoupel/GhostDrive/main.go:20.13,22.16 2 0
github.com/CCoupel/GhostDrive/main.go:22.16,24.3 1 0
github.com/CCoupel/GhostDrive/main.go:25.2,25.9 1 0
github.com/CCoupel/GhostDrive/main.go:25.9,28.3 2 0
github.com/CCoupel/GhostDrive/main.go:30.2,36.16 4 0
github.com/CCoupel/GhostDrive/main.go:36.16,38.3 1 0
github.com/CCoupel/GhostDrive/main.go:40.2,58.17 1 0
github.com/CCoupel/GhostDrive/main.go:58.17,60.3 1 0
github.com/CCoupel/GhostDrive/tray_other.go:9.30,9.31 0 0
github.com/CCoupel/GhostDrive/frontend/node_modules/flatted/golang/pkg/flatted/flatted.go:16.68,21.30 4 0
github.com/CCoupel/GhostDrive/frontend/node_modules/flatted/golang/pkg/flatted/flatted.go:21.30,27.3 5 0
github.com/CCoupel/GhostDrive/frontend/node_modules/flatted/golang/pkg/flatted/flatted.go:29.2,29.28 1 0
github.com/CCoupel/GhostDrive/frontend/node_modules/flatted/golang/pkg/flatted/flatted.go:29.28,30.15 1 0
github.com/CCoupel/GhostDrive/frontend/node_modules/flatted/golang/pkg/flatted/flatted.go:30.15,32.4 1 0
github.com/CCoupel/GhostDrive/frontend/node_modules/flatted/golang/pkg/flatted/flatted.go:33.3,35.100 3 0
github.com/CCoupel/GhostDrive/frontend/node_modules/flatted/golang/pkg/flatted/flatted.go:35.100,36.32 1 0
github.com/CCoupel/GhostDrive/frontend/node_modules/flatted/golang/pkg/flatted/flatted.go:36.32,37.31 1 0
github.com/CCoupel/GhostDrive/frontend/node_modules/flatted/golang/pkg/flatted/flatted.go:37.31,38.16 1 0
github.com/CCoupel/GhostDrive/frontend/node_modules/flatted/golang/pkg/flatted/flatted.go:38.16,40.7 1 0
github.com/CCoupel/GhostDrive/frontend/node_modules/flatted/golang/pkg/flatted/flatted.go:41.11,43.59 2 0
github.com/CCoupel/GhostDrive/frontend/node_modules/flatted/golang/pkg/flatted/flatted.go:43.59,45.7 1 0
github.com/CCoupel/GhostDrive/frontend/node_modules/flatted/golang/pkg/flatted/flatted.go:48.4,48.19 1 0
github.com/CCoupel/GhostDrive/frontend/node_modules/flatted/golang/pkg/flatted/flatted.go:50.3,50.11 1 0
github.com/CCoupel/GhostDrive/frontend/node_modules/flatted/golang/pkg/flatted/flatted.go:53.2,53.31 1 0
github.com/CCoupel/GhostDrive/frontend/node_modules/flatted/golang/pkg/flatted/flatted.go:53.31,55.20 2 0
github.com/CCoupel/GhostDrive/frontend/node_modules/flatted/golang/pkg/flatted/flatted.go:55.20,57.4 1 0
github.com/CCoupel/GhostDrive/frontend/node_modules/flatted/golang/pkg/flatted/flatted.go:58.3,58.38 1 0
github.com/CCoupel/GhostDrive/frontend/node_modules/flatted/golang/pkg/flatted/flatted.go:58.38,60.4 1 0
github.com/CCoupel/GhostDrive/frontend/node_modules/flatted/golang/pkg/flatted/flatted.go:62.3,62.47 1 0
github.com/CCoupel/GhostDrive/frontend/node_modules/flatted/golang/pkg/flatted/flatted.go:62.47,64.4 1 0
github.com/CCoupel/GhostDrive/frontend/node_modules/flatted/golang/pkg/flatted/flatted.go:65.3,65.20 1 0
github.com/CCoupel/GhostDrive/frontend/node_modules/flatted/golang/pkg/flatted/flatted.go:66.37,68.34 2 0
github.com/CCoupel/GhostDrive/frontend/node_modules/flatted/golang/pkg/flatted/flatted.go:68.34,70.5 1 0
github.com/CCoupel/GhostDrive/frontend/node_modules/flatted/golang/pkg/flatted/flatted.go:71.4,71.14 1 0
github.com/CCoupel/GhostDrive/frontend/node_modules/flatted/golang/pkg/flatted/flatted.go:72.20,75.41 3 0
github.com/CCoupel/GhostDrive/frontend/node_modules/flatted/golang/pkg/flatted/flatted.go:75.41,77.5 1 0
github.com/CCoupel/GhostDrive/frontend/node_modules/flatted/golang/pkg/flatted/flatted.go:79.4,80.29 2 0
github.com/CCoupel/GhostDrive/frontend/node_modules/flatted/golang/pkg/flatted/flatted.go:80.29,82.20 2 0
github.com/CCoupel/GhostDrive/frontend/node_modules/flatted/golang/pkg/flatted/flatted.go:82.20,84.34 2 0
github.com/CCoupel/GhostDrive/frontend/node_modules/flatted/golang/pkg/flatted/flatted.go:84.34,85.20 1 0
github.com/CCoupel/GhostDrive/frontend/node_modules/flatted/golang/pkg/flatted/flatted.go:85.20,87.13 2 0
github.com/CCoupel/GhostDrive/frontend/node_modules/flatted/golang/pkg/flatted/flatted.go:90.6,90.16 1 0
github.com/CCoupel/GhostDrive/frontend/node_modules/flatted/golang/pkg/flatted/flatted.go:90.16,91.15 1 0
github.com/CCoupel/GhostDrive/frontend/node_modules/flatted/golang/pkg/flatted/flatted.go:94.5,94.53 1 0
github.com/CCoupel/GhostDrive/frontend/node_modules/flatted/golang/pkg/flatted/flatted.go:96.4,96.14 1 0
github.com/CCoupel/GhostDrive/frontend/node_modules/flatted/golang/pkg/flatted/flatted.go:97.23,100.39 3 0
github.com/CCoupel/GhostDrive/frontend/node_modules/flatted/golang/pkg/flatted/flatted.go:100.39,102.28 2 0
github.com/CCoupel/GhostDrive/frontend/node_modules/flatted/golang/pkg/flatted/flatted.go:102.28,103.14 1 0
github.com/CCoupel/GhostDrive/frontend/node_modules/flatted/golang/pkg/flatted/flatted.go:105.5,106.48 2 0
github.com/CCoupel/GhostDrive/frontend/node_modules/flatted/golang/pkg/flatted/flatted.go:106.48,108.6 1 0
github.com/CCoupel/GhostDrive/frontend/node_modules/flatted/golang/pkg/flatted/flatted.go:109.5,109.48 1 0
github.com/CCoupel/GhostDrive/frontend/node_modules/flatted/golang/pkg/flatted/flatted.go:111.4,111.14 1 0
github.com/CCoupel/GhostDrive/frontend/node_modules/flatted/golang/pkg/flatted/flatted.go:112.11,113.12 1 0
github.com/CCoupel/GhostDrive/frontend/node_modules/flatted/golang/pkg/flatted/flatted.go:117.2,119.34 3 0
github.com/CCoupel/GhostDrive/frontend/node_modules/flatted/golang/pkg/flatted/flatted.go:119.34,121.3 1 0
github.com/CCoupel/GhostDrive/frontend/node_modules/flatted/golang/pkg/flatted/flatted.go:123.2,126.33 4 0
github.com/CCoupel/GhostDrive/frontend/node_modules/flatted/golang/pkg/flatted/flatted.go:126.33,128.3 1 0
github.com/CCoupel/GhostDrive/frontend/node_modules/flatted/golang/pkg/flatted/flatted.go:128.8,128.37 1 0
github.com/CCoupel/GhostDrive/frontend/node_modules/flatted/golang/pkg/flatted/flatted.go:128.37,130.3 1 0
github.com/CCoupel/GhostDrive/frontend/node_modules/flatted/golang/pkg/flatted/flatted.go:132.2,132.18 1 0
github.com/CCoupel/GhostDrive/frontend/node_modules/flatted/golang/pkg/flatted/flatted.go:132.18,134.3 1 0
github.com/CCoupel/GhostDrive/frontend/node_modules/flatted/golang/pkg/flatted/flatted.go:134.8,136.3 1 0
github.com/CCoupel/GhostDrive/frontend/node_modules/flatted/golang/pkg/flatted/flatted.go:138.2,138.16 1 0
github.com/CCoupel/GhostDrive/frontend/node_modules/flatted/golang/pkg/flatted/flatted.go:138.16,140.3 1 0
github.com/CCoupel/GhostDrive/frontend/node_modules/flatted/golang/pkg/flatted/flatted.go:141.2,141.23 1 0
github.com/CCoupel/GhostDrive/frontend/node_modules/flatted/golang/pkg/flatted/flatted.go:145.79,147.65 2 0
github.com/CCoupel/GhostDrive/frontend/node_modules/flatted/golang/pkg/flatted/flatted.go:147.65,149.3 1 0
github.com/CCoupel/GhostDrive/frontend/node_modules/flatted/golang/pkg/flatted/flatted.go:151.2,152.25 2 0
github.com/CCoupel/GhostDrive/frontend/node_modules/flatted/golang/pkg/flatted/flatted.go:152.25,153.30 1 0
github.com/CCoupel/GhostDrive/frontend/node_modules/flatted/golang/pkg/flatted/flatted.go:153.30,155.4 1 0
github.com/CCoupel/GhostDrive/frontend/node_modules/flatted/golang/pkg/flatted/flatted.go:156.3,156.31 1 0
github.com/CCoupel/GhostDrive/frontend/node_modules/flatted/golang/pkg/flatted/flatted.go:156.31,157.29 1 0
github.com/CCoupel/GhostDrive/frontend/node_modules/flatted/golang/pkg/flatted/flatted.go:157.29,159.5 1 0
github.com/CCoupel/GhostDrive/frontend/node_modules/flatted/golang/pkg/flatted/flatted.go:160.4,160.14 1 0
github.com/CCoupel/GhostDrive/frontend/node_modules/flatted/golang/pkg/flatted/flatted.go:162.3,162.38 1 0
github.com/CCoupel/GhostDrive/frontend/node_modules/flatted/golang/pkg/flatted/flatted.go:162.38,163.27 1 0
github.com/CCoupel/GhostDrive/frontend/node_modules/flatted/golang/pkg/flatted/flatted.go:163.27,165.5 1 0
github.com/CCoupel/GhostDrive/frontend/node_modules/flatted/golang/pkg/flatted/flatted.go:166.4,166.12 1 0
github.com/CCoupel/GhostDrive/frontend/node_modules/flatted/golang/pkg/flatted/flatted.go:168.3,168.11 1 0
github.com/CCoupel/GhostDrive/frontend/node_modules/flatted/golang/pkg/flatted/flatted.go:171.2,172.30 2 0
github.com/CCoupel/GhostDrive/frontend/node_modules/flatted/golang/pkg/flatted/flatted.go:172.30,174.3 1 0
github.com/CCoupel/GhostDrive/frontend/node_modules/flatted/golang/pkg/flatted/flatted.go:176.2,177.28 2 0
github.com/CCoupel/GhostDrive/frontend/node_modules/flatted/golang/pkg/flatted/flatted.go:177.28,178.37 1 0
github.com/CCoupel/GhostDrive/frontend/node_modules/flatted/golang/pkg/flatted/flatted.go:178.37,180.4 1 0
github.com/CCoupel/GhostDrive/frontend/node_modules/flatted/golang/pkg/flatted/flatted.go:180.9,182.4 1 0
github.com/CCoupel/GhostDrive/frontend/node_modules/flatted/golang/pkg/flatted/flatted.go:185.2,185.21 1 0
github.com/CCoupel/GhostDrive/frontend/node_modules/flatted/golang/pkg/flatted/flatted.go:185.21,187.3 1 0
github.com/CCoupel/GhostDrive/frontend/node_modules/flatted/golang/pkg/flatted/flatted.go:189.2,191.78 3 0
github.com/CCoupel/GhostDrive/frontend/node_modules/flatted/golang/pkg/flatted/flatted.go:191.78,195.21 4 0
github.com/CCoupel/GhostDrive/frontend/node_modules/flatted/golang/pkg/flatted/flatted.go:195.21,197.4 1 0
github.com/CCoupel/GhostDrive/frontend/node_modules/flatted/golang/pkg/flatted/flatted.go:198.3,198.18 1 0
github.com/CCoupel/GhostDrive/frontend/node_modules/flatted/golang/pkg/flatted/flatted.go:201.2,201.20 1 0
github.com/CCoupel/GhostDrive/frontend/node_modules/flatted/golang/pkg/flatted/flatted.go:201.20,203.3 1 0
github.com/CCoupel/GhostDrive/frontend/node_modules/flatted/golang/pkg/flatted/flatted.go:204.2,204.19 1 0
github.com/CCoupel/GhostDrive/frontend/node_modules/flatted/golang/pkg/flatted/flatted.go:207.75,208.34 1 0
github.com/CCoupel/GhostDrive/frontend/node_modules/flatted/golang/pkg/flatted/flatted.go:208.34,209.25 1 0
github.com/CCoupel/GhostDrive/frontend/node_modules/flatted/golang/pkg/flatted/flatted.go:209.25,211.4 1 0
github.com/CCoupel/GhostDrive/frontend/node_modules/flatted/golang/pkg/flatted/flatted.go:212.8,212.48 1 0
github.com/CCoupel/GhostDrive/frontend/node_modules/flatted/golang/pkg/flatted/flatted.go:212.48,214.20 2 0
github.com/CCoupel/GhostDrive/frontend/node_modules/flatted/golang/pkg/flatted/flatted.go:214.20,216.4 1 0
github.com/CCoupel/GhostDrive/frontend/node_modules/flatted/golang/pkg/flatted/flatted.go:217.3,218.26 2 0
github.com/CCoupel/GhostDrive/frontend/node_modules/flatted/golang/pkg/flatted/flatted.go:218.26,220.4 1 0
github.com/CCoupel/GhostDrive/frontend/node_modules/flatted/golang/pkg/flatted/flatted.go:222.2,222.28 1 0
github.com/CCoupel/GhostDrive/frontend/node_modules/flatted/golang/pkg/flatted/flatted.go:225.61,226.34 1 0
github.com/CCoupel/GhostDrive/frontend/node_modules/flatted/golang/pkg/flatted/flatted.go:226.34,227.25 1 0
github.com/CCoupel/GhostDrive/frontend/node_modules/flatted/golang/pkg/flatted/flatted.go:227.25,228.38 1 0
github.com/CCoupel/GhostDrive/frontend/node_modules/flatted/golang/pkg/flatted/flatted.go:228.38,231.5 2 0
github.com/CCoupel/GhostDrive/frontend/node_modules/flatted/golang/pkg/flatted/flatted.go:233.3,233.13 1 0
github.com/CCoupel/GhostDrive/frontend/node_modules/flatted/golang/pkg/flatted/flatted.go:235.2,235.41 1 0
github.com/CCoupel/GhostDrive/frontend/node_modules/flatted/golang/pkg/flatted/flatted.go:235.41,236.23 1 0
github.com/CCoupel/GhostDrive/frontend/node_modules/flatted/golang/pkg/flatted/flatted.go:236.23,237.38 1 0
github.com/CCoupel/GhostDrive/frontend/node_modules/flatted/golang/pkg/flatted/flatted.go:237.38,240.5 2 0
github.com/CCoupel/GhostDrive/frontend/node_modules/flatted/golang/pkg/flatted/flatted.go:242.3,242.11 1 0
github.com/CCoupel/GhostDrive/frontend/node_modules/flatted/golang/pkg/flatted/flatted.go:244.2,244.14 1 0
github.com/CCoupel/GhostDrive/frontend/node_modules/flatted/golang/pkg/flatted/flatted.go:247.60,249.78 2 0
github.com/CCoupel/GhostDrive/frontend/node_modules/flatted/golang/pkg/flatted/flatted.go:249.78,251.16 2 0
github.com/CCoupel/GhostDrive/frontend/node_modules/flatted/golang/pkg/flatted/flatted.go:251.16,254.4 2 0
github.com/CCoupel/GhostDrive/frontend/node_modules/flatted/golang/pkg/flatted/flatted.go:256.2,256.14 1 0
github.com/CCoupel/GhostDrive/frontend/node_modules/flatted/golang/pkg/flatted/flatted.go:260.37,262.16 2 0
github.com/CCoupel/GhostDrive/frontend/node_modules/flatted/golang/pkg/flatted/flatted.go:262.16,264.3 1 0
github.com/CCoupel/GhostDrive/frontend/node_modules/flatted/golang/pkg/flatted/flatted.go:265.2,267.17 3 0
github.com/CCoupel/GhostDrive/frontend/node_modules/flatted/golang/pkg/flatted/flatted.go:271.39,273.16 2 0
github.com/CCoupel/GhostDrive/frontend/node_modules/flatted/golang/pkg/flatted/flatted.go:273.16,275.3 1 0
github.com/CCoupel/GhostDrive/frontend/node_modules/flatted/golang/pkg/flatted/flatted.go:276.2,276.30 1 0
github.com/CCoupel/GhostDrive/cmd/ghostdrive/main.go:9.14,9.15 0 0
github.com/CCoupel/GhostDrive/plugins/sdk/go/plugin.go:26.64,30.2 1 0
github.com/CCoupel/GhostDrive/plugins/sdk/go/plugin.go:34.69,40.2 1 0
github.com/CCoupel/GhostDrive/internal/singleinstance/lock_unix.go:19.30,22.16 3 0
github.com/CCoupel/GhostDrive/internal/singleinstance/lock_unix.go:22.16,24.3 1 0
github.com/CCoupel/GhostDrive/internal/singleinstance/lock_unix.go:25.2,25.75 1 0
github.com/CCoupel/GhostDrive/internal/singleinstance/lock_unix.go:25.75,26.30 1 0
github.com/CCoupel/GhostDrive/internal/singleinstance/lock_unix.go:26.30,28.4 1 0
github.com/CCoupel/GhostDrive/internal/singleinstance/lock_unix.go:29.3,29.20 1 0
github.com/CCoupel/GhostDrive/internal/singleinstance/lock_unix.go:31.2,32.18 2 0
github.com/CCoupel/GhostDrive/plugins/moosefs/cmd/main.go:32.13,35.2 2 0
github.com/CCoupel/GhostDrive/plugins/proto/storage.pb.go:44.38,49.2 4 0
github.com/CCoupel/GhostDrive/plugins/proto/storage.pb.go:51.46,53.2 1 0
github.com/CCoupel/GhostDrive/plugins/proto/storage.pb.go:55.44,55.45 0 0
github.com/CCoupel/GhostDrive/plugins/proto/storage.pb.go:57.66,59.14 2 0
github.com/CCoupel/GhostDrive/plugins/proto/storage.pb.go:59.14,61.34 2 0
github.com/CCoupel/GhostDrive/plugins/proto/storage.pb.go:61.34,63.4 1 0
github.com/CCoupel/GhostDrive/plugins/proto/storage.pb.go:64.3,64.12 1 0
github.com/CCoupel/GhostDrive/plugins/proto/storage.pb.go:66.2,66.24 1 0
github.com/CCoupel/GhostDrive/plugins/proto/storage.pb.go:70.57,72.2 1 0
github.com/CCoupel/GhostDrive/plugins/proto/storage.pb.go:74.45,75.14 1 0
github.com/CCoupel/GhostDrive/plugins/proto/storage.pb.go:75.14,77.3 1 0
github.com/CCoupel/GhostDrive/plugins/proto/storage.pb.go:78.2,78.11 1 0
github.com/CCoupel/GhostDrive/plugins/proto/storage.pb.go:81.47,82.14 1 0
github.com/CCoupel/GhostDrive/plugins/proto/storage.pb.go:82.14,84.3 1 0
github.com/CCoupel/GhostDrive/plugins/proto/storage.pb.go:85.2,85.11 1 0
github.com/CCoupel/GhostDrive/plugins/proto/storage.pb.go:88.47,89.14 1 0
github.com/CCoupel/GhostDrive/plugins/proto/storage.pb.go:89.14,91.3 1 0
github.com/CCoupel/GhostDrive/plugins/proto/storage.pb.go:92.2,92.11 1 0
github.com/CCoupel/GhostDrive/plugins/proto/storage.pb.go:95.48,96.14 1 0
github.com/CCoupel/GhostDrive/plugins/proto/storage.pb.go:96.14,98.3 1 0
github.com/CCoupel/GhostDrive/plugins/proto/storage.pb.go:99.2,99.14 1 0
github.com/CCoupel/GhostDrive/plugins/proto/storage.pb.go:102.49,103.14 1 0
github.com/CCoupel/GhostDrive/plugins/proto/storage.pb.go:103.14,105.3 1 0
github.com/CCoupel/GhostDrive/plugins/proto/storage.pb.go:106.2,106.14 1 0
github.com/CCoupel/GhostDrive/plugins/proto/storage.pb.go:109.60,110.14 1 0
github.com/CCoupel/GhostDrive/plugins/proto/storage.pb.go:110.14,112.3 1 0
github.com/CCoupel/GhostDrive/plugins/proto/storage.pb.go:113.2,113.12 1 0
github.com/CCoupel/GhostDrive/plugins/proto/storage.pb.go:116.50,117.14 1 0
github.com/CCoupel/GhostDrive/plugins/proto/storage.pb.go:117.14,119.3 1 0
github.com/CCoupel/GhostDrive/plugins/proto/storage.pb.go:120.2,120.11 1 0
github.com/CCoupel/GhostDrive/plugins/proto/storage.pb.go:123.53,124.14 1 0
github.com/CCoupel/GhostDrive/plugins/proto/storage.pb.go:124.14,126.3 1 0
github.com/CCoupel/GhostDrive/plugins/proto/storage.pb.go:127.2,127.11 1 0
github.com/CCoupel/GhostDrive/plugins/proto/storage.pb.go:130.52,131.14 1 0
github.com/CCoupel/GhostDrive/plugins/proto/storage.pb.go:131.14,133.3 1 0
github.com/CCoupel/GhostDrive/plugins/proto/storage.pb.go:134.2,134.11 1 0
github.com/CCoupel/GhostDrive/plugins/proto/storage.pb.go:153.33,158.2 4 0
github.com/CCoupel/GhostDrive/plugins/proto/storage.pb.go:160.41,162.2 1 0
github.com/CCoupel/GhostDrive/plugins/proto/storage.pb.go:164.39,164.40 0 0
github.com/CCoupel/GhostDrive/plugins/proto/storage.pb.go:166.61,168.14 2 0
github.com/CCoupel/GhostDrive/plugins/proto/storage.pb.go:168.14,170.34 2 0
github.com/CCoupel/GhostDrive/plugins/proto/storage.pb.go:170.34,172.4 1 0
github.com/CCoupel/GhostDrive/plugins/proto/storage.pb.go:173.3,173.12 1 0
github.com/CCoupel/GhostDrive/plugins/proto/storage.pb.go:175.2,175.24 1 0
github.com/CCoupel/GhostDrive/plugins/proto/storage.pb.go:179.52,181.2 1 0
github.com/CCoupel/GhostDrive/plugins/proto/storage.pb.go:183.42,184.14 1 0
github.com/CCoupel/GhostDrive/plugins/proto/storage.pb.go:184.14,186.3 1 0
github.com/CCoupel/GhostDrive/plugins/proto/storage.pb.go:187.2,187.11 1 0
github.com/CCoupel/GhostDrive/plugins/proto/storage.pb.go:190.42,191.14 1 0
github.com/CCoupel/GhostDrive/plugins/proto/storage.pb.go:191.14,193.3 1 0
github.com/CCoupel/GhostDrive/plugins/proto/storage.pb.go:194.2,194.11 1 0
github.com/CCoupel/GhostDrive/plugins/proto/storage.pb.go:197.41,198.14 1 0
github.com/CCoupel/GhostDrive/plugins/proto/storage.pb.go:198.14,200.3 1 0
github.com/CCoupel/GhostDrive/plugins/proto/storage.pb.go:201.2,201.10 1 0
github.com/CCoupel/GhostDrive/plugins/proto/storage.pb.go:204.41,205.14 1 0
github.com/CCoupel/GhostDrive/plugins/proto/storage.pb.go:205.14,207.3 1 0
github.com/CCoupel/GhostDrive/plugins/proto/storage.pb.go:208.2,208.14 1 0
github.com/CCoupel/GhostDrive/plugins/proto/storage.pb.go:211.48,212.14 1 0
github.com/CCoupel/GhostDrive/plugins/proto/storage.pb.go:212.14,214.3 1 0
github.com/CCoupel/GhostDrive/plugins/proto/storage.pb.go:215.2,215.10 1 0
github.com/CCoupel/GhostDrive/plugins/proto/storage.pb.go:218.42,219.14 1 0
github.com/CCoupel/GhostDrive/plugins/proto/storage.pb.go:219.14,221.3 1 0
github.com/CCoupel/GhostDrive/plugins/proto/storage.pb.go:222.2,222.11 1 0
github.com/CCoupel/GhostDrive/plugins/proto/storage.pb.go:225.49,226.14 1 0
github.com/CCoupel/GhostDrive/plugins/proto/storage.pb.go:226.14,228.3 1 0
github.com/CCoupel/GhostDrive/plugins/proto/storage.pb.go:229.2,229.14 1 0
github.com/CCoupel/GhostDrive/plugins/proto/storage.pb.go:232.44,233.14 1 0
github.com/CCoupel/GhostDrive/plugins/proto/storage.pb.go:233.14,235.3 1 0
github.com/CCoupel/GhostDrive/plugins/proto/storage.pb.go:236.2,236.14 1 0
github.com/CCoupel/GhostDrive/plugins/proto/storage.pb.go:239.45,240.14 1 0
github.com/CCoupel/GhostDrive/plugins/proto/storage.pb.go:240.14,242.3 1 0
github.com/CCoupel/GhostDrive/plugins/proto/storage.pb.go:243.2,243.11 1 0
github.com/CCoupel/GhostDrive/plugins/proto/storage.pb.go:261.34,266.2 4 0
github.com/CCoupel/GhostDrive/plugins/proto/storage.pb.go:268.42,270.2 1 0
github.com/CCoupel/GhostDrive/plugins/proto/storage.pb.go:272.40,272.41 0 0
github.com/CCoupel/GhostDrive/plugins/proto/storage.pb.go:274.62,276.14 2 0
github.com/CCoupel/GhostDrive/plugins/proto/storage.pb.go:276.14,278.34 2 0
github.com/CCoupel/GhostDrive/plugins/proto/storage.pb.go:278.34,280.4 1 0
github.com/CCoupel/GhostDrive/plugins/proto/storage.pb.go:281.3,281.12 1 0
github.com/CCoupel/GhostDrive/plugins/proto/storage.pb.go:283.2,283.24 1 0
github.com/CCoupel/GhostDrive/plugins/proto/storage.pb.go:287.53,289.2 1 0
github.com/CCoupel/GhostDrive/plugins/proto/storage.pb.go:291.48,292.14 1 0
github.com/CCoupel/GhostDrive/plugins/proto/storage.pb.go:292.14,294.3 1 0
github.com/CCoupel/GhostDrive/plugins/proto/storage.pb.go:295.2,295.11 1 0
github.com/CCoupel/GhostDrive/plugins/proto/storage.pb.go:298.43,299.14 1 0
github.com/CCoupel/GhostDrive/plugins/proto/storage.pb.go:299.14,301.3 1 0
github.com/CCoupel/GhostDrive/plugins/proto/storage.pb.go:302.2,302.11 1 0
github.com/CCoupel/GhostDrive/plugins/proto/storage.pb.go:305.46,306.14 1 0
github.com/CCoupel/GhostDrive/plugins/proto/storage.pb.go:306.14,308.3 1 0
github.com/CCoupel/GhostDrive/plugins/proto/storage.pb.go:309.2,309.11 1 0
github.com/CCoupel/GhostDrive/plugins/proto/storage.pb.go:312.51,313.14 1 0
github.com/CCoupel/GhostDrive/plugins/proto/storage.pb.go:313.14,315.3 1 0
github.com/CCoupel/GhostDrive/plugins/proto/storage.pb.go:316.2,316.10 1 0
github.com/CCoupel/GhostDrive/plugins/proto/storage.pb.go:319.45,320.14 1 0
github.com/CCoupel/GhostDrive/plugins/proto/storage.pb.go:320.14,322.3 1 0
github.com/CCoupel/GhostDrive/plugins/proto/storage.pb.go:323.2,323.11 1 0
github.com/CCoupel/GhostDrive/plugins/proto/storage.pb.go:326.49,327.14 1 0
github.com/CCoupel/GhostDrive/plugins/proto/storage.pb.go:327.14,329.3 1 0
github.com/CCoupel/GhostDrive/plugins/proto/storage.pb.go:330.2,330.10 1 0
github.com/CCoupel/GhostDrive/plugins/proto/storage.pb.go:333.57,334.14 1 0
github.com/CCoupel/GhostDrive/plugins/proto/storage.pb.go:334.14,336.3 1 0
github.com/CCoupel/GhostDrive/plugins/proto/storage.pb.go:337.2,337.10 1 0
github.com/CCoupel/GhostDrive/plugins/proto/storage.pb.go:340.49,341.14 1 0
github.com/CCoupel/GhostDrive/plugins/proto/storage.pb.go:341.14,343.3 1 0
github.com/CCoupel/GhostDrive/plugins/proto/storage.pb.go:344.2,344.14 1 0
github.com/CCoupel/GhostDrive/plugins/proto/storage.pb.go:362.31,367.2 4 0
github.com/CCoupel/GhostDrive/plugins/proto/storage.pb.go:369.39,371.2 1 0
github.com/CCoupel/GhostDrive/plugins/proto/storage.pb.go:373.37,373.38 0 0
github.com/CCoupel/GhostDrive/plugins/proto/storage.pb.go:375.59,377.14 2 0
github.com/CCoupel/GhostDrive/plugins/proto/storage.pb.go:377.14,379.34 2 0
github.com/CCoupel/GhostDrive/plugins/proto/storage.pb.go:379.34,381.4 1 0
github.com/CCoupel/GhostDrive/plugins/proto/storage.pb.go:382.3,382.12 1 0
github.com/CCoupel/GhostDrive/plugins/proto/storage.pb.go:384.2,384.24 1 0
github.com/CCoupel/GhostDrive/plugins/proto/storage.pb.go:388.50,390.2 1 0
github.com/CCoupel/GhostDrive/plugins/proto/storage.pb.go:392.45,393.14 1 0
github.com/CCoupel/GhostDrive/plugins/proto/storage.pb.go:393.14,395.3 1 0
github.com/CCoupel/GhostDrive/plugins/proto/storage.pb.go:396.2,396.11 1 0
github.com/CCoupel/GhostDrive/plugins/proto/storage.pb.go:399.46,400.14 1 0
github.com/CCoupel/GhostDrive/plugins/proto/storage.pb.go:400.14,402.3 1 0
github.com/CCoupel/GhostDrive/plugins/proto/storage.pb.go:403.2,403.11 1 0
github.com/CCoupel/GhostDrive/plugins/proto/storage.pb.go:406.45,407.14 1 0
github.com/CCoupel/GhostDrive/plugins/proto/storage.pb.go:407.14,409.3 1 0
github.com/CCoupel/GhostDrive/plugins/proto/storage.pb.go:410.2,410.10 1 0
github.com/CCoupel/GhostDrive/plugins/proto/storage.pb.go:413.40,414.14 1 0
github.com/CCoupel/GhostDrive/plugins/proto/storage.pb.go:414.14,416.3 1 0
github.com/CCoupel/GhostDrive/plugins/proto/storage.pb.go:417.2,417.12 1 0
github.com/CCoupel/GhostDrive/plugins/proto/storage.pb.go:428.32,433.2 4 0
github.com/CCoupel/GhostDrive/plugins/proto/storage.pb.go:435.40,437.2 1 0
github.com/CCoupel/GhostDrive/plugins/proto/storage.pb.go:439.38,439.39 0 0
github.com/CCoupel/GhostDrive/plugins/proto/storage.pb.go:441.60,443.14 2 0
github.com/CCoupel/GhostDrive/plugins/proto/storage.pb.go:443.14,445.34 2 0
github.com/CCoupel/GhostDrive/plugins/proto/storage.pb.go:445.34,447.4 1 0
github.com/CCoupel/GhostDrive/plugins/proto/storage.pb.go:448.3,448.12 1 0
github.com/CCoupel/GhostDrive/plugins/proto/storage.pb.go:450.2,450.24 1 0
github.com/CCoupel/GhostDrive/plugins/proto/storage.pb.go:454.51,456.2 1 0
github.com/CCoupel/GhostDrive/plugins/proto/storage.pb.go:458.42,459.14 1 0
github.com/CCoupel/GhostDrive/plugins/proto/storage.pb.go:459.14,461.3 1 0
github.com/CCoupel/GhostDrive/plugins/proto/storage.pb.go:462.2,462.11 1 0
github.com/CCoupel/GhostDrive/plugins/proto/storage.pb.go:474.35,479.2 4 0
github.com/CCoupel/GhostDrive/plugins/proto/storage.pb.go:481.43,483.2 1 0
github.com/CCoupel/GhostDrive/plugins/proto/storage.pb.go:485.41,485.42 0 0
github.com/CCoupel/GhostDrive/plugins/proto/storage.pb.go:487.63,489.14 2 0
github.com/CCoupel/GhostDrive/plugins/proto/storage.pb.go:489.14,491.34 2 0
github.com/CCoupel/GhostDrive/plugins/proto/storage.pb.go:491.34,493.4 1 0
github.com/CCoupel/GhostDrive/plugins/proto/storage.pb.go:494.3,494.12 1 0
github.com/CCoupel/GhostDrive/plugins/proto/storage.pb.go:496.2,496.24 1 0
github.com/CCoupel/GhostDrive/plugins/proto/storage.pb.go:500.54,502.2 1 0
github.com/CCoupel/GhostDrive/plugins/proto/storage.pb.go:504.50,505.14 1 0
github.com/CCoupel/GhostDrive/plugins/proto/storage.pb.go:505.14,507.3 1 0
github.com/CCoupel/GhostDrive/plugins/proto/storage.pb.go:508.2,508.11 1 0
github.com/CCoupel/GhostDrive/plugins/proto/storage.pb.go:511.49,512.14 1 0
github.com/CCoupel/GhostDrive/plugins/proto/storage.pb.go:512.14,514.3 1 0
github.com/CCoupel/GhostDrive/plugins/proto/storage.pb.go:515.2,515.11 1 0
github.com/CCoupel/GhostDrive/plugins/proto/storage.pb.go:529.33,534.2 4 0
github.com/CCoupel/GhostDrive/plugins/proto/storage.pb.go:536.41,538.2 1 0
github.com/CCoupel/GhostDrive/plugins/proto/storage.pb.go:540.39,540.40 0 0
github.com/CCoupel/GhostDrive/plugins/proto/storage.pb.go:542.61,544.14 2 0
github.com/CCoupel/GhostDrive/plugins/proto/storage.pb.go:544.14,546.34 2 0
github.com/CCoupel/GhostDrive/plugins/proto/storage.pb.go:546.34,548.4 1 0
github.com/CCoupel/GhostDrive/plugins/proto/storage.pb.go:549.3,549.12 1 0
github.com/CCoupel/GhostDrive/plugins/proto/storage.pb.go:551.2,551.24 1 0
github.com/CCoupel/GhostDrive/plugins/proto/storage.pb.go:555.52,557.2 1 0
github.com/CCoupel/GhostDrive/plugins/proto/storage.pb.go:559.42,560.14 1 0
github.com/CCoupel/GhostDrive/plugins/proto/storage.pb.go:560.14,562.3 1 0
github.com/CCoupel/GhostDrive/plugins/proto/storage.pb.go:563.2,563.12 1 0
github.com/CCoupel/GhostDrive/plugins/proto/storage.pb.go:566.46,567.14 1 0
github.com/CCoupel/GhostDrive/plugins/proto/storage.pb.go:567.14,569.3 1 0
github.com/CCoupel/GhostDrive/plugins/proto/storage.pb.go:570.2,570.10 1 0
github.com/CCoupel/GhostDrive/plugins/proto/storage.pb.go:573.47,574.14 1 0
github.com/CCoupel/GhostDrive/plugins/proto/storage.pb.go:574.14,576.3 1 0
github.com/CCoupel/GhostDrive/plugins/proto/storage.pb.go:577.2,577.10 1 0
github.com/CCoupel/GhostDrive/plugins/proto/storage.pb.go:580.43,581.14 1 0
github.com/CCoupel/GhostDrive/plugins/proto/storage.pb.go:581.14,583.3 1 0
github.com/CCoupel/GhostDrive/plugins/proto/storage.pb.go:584.2,584.11 1 0
github.com/CCoupel/GhostDrive/plugins/proto/storage.pb.go:593.31,598.2 4 0
github.com/CCoupel/GhostDrive/plugins/proto/storage.pb.go:600.39,602.2 1 0
github.com/CCoupel/GhostDrive/plugins/proto/storage.pb.go:604.37,604.38 0 0
github.com/CCoupel/GhostDrive/plugins/proto/storage.pb.go:606.59,608.14 2 0
github.com/CCoupel/GhostDrive/plugins/proto/storage.pb.go:608.14,610.34 2 0
github.com/CCoupel/GhostDrive/plugins/proto/storage.pb.go:610.34,612.4 1 0
github.com/CCoupel/GhostDrive/plugins/proto/storage.pb.go:613.3,613.12 1 0
github.com/CCoupel/GhostDrive/plugins/proto/storage.pb.go:615.2,615.24 1 0
github.com/CCoupel/GhostDrive/plugins/proto/storage.pb.go:619.50,621.2 1 0
github.com/CCoupel/GhostDrive/plugins/proto/storage.pb.go:630.32,635.2 4 0
github.com/CCoupel/GhostDrive/plugins/proto/storage.pb.go:637.40,639.2 1 0
github.com/CCoupel/GhostDrive/plugins/proto/storage.pb.go:641.38,641.39 0 0
github.com/CCoupel/GhostDrive/plugins/proto/storage.pb.go:643.60,645.14 2 0
github.com/CCoupel/GhostDrive/plugins/proto/storage.pb.go:645.14,647.34 2 0
github.com/CCoupel/GhostDrive/plugins/proto/storage.pb.go:647.34,649.4 1 0
github.com/CCoupel/GhostDrive/plugins/proto/storage.pb.go:650.3,650.12 1 0
github.com/CCoupel/GhostDrive/plugins/proto/storage.pb.go:652.2,652.24 1 0
github.com/CCoupel/GhostDrive/plugins/proto/storage.pb.go:656.51,658.2 1 0
github.com/CCoupel/GhostDrive/plugins/proto/storage.pb.go:660.41,661.14 1 0
github.com/CCoupel/GhostDrive/plugins/proto/storage.pb.go:661.14,663.3 1 0
github.com/CCoupel/GhostDrive/plugins/proto/storage.pb.go:664.2,664.11 1 0
github.com/CCoupel/GhostDrive/plugins/proto/storage.pb.go:674.34,679.2 4 0
github.com/CCoupel/GhostDrive/plugins/proto/storage.pb.go:681.42,683.2 1 0
github.com/CCoupel/GhostDrive/plugins/proto/storage.pb.go:685.40,685.41 0 0
github.com/CCoupel/GhostDrive/plugins/proto/storage.pb.go:687.62,689.14 2 0
github.com/CCoupel/GhostDrive/plugins/proto/storage.pb.go:689.14,691.34 2 0
github.com/CCoupel/GhostDrive/plugins/proto/storage.pb.go:691.34,693.4 1 0
github.com/CCoupel/GhostDrive/plugins/proto/storage.pb.go:694.3,694.12 1 0
github.com/CCoupel/GhostDrive/plugins/proto/storage.pb.go:696.2,696.24 1 0
github.com/CCoupel/GhostDrive/plugins/proto/storage.pb.go:700.53,702.2 1 0
github.com/CCoupel/GhostDrive/plugins/proto/storage.pb.go:704.58,705.14 1 0
github.com/CCoupel/GhostDrive/plugins/proto/storage.pb.go:705.14,707.3 1 0
github.com/CCoupel/GhostDrive/plugins/proto/storage.pb.go:708.2,708.12 1 0
github.com/CCoupel/GhostDrive/plugins/proto/storage.pb.go:718.35,723.2 4 0
github.com/CCoupel/GhostDrive/plugins/proto/storage.pb.go:725.43,727.2 1 0
github.com/CCoupel/GhostDrive/plugins/proto/storage.pb.go:729.41,729.42 0 0
github.com/CCoupel/GhostDrive/plugins/proto/storage.pb.go:731.63,733.14 2 0
github.com/CCoupel/GhostDrive/plugins/proto/storage.pb.go:733.14,735.34 2 0
github.com/CCoupel/GhostDrive/plugins/proto/storage.pb.go:735.34,737.4 1 0
github.com/CCoupel/GhostDrive/plugins/proto/storage.pb.go:738.3,738.12 1 0
github.com/CCoupel/GhostDrive/plugins/proto/storage.pb.go:740.2,740.24 1 0
github.com/CCoupel/GhostDrive/plugins/proto/storage.pb.go:744.54,746.2 1 0
github.com/CCoupel/GhostDrive/plugins/proto/storage.pb.go:748.45,749.14 1 0
github.com/CCoupel/GhostDrive/plugins/proto/storage.pb.go:749.14,751.3 1 0
github.com/CCoupel/GhostDrive/plugins/proto/storage.pb.go:752.2,752.11 1 0
github.com/CCoupel/GhostDrive/plugins/proto/storage.pb.go:761.37,766.2 4 0
github.com/CCoupel/GhostDrive/plugins/proto/storage.pb.go:768.45,770.2 1 0
github.com/CCoupel/GhostDrive/plugins/proto/storage.pb.go:772.43,772.44 0 0
github.com/CCoupel/GhostDrive/plugins/proto/storage.pb.go:774.65,776.14 2 0
github.com/CCoupel/GhostDrive/plugins/proto/storage.pb.go:776.14,778.34 2 0
github.com/CCoupel/GhostDrive/plugins/proto/storage.pb.go:778.34,780.4 1 0
github.com/CCoupel/GhostDrive/plugins/proto/storage.pb.go:781.3,781.12 1 0
github.com/CCoupel/GhostDrive/plugins/proto/storage.pb.go:783.2,783.24 1 0
github.com/CCoupel/GhostDrive/plugins/proto/storage.pb.go:787.56,789.2 1 0
github.com/CCoupel/GhostDrive/plugins/proto/storage.pb.go:798.38,803.2 4 0
github.com/CCoupel/GhostDrive/plugins/proto/storage.pb.go:805.46,807.2 1 0
github.com/CCoupel/GhostDrive/plugins/proto/storage.pb.go:809.44,809.45 0 0
github.com/CCoupel/GhostDrive/plugins/proto/storage.pb.go:811.66,813.14 2 0
github.com/CCoupel/GhostDrive/plugins/proto/storage.pb.go:813.14,815.34 2 0
github.com/CCoupel/GhostDrive/plugins/proto/storage.pb.go:815.34,817.4 1 0
github.com/CCoupel/GhostDrive/plugins/proto/storage.pb.go:818.3,818.12 1 0
github.com/CCoupel/GhostDrive/plugins/proto/storage.pb.go:820.2,820.24 1 0
github.com/CCoupel/GhostDrive/plugins/proto/storage.pb.go:824.57,826.2 1 0
github.com/CCoupel/GhostDrive/plugins/proto/storage.pb.go:828.48,829.14 1 0
github.com/CCoupel/GhostDrive/plugins/proto/storage.pb.go:829.14,831.3 1 0
github.com/CCoupel/GhostDrive/plugins/proto/storage.pb.go:832.2,832.11 1 0
github.com/CCoupel/GhostDrive/plugins/proto/storage.pb.go:841.38,846.2 4 0
github.com/CCoupel/GhostDrive/plugins/proto/storage.pb.go:848.46,850.2 1 0
github.com/CCoupel/GhostDrive/plugins/proto/storage.pb.go:852.44,852.45 0 0
github.com/CCoupel/GhostDrive/plugins/proto/storage.pb.go:854.66,856.14 2 0
github.com/CCoupel/GhostDrive/plugins/proto/storage.pb.go:856.14,858.34 2 0
github.com/CCoupel/GhostDrive/plugins/proto/storage.pb.go:858.34,860.4 1 0
github.com/CCoupel/GhostDrive/plugins/proto/storage.pb.go:861.3,861.12 1 0
github.com/CCoupel/GhostDrive/plugins/proto/storage.pb.go:863.2,863.24 1 0
github.com/CCoupel/GhostDrive/plugins/proto/storage.pb.go:867.57,869.2 1 0
github.com/CCoupel/GhostDrive/plugins/proto/storage.pb.go:878.39,883.2 4 0
github.com/CCoupel/GhostDrive/plugins/proto/storage.pb.go:885.47,887.2 1 0
github.com/CCoupel/GhostDrive/plugins/proto/storage.pb.go:889.45,889.46 0 0
github.com/CCoupel/GhostDrive/plugins/proto/storage.pb.go:891.67,893.14 2 0
github.com/CCoupel/GhostDrive/plugins/proto/storage.pb.go:893.14,895.34 2 0
github.com/CCoupel/GhostDrive/plugins/proto/storage.pb.go:895.34,897.4 1 0
github.com/CCoupel/GhostDrive/plugins/proto/storage.pb.go:898.3,898.12 1 0
github.com/CCoupel/GhostDrive/plugins/proto/storage.pb.go:900.2,900.24 1 0
github.com/CCoupel/GhostDrive/plugins/proto/storage.pb.go:904.58,906.2 1 0
github.com/CCoupel/GhostDrive/plugins/proto/storage.pb.go:908.51,909.14 1 0
github.com/CCoupel/GhostDrive/plugins/proto/storage.pb.go:909.14,911.3 1 0
github.com/CCoupel/GhostDrive/plugins/proto/storage.pb.go:912.2,912.14 1 0
github.com/CCoupel/GhostDrive/plugins/proto/storage.pb.go:922.33,927.2 4 0
github.com/CCoupel/GhostDrive/plugins/proto/storage.pb.go:929.41,931.2 1 0
github.com/CCoupel/GhostDrive/plugins/proto/storage.pb.go:933.39,933.40 0 0
github.com/CCoupel/GhostDrive/plugins/proto/storage.pb.go:935.61,937.14 2 0
github.com/CCoupel/GhostDrive/plugins/proto/storage.pb.go:937.14,939.34 2 0
github.com/CCoupel/GhostDrive/plugins/proto/storage.pb.go:939.34,941.4 1 0
github.com/CCoupel/GhostDrive/plugins/proto/storage.pb.go:942.3,942.12 1 0
github.com/CCoupel/GhostDrive/plugins/proto/storage.pb.go:944.2,944.24 1 0
github.com/CCoupel/GhostDrive/plugins/proto/storage.pb.go:948.52,950.2 1 0
github.com/CCoupel/GhostDrive/plugins/proto/storage.pb.go:952.42,953.14 1 0
github.com/CCoupel/GhostDrive/plugins/proto/storage.pb.go:953.14,955.3 1 0
github.com/CCoupel/GhostDrive/plugins/proto/storage.pb.go:956.2,956.11 1 0
github.com/CCoupel/GhostDrive/plugins/proto/storage.pb.go:966.34,971.2 4 0
github.com/CCoupel/GhostDrive/plugins/proto/storage.pb.go:973.42,975.2 1 0
github.com/CCoupel/GhostDrive/plugins/proto/storage.pb.go:977.40,977.41 0 0
github.com/CCoupel/GhostDrive/plugins/proto/storage.pb.go:979.62,981.14 2 0
github.com/CCoupel/GhostDrive/plugins/proto/storage.pb.go:981.14,983.34 2 0
github.com/CCoupel/GhostDrive/plugins/proto/storage.pb.go:983.34,985.4 1 0
github.com/CCoupel/GhostDrive/plugins/proto/storage.pb.go:986.3,986.12 1 0
github.com/CCoupel/GhostDrive/plugins/proto/storage.pb.go:988.2,988.24 1 0
github.com/CCoupel/GhostDrive/plugins/proto/storage.pb.go:992.53,994.2 1 0
github.com/CCoupel/GhostDrive/plugins/proto/storage.pb.go:996.44,997.14 1 0
github.com/CCoupel/GhostDrive/plugins/proto/storage.pb.go:997.14,999.3 1 0
github.com/CCoupel/GhostDrive/plugins/proto/storage.pb.go:1000.2,1000.11 1 0
github.com/CCoupel/GhostDrive/plugins/proto/storage.pb.go:1011.31,1016.2 4 0
github.com/CCoupel/GhostDrive/plugins/proto/storage.pb.go:1018.39,1020.2 1 0
github.com/CCoupel/GhostDrive/plugins/proto/storage.pb.go:1022.37,1022.38 0 0
github.com/CCoupel/GhostDrive/plugins/proto/storage.pb.go:1024.59,1026.14 2 0
github.com/CCoupel/GhostDrive/plugins/proto/storage.pb.go:1026.14,1028.34 2 0
github.com/CCoupel/GhostDrive/plugins/proto/storage.pb.go:1028.34,1030.4 1 0
github.com/CCoupel/GhostDrive/plugins/proto/storage.pb.go:1031.3,1031.12 1 0
github.com/CCoupel/GhostDrive/plugins/proto/storage.pb.go:1033.2,1033.24 1 0
github.com/CCoupel/GhostDrive/plugins/proto/storage.pb.go:1037.50,1039.2 1 0
github.com/CCoupel/GhostDrive/plugins/proto/storage.pb.go:1041.43,1042.14 1 0
github.com/CCoupel/GhostDrive/plugins/proto/storage.pb.go:1042.14,1044.3 1 0
github.com/CCoupel/GhostDrive/plugins/proto/storage.pb.go:1045.2,1045.11 1 0
github.com/CCoupel/GhostDrive/plugins/proto/storage.pb.go:1048.43,1049.14 1 0
github.com/CCoupel/GhostDrive/plugins/proto/storage.pb.go:1049.14,1051.3 1 0
github.com/CCoupel/GhostDrive/plugins/proto/storage.pb.go:1052.2,1052.11 1 0
github.com/CCoupel/GhostDrive/plugins/proto/storage.pb.go:1062.32,1067.2 4 0
github.com/CCoupel/GhostDrive/plugins/proto/storage.pb.go:1069.40,1071.2 1 0
github.com/CCoupel/GhostDrive/plugins/proto/storage.pb.go:1073.38,1073.39 0 0
github.com/CCoupel/GhostDrive/plugins/proto/storage.pb.go:1075.60,1077.14 2 0
github.com/CCoupel/GhostDrive/plugins/proto/storage.pb.go:1077.14,1079.34 2 0
github.com/CCoupel/GhostDrive/plugins/proto/storage.pb.go:1079.34,1081.4 1 0
github.com/CCoupel/GhostDrive/plugins/proto/storage.pb.go:1082.3,1082.12 1 0
github.com/CCoupel/GhostDrive/plugins/proto/storage.pb.go:1084.2,1084.24 1 0
github.com/CCoupel/GhostDrive/plugins/proto/storage.pb.go:1088.51,1090.2 1 0
github.com/CCoupel/GhostDrive/plugins/proto/storage.pb.go:1092.42,1093.14 1 0
github.com/CCoupel/GhostDrive/plugins/proto/storage.pb.go:1093.14,1095.3 1 0
github.com/CCoupel/GhostDrive/plugins/proto/storage.pb.go:1096.2,1096.11 1 0
github.com/CCoupel/GhostDrive/plugins/proto/storage.pb.go:1106.31,1111.2 4 0
github.com/CCoupel/GhostDrive/plugins/proto/storage.pb.go:1113.39,1115.2 1 0
github.com/CCoupel/GhostDrive/plugins/proto/storage.pb.go:1117.37,1117.38 0 0
github.com/CCoupel/GhostDrive/plugins/proto/storage.pb.go:1119.59,1121.14 2 0
github.com/CCoupel/GhostDrive/plugins/proto/storage.pb.go:1121.14,1123.34 2 0
github.com/CCoupel/GhostDrive/plugins/proto/storage.pb.go:1123.34,1125.4 1 0
github.com/CCoupel/GhostDrive/plugins/proto/storage.pb.go:1126.3,1126.12 1 0
github.com/CCoupel/GhostDrive/plugins/proto/storage.pb.go:1128.2,1128.24 1 0
github.com/CCoupel/GhostDrive/plugins/proto/storage.pb.go:1132.50,1134.2 1 0
github.com/CCoupel/GhostDrive/plugins/proto/storage.pb.go:1136.40,1137.14 1 0
github.com/CCoupel/GhostDrive/plugins/proto/storage.pb.go:1137.14,1139.3 1 0
github.com/CCoupel/GhostDrive/plugins/proto/storage.pb.go:1140.2,1140.11 1 0
github.com/CCoupel/GhostDrive/plugins/proto/storage.pb.go:1151.32,1156.2 4 0
github.com/CCoupel/GhostDrive/plugins/proto/storage.pb.go:1158.40,1160.2 1 0
github.com/CCoupel/GhostDrive/plugins/proto/storage.pb.go:1162.38,1162.39 0 0
github.com/CCoupel/GhostDrive/plugins/proto/storage.pb.go:1164.60,1166.14 2 0
github.com/CCoupel/GhostDrive/plugins/proto/storage.pb.go:1166.14,1168.34 2 0
github.com/CCoupel/GhostDrive/plugins/proto/storage.pb.go:1168.34,1170.4 1 0
github.com/CCoupel/GhostDrive/plugins/proto/storage.pb.go:1171.3,1171.12 1 0
github.com/CCoupel/GhostDrive/plugins/proto/storage.pb.go:1173.2,1173.24 1 0
github.com/CCoupel/GhostDrive/plugins/proto/storage.pb.go:1177.51,1179.2 1 0
github.com/CCoupel/GhostDrive/plugins/proto/storage.pb.go:1181.52,1182.14 1 0
github.com/CCoupel/GhostDrive/plugins/proto/storage.pb.go:1182.14,1184.3 1 0
github.com/CCoupel/GhostDrive/plugins/proto/storage.pb.go:1185.2,1185.12 1 0
github.com/CCoupel/GhostDrive/plugins/proto/storage.pb.go:1188.42,1189.14 1 0
github.com/CCoupel/GhostDrive/plugins/proto/storage.pb.go:1189.14,1191.3 1 0
github.com/CCoupel/GhostDrive/plugins/proto/storage.pb.go:1192.2,1192.11 1 0
github.com/CCoupel/GhostDrive/plugins/proto/storage.pb.go:1202.31,1207.2 4 0
github.com/CCoupel/GhostDrive/plugins/proto/storage.pb.go:1209.39,1211.2 1 0
github.com/CCoupel/GhostDrive/plugins/proto/storage.pb.go:1213.37,1213.38 0 0
github.com/CCoupel/GhostDrive/plugins/proto/storage.pb.go:1215.59,1217.14 2 0
github.com/CCoupel/GhostDrive/plugins/proto/storage.pb.go:1217.14,1219.34 2 0
github.com/CCoupel/GhostDrive/plugins/proto/storage.pb.go:1219.34,1221.4 1 0
github.com/CCoupel/GhostDrive/plugins/proto/storage.pb.go:1222.3,1222.12 1 0
github.com/CCoupel/GhostDrive/plugins/proto/storage.pb.go:1224.2,1224.24 1 0
github.com/CCoupel/GhostDrive/plugins/proto/storage.pb.go:1228.50,1230.2 1 0
github.com/CCoupel/GhostDrive/plugins/proto/storage.pb.go:1232.40,1233.14 1 0
github.com/CCoupel/GhostDrive/plugins/proto/storage.pb.go:1233.14,1235.3 1 0
github.com/CCoupel/GhostDrive/plugins/proto/storage.pb.go:1236.2,1236.11 1 0
github.com/CCoupel/GhostDrive/plugins/proto/storage.pb.go:1247.32,1252.2 4 0
github.com/CCoupel/GhostDrive/plugins/proto/storage.pb.go:1254.40,1256.2 1 0
github.com/CCoupel/GhostDrive/plugins/proto/storage.pb.go:1258.38,1258.39 0 0
github.com/CCoupel/GhostDrive/plugins/proto/storage.pb.go:1260.60,1262.14 2 0
github.com/CCoupel/GhostDrive/plugins/proto/storage.pb.go:1262.14,1264.34 2 0
github.com/CCoupel/GhostDrive/plugins/proto/storage.pb.go:1264.34,1266.4 1 0
github.com/CCoupel/GhostDrive/plugins/proto/storage.pb.go:1267.3,1267.12 1 0
github.com/CCoupel/GhostDrive/plugins/proto/storage.pb.go:1269.2,1269.24 1 0
github.com/CCoupel/GhostDrive/plugins/proto/storage.pb.go:1273.51,1275.2 1 0
github.com/CCoupel/GhostDrive/plugins/proto/storage.pb.go:1277.49,1278.14 1 0
github.com/CCoupel/GhostDrive/plugins/proto/storage.pb.go:1278.14,1280.3 1 0
github.com/CCoupel/GhostDrive/plugins/proto/storage.pb.go:1281.2,1281.12 1 0
github.com/CCoupel/GhostDrive/plugins/proto/storage.pb.go:1284.42,1285.14 1 0
github.com/CCoupel/GhostDrive/plugins/proto/storage.pb.go:1285.14,1287.3 1 0
github.com/CCoupel/GhostDrive/plugins/proto/storage.pb.go:1288.2,1288.11 1 0
github.com/CCoupel/GhostDrive/plugins/proto/storage.pb.go:1298.36,1303.2 4 0
github.com/CCoupel/GhostDrive/plugins/proto/storage.pb.go:1305.44,1307.2 1 0
github.com/CCoupel/GhostDrive/plugins/proto/storage.pb.go:1309.42,1309.43 0 0
github.com/CCoupel/GhostDrive/plugins/proto/storage.pb.go:1311.64,1313.14 2 0
github.com/CCoupel/GhostDrive/plugins/proto/storage.pb.go:1313.14,1315.34 2 0
github.com/CCoupel/GhostDrive/plugins/proto/storage.pb.go:1315.34,1317.4 1 0
github.com/CCoupel/GhostDrive/plugins/proto/storage.pb.go:1318.3,1318.12 1 0
github.com/CCoupel/GhostDrive/plugins/proto/storage.pb.go:1320.2,1320.24 1 0
github.com/CCoupel/GhostDrive/plugins/proto/storage.pb.go:1324.55,1326.2 1 0
github.com/CCoupel/GhostDrive/plugins/proto/storage.pb.go:1328.45,1329.14 1 0
github.com/CCoupel/GhostDrive/plugins/proto/storage.pb.go:1329.14,1331.3 1 0
github.com/CCoupel/GhostDrive/plugins/proto/storage.pb.go:1332.2,1332.11 1 0
github.com/CCoupel/GhostDrive/plugins/proto/storage.pb.go:1342.37,1347.2 4 0
github.com/CCoupel/GhostDrive/plugins/proto/storage.pb.go:1349.45,1351.2 1 0
github.com/CCoupel/GhostDrive/plugins/proto/storage.pb.go:1353.43,1353.44 0 0
github.com/CCoupel/GhostDrive/plugins/proto/storage.pb.go:1355.65,1357.14 2 0
github.com/CCoupel/GhostDrive/plugins/proto/storage.pb.go:1357.14,1359.34 2 0
github.com/CCoupel/GhostDrive/plugins/proto/storage.pb.go:1359.34,1361.4 1 0
github.com/CCoupel/GhostDrive/plugins/proto/storage.pb.go:1362.3,1362.12 1 0
github.com/CCoupel/GhostDrive/plugins/proto/storage.pb.go:1364.2,1364.24 1 0
github.com/CCoupel/GhostDrive/plugins/proto/storage.pb.go:1368.56,1370.2 1 0
github.com/CCoupel/GhostDrive/plugins/proto/storage.pb.go:1372.47,1373.14 1 0
github.com/CCoupel/GhostDrive/plugins/proto/storage.pb.go:1373.14,1375.3 1 0
github.com/CCoupel/GhostDrive/plugins/proto/storage.pb.go:1376.2,1376.11 1 0
github.com/CCoupel/GhostDrive/plugins/proto/storage.pb.go:1386.32,1391.2 4 0
github.com/CCoupel/GhostDrive/plugins/proto/storage.pb.go:1393.40,1395.2 1 0
github.com/CCoupel/GhostDrive/plugins/proto/storage.pb.go:1397.38,1397.39 0 0
github.com/CCoupel/GhostDrive/plugins/proto/storage.pb.go:1399.60,1401.14 2 0
github.com/CCoupel/GhostDrive/plugins/proto/storage.pb.go:1401.14,1403.34 2 0
github.com/CCoupel/GhostDrive/plugins/proto/storage.pb.go:1403.34,1405.4 1 0
github.com/CCoupel/GhostDrive/plugins/proto/storage.pb.go:1406.3,1406.12 1 0
github.com/CCoupel/GhostDrive/plugins/proto/storage.pb.go:1408.2,1408.24 1 0
github.com/CCoupel/GhostDrive/plugins/proto/storage.pb.go:1412.51,1414.2 1 0
github.com/CCoupel/GhostDrive/plugins/proto/storage.pb.go:1416.41,1417.14 1 0
github.com/CCoupel/GhostDrive/plugins/proto/storage.pb.go:1417.14,1419.3 1 0
github.com/CCoupel/GhostDrive/plugins/proto/storage.pb.go:1420.2,1420.11 1 0
github.com/CCoupel/GhostDrive/plugins/proto/storage.pb.go:1432.30,1437.2 4 0
github.com/CCoupel/GhostDrive/plugins/proto/storage.pb.go:1439.38,1441.2 1 0
github.com/CCoupel/GhostDrive/plugins/proto/storage.pb.go:1443.36,1443.37 0 0
github.com/CCoupel/GhostDrive/plugins/proto/storage.pb.go:1445.58,1447.14 2 0
github.com/CCoupel/GhostDrive/plugins/proto/storage.pb.go:1447.14,1449.34 2 0
github.com/CCoupel/GhostDrive/plugins/proto/storage.pb.go:1449.34,1451.4 1 0
github.com/CCoupel/GhostDrive/plugins/proto/storage.pb.go:1452.3,1452.12 1 0
github.com/CCoupel/GhostDrive/plugins/proto/storage.pb.go:1454.2,1454.24 1 0
github.com/CCoupel/GhostDrive/plugins/proto/storage.pb.go:1458.49,1460.2 1 0
github.com/CCoupel/GhostDrive/plugins/proto/storage.pb.go:1462.49,1463.14 1 0
github.com/CCoupel/GhostDrive/plugins/proto/storage.pb.go:1463.14,1465.3 1 0
github.com/CCoupel/GhostDrive/plugins/proto/storage.pb.go:1466.2,1466.12 1 0
github.com/CCoupel/GhostDrive/plugins/proto/storage.pb.go:1469.40,1470.14 1 0
github.com/CCoupel/GhostDrive/plugins/proto/storage.pb.go:1470.14,1472.3 1 0
github.com/CCoupel/GhostDrive/plugins/proto/storage.pb.go:1473.2,1473.11 1 0
github.com/CCoupel/GhostDrive/plugins/proto/storage.pb.go:1482.32,1487.2 4 0
github.com/CCoupel/GhostDrive/plugins/proto/storage.pb.go:1489.40,1491.2 1 0
github.com/CCoupel/GhostDrive/plugins/proto/storage.pb.go:1493.38,1493.39 0 0
github.com/CCoupel/GhostDrive/plugins/proto/storage.pb.go:1495.60,1497.14 2 0
github.com/CCoupel/GhostDrive/plugins/proto/storage.pb.go:1497.14,1499.34 2 0
github.com/CCoupel/GhostDrive/plugins/proto/storage.pb.go:1499.34,1501.4 1 0
github.com/CCoupel/GhostDrive/plugins/proto/storage.pb.go:1502.3,1502.12 1 0
github.com/CCoupel/GhostDrive/plugins/proto/storage.pb.go:1504.2,1504.24 1 0
github.com/CCoupel/GhostDrive/plugins/proto/storage.pb.go:1508.51,1510.2 1 0
github.com/CCoupel/GhostDrive/plugins/proto/storage.pb.go:1525.33,1530.2 4 0
github.com/CCoupel/GhostDrive/plugins/proto/storage.pb.go:1532.41,1534.2 1 0
github.com/CCoupel/GhostDrive/plugins/proto/storage.pb.go:1536.39,1536.40 0 0
github.com/CCoupel/GhostDrive/plugins/proto/storage.pb.go:1538.61,1540.14 2 0
github.com/CCoupel/GhostDrive/plugins/proto/storage.pb.go:1540.14,1542.34 2 0
github.com/CCoupel/GhostDrive/plugins/proto/storage.pb.go:1542.34,1544.4 1 0
github.com/CCoupel/GhostDrive/plugins/proto/storage.pb.go:1545.3,1545.12 1 0
github.com/CCoupel/GhostDrive/plugins/proto/storage.pb.go:1547.2,1547.24 1 0
github.com/CCoupel/GhostDrive/plugins/proto/storage.pb.go:1551.52,1553.2 1 0
github.com/CCoupel/GhostDrive/plugins/proto/storage.pb.go:1555.41,1556.14 1 0
github.com/CCoupel/GhostDrive/plugins/proto/storage.pb.go:1556.14,1558.3 1 0
github.com/CCoupel/GhostDrive/plugins/proto/storage.pb.go:1559.2,1559.10 1 0
github.com/CCoupel/GhostDrive/plugins/proto/storage.pb.go:1562.42,1563.14 1 0
github.com/CCoupel/GhostDrive/plugins/proto/storage.pb.go:1563.14,1565.3 1 0
github.com/CCoupel/GhostDrive/plugins/proto/storage.pb.go:1566.2,1566.10 1 0
github.com/CCoupel/GhostDrive/plugins/proto/storage.pb.go:1569.43,1570.14 1 0
github.com/CCoupel/GhostDrive/plugins/proto/storage.pb.go:1570.14,1572.3 1 0
github.com/CCoupel/GhostDrive/plugins/proto/storage.pb.go:1573.2,1573.11 1 0
github.com/CCoupel/GhostDrive/plugins/proto/storage.pb.go:1586.33,1591.2 4 0
github.com/CCoupel/GhostDrive/plugins/proto/storage.pb.go:1593.41,1595.2 1 0
github.com/CCoupel/GhostDrive/plugins/proto/storage.pb.go:1597.39,1597.40 0 0
github.com/CCoupel/GhostDrive/plugins/proto/storage.pb.go:1599.61,1601.14 2 0
github.com/CCoupel/GhostDrive/plugins/proto/storage.pb.go:1601.14,1603.34 2 0
github.com/CCoupel/GhostDrive/plugins/proto/storage.pb.go:1603.34,1605.4 1 0
github.com/CCoupel/GhostDrive/plugins/proto/storage.pb.go:1606.3,1606.12 1 0
github.com/CCoupel/GhostDrive/plugins/proto/storage.pb.go:1608.2,1608.24 1 0
github.com/CCoupel/GhostDrive/plugins/proto/storage.pb.go:1612.52,1614.2 1 0
github.com/CCoupel/GhostDrive/plugins/proto/storage.pb.go:1616.48,1617.14 1 0
github.com/CCoupel/GhostDrive/plugins/proto/storage.pb.go:1617.14,1619.3 1 0
github.com/CCoupel/GhostDrive/plugins/proto/storage.pb.go:1620.2,1620.11 1 0
github.com/CCoupel/GhostDrive/plugins/proto/storage.pb.go:1623.43,1624.14 1 0
github.com/CCoupel/GhostDrive/plugins/proto/storage.pb.go:1624.14,1626.3 1 0
github.com/CCoupel/GhostDrive/plugins/proto/storage.pb.go:1627.2,1627.10 1 0
github.com/CCoupel/GhostDrive/plugins/proto/storage.pb.go:1630.43,1631.14 1 0
github.com/CCoupel/GhostDrive/plugins/proto/storage.pb.go:1631.14,1633.3 1 0
github.com/CCoupel/GhostDrive/plugins/proto/storage.pb.go:1634.2,1634.10 1 0
github.com/CCoupel/GhostDrive/plugins/proto/storage.pb.go:1646.34,1651.2 4 0
github.com/CCoupel/GhostDrive/plugins/proto/storage.pb.go:1653.42,1655.2 1 0
github.com/CCoupel/GhostDrive/plugins/proto/storage.pb.go:1657.40,1657.41 0 0
github.com/CCoupel/GhostDrive/plugins/proto/storage.pb.go:1659.62,1661.14 2 0
github.com/CCoupel/GhostDrive/plugins/proto/storage.pb.go:1661.14,1663.34 2 0
github.com/CCoupel/GhostDrive/plugins/proto/storage.pb.go:1663.34,1665.4 1 0
github.com/CCoupel/GhostDrive/plugins/proto/storage.pb.go:1666.3,1666.12 1 0
github.com/CCoupel/GhostDrive/plugins/proto/storage.pb.go:1668.2,1668.24 1 0
github.com/CCoupel/GhostDrive/plugins/proto/storage.pb.go:1672.53,1674.2 1 0
github.com/CCoupel/GhostDrive/plugins/proto/storage.pb.go:1676.43,1677.14 1 0
github.com/CCoupel/GhostDrive/plugins/proto/storage.pb.go:1677.14,1679.3 1 0
github.com/CCoupel/GhostDrive/plugins/proto/storage.pb.go:1680.2,1680.12 1 0
github.com/CCoupel/GhostDrive/plugins/proto/storage.pb.go:1683.44,1684.14 1 0
github.com/CCoupel/GhostDrive/plugins/proto/storage.pb.go:1684.14,1686.3 1 0
github.com/CCoupel/GhostDrive/plugins/proto/storage.pb.go:1687.2,1687.11 1 0
github.com/CCoupel/GhostDrive/plugins/proto/storage.pb.go:1697.36,1702.2 4 0
github.com/CCoupel/GhostDrive/plugins/proto/storage.pb.go:1704.44,1706.2 1 0
github.com/CCoupel/GhostDrive/plugins/proto/storage.pb.go:1708.42,1708.43 0 0
github.com/CCoupel/GhostDrive/plugins/proto/storage.pb.go:1710.64,1712.14 2 0
github.com/CCoupel/GhostDrive/plugins/proto/storage.pb.go:1712.14,1714.34 2 0
github.com/CCoupel/GhostDrive/plugins/proto/storage.pb.go:1714.34,1716.4 1 0
github.com/CCoupel/GhostDrive/plugins/proto/storage.pb.go:1717.3,1717.12 1 0
github.com/CCoupel/GhostDrive/plugins/proto/storage.pb.go:1719.2,1719.24 1 0
github.com/CCoupel/GhostDrive/plugins/proto/storage.pb.go:1723.55,1725.2 1 0
github.com/CCoupel/GhostDrive/plugins/proto/storage.pb.go:1736.37,1741.2 4 0
github.com/CCoupel/GhostDrive/plugins/proto/storage.pb.go:1743.45,1745.2 1 0
github.com/CCoupel/GhostDrive/plugins/proto/storage.pb.go:1747.43,1747.44 0 0
github.com/CCoupel/GhostDrive/plugins/proto/storage.pb.go:1749.65,1751.14 2 0
github.com/CCoupel/GhostDrive/plugins/proto/storage.pb.go:1751.14,1753.34 2 0
github.com/CCoupel/GhostDrive/plugins/proto/storage.pb.go:1753.34,1755.4 1 0
github.com/CCoupel/GhostDrive/plugins/proto/storage.pb.go:1756.3,1756.12 1 0
github.com/CCoupel/GhostDrive/plugins/proto/storage.pb.go:1758.2,1758.24 1 0
github.com/CCoupel/GhostDrive/plugins/proto/storage.pb.go:1762.56,1764.2 1 0
github.com/CCoupel/GhostDrive/plugins/proto/storage.pb.go:1766.50,1767.14 1 0
github.com/CCoupel/GhostDrive/plugins/proto/storage.pb.go:1767.14,1769.3 1 0
github.com/CCoupel/GhostDrive/plugins/proto/storage.pb.go:1770.2,1770.10 1 0
github.com/CCoupel/GhostDrive/plugins/proto/storage.pb.go:1787.34,1792.2 4 0
github.com/CCoupel/GhostDrive/plugins/proto/storage.pb.go:1794.42,1796.2 1 0
github.com/CCoupel/GhostDrive/plugins/proto/storage.pb.go:1798.40,1798.41 0 0
github.com/CCoupel/GhostDrive/plugins/proto/storage.pb.go:1800.62,1802.14 2 0
github.com/CCoupel/GhostDrive/plugins/proto/storage.pb.go:1802.14,1804.34 2 0
github.com/CCoupel/GhostDrive/plugins/proto/storage.pb.go:1804.34,1806.4 1 0
github.com/CCoupel/GhostDrive/plugins/proto/storage.pb.go:1807.3,1807.12 1 0
github.com/CCoupel/GhostDrive/plugins/proto/storage.pb.go:1809.2,1809.24 1 0
github.com/CCoupel/GhostDrive/plugins/proto/storage.pb.go:1813.53,1815.2 1 0
github.com/CCoupel/GhostDrive/plugins/proto/storage.pb.go:1817.42,1818.14 1 0
github.com/CCoupel/GhostDrive/plugins/proto/storage.pb.go:1818.14,1820.3 1 0
github.com/CCoupel/GhostDrive/plugins/proto/storage.pb.go:1821.2,1821.11 1 0
github.com/CCoupel/GhostDrive/plugins/proto/storage.pb.go:1824.44,1825.14 1 0
github.com/CCoupel/GhostDrive/plugins/proto/storage.pb.go:1825.14,1827.3 1 0
github.com/CCoupel/GhostDrive/plugins/proto/storage.pb.go:1828.2,1828.11 1 0
github.com/CCoupel/GhostDrive/plugins/proto/storage.pb.go:1831.43,1832.14 1 0
github.com/CCoupel/GhostDrive/plugins/proto/storage.pb.go:1832.14,1834.3 1 0
github.com/CCoupel/GhostDrive/plugins/proto/storage.pb.go:1835.2,1835.11 1 0
github.com/CCoupel/GhostDrive/plugins/proto/storage.pb.go:1838.45,1839.14 1 0
github.com/CCoupel/GhostDrive/plugins/proto/storage.pb.go:1839.14,1841.3 1 0
github.com/CCoupel/GhostDrive/plugins/proto/storage.pb.go:1842.2,1842.14 1 0
github.com/CCoupel/GhostDrive/plugins/proto/storage.pb.go:1845.49,1846.14 1 0
github.com/CCoupel/GhostDrive/plugins/proto/storage.pb.go:1846.14,1848.3 1 0
github.com/CCoupel/GhostDrive/plugins/proto/storage.pb.go:1849.2,1849.11 1 0
github.com/CCoupel/GhostDrive/plugins/proto/storage.pb.go:1852.50,1853.14 1 0
github.com/CCoupel/GhostDrive/plugins/proto/storage.pb.go:1853.14,1855.3 1 0
github.com/CCoupel/GhostDrive/plugins/proto/storage.pb.go:1856.2,1856.11 1 0
github.com/CCoupel/GhostDrive/plugins/proto/storage.pb.go:1859.48,1860.14 1 0
github.com/CCoupel/GhostDrive/plugins/proto/storage.pb.go:1860.14,1862.3 1 0
github.com/CCoupel/GhostDrive/plugins/proto/storage.pb.go:1863.2,1863.12 1 0
github.com/CCoupel/GhostDrive/plugins/proto/storage.pb.go:1866.47,1867.14 1 0
github.com/CCoupel/GhostDrive/plugins/proto/storage.pb.go:1867.14,1869.3 1 0
github.com/CCoupel/GhostDrive/plugins/proto/storage.pb.go:1870.2,1870.11 1 0
github.com/CCoupel/GhostDrive/plugins/proto/storage.pb.go:1879.35,1884.2 4 0
github.com/CCoupel/GhostDrive/plugins/proto/storage.pb.go:1886.43,1888.2 1 0
github.com/CCoupel/GhostDrive/plugins/proto/storage.pb.go:1890.41,1890.42 0 0
github.com/CCoupel/GhostDrive/plugins/proto/storage.pb.go:1892.63,1894.14 2 0
github.com/CCoupel/GhostDrive/plugins/proto/storage.pb.go:1894.14,1896.34 2 0
github.com/CCoupel/GhostDrive/plugins/proto/storage.pb.go:1896.34,1898.4 1 0
github.com/CCoupel/GhostDrive/plugins/proto/storage.pb.go:1899.3,1899.12 1 0
github.com/CCoupel/GhostDrive/plugins/proto/storage.pb.go:1901.2,1901.24 1 0
github.com/CCoupel/GhostDrive/plugins/proto/storage.pb.go:1905.54,1907.2 1 0
github.com/CCoupel/GhostDrive/plugins/proto/storage.pb.go:1920.36,1925.2 4 0
github.com/CCoupel/GhostDrive/plugins/proto/storage.pb.go:1927.44,1929.2 1 0
github.com/CCoupel/GhostDrive/plugins/proto/storage.pb.go:1931.42,1931.43 0 0
github.com/CCoupel/GhostDrive/plugins/proto/storage.pb.go:1933.64,1935.14 2 0
github.com/CCoupel/GhostDrive/plugins/proto/storage.pb.go:1935.14,1937.34 2 0
github.com/CCoupel/GhostDrive/plugins/proto/storage.pb.go:1937.34,1939.4 1 0
github.com/CCoupel/GhostDrive/plugins/proto/storage.pb.go:1940.3,1940.12 1 0
github.com/CCoupel/GhostDrive/plugins/proto/storage.pb.go:1942.2,1942.24 1 0
github.com/CCoupel/GhostDrive/plugins/proto/storage.pb.go:1946.55,1948.2 1 0
github.com/CCoupel/GhostDrive/plugins/proto/storage.pb.go:1950.45,1951.14 1 0
github.com/CCoupel/GhostDrive/plugins/proto/storage.pb.go:1951.14,1953.3 1 0
github.com/CCoupel/GhostDrive/plugins/proto/storage.pb.go:1954.2,1954.11 1 0
github.com/CCoupel/GhostDrive/plugins/proto/storage.pb.go:1957.52,1958.14 1 0
github.com/CCoupel/GhostDrive/plugins/proto/storage.pb.go:1958.14,1960.3 1 0
github.com/CCoupel/GhostDrive/plugins/proto/storage.pb.go:1961.2,1961.11 1 0
github.com/CCoupel/GhostDrive/plugins/proto/storage.pb.go:1964.52,1965.14 1 0
github.com/CCoupel/GhostDrive/plugins/proto/storage.pb.go:1965.14,1967.3 1 0
github.com/CCoupel/GhostDrive/plugins/proto/storage.pb.go:1968.2,1968.11 1 0
github.com/CCoupel/GhostDrive/plugins/proto/storage.pb.go:1971.58,1972.14 1 0
github.com/CCoupel/GhostDrive/plugins/proto/storage.pb.go:1972.14,1974.3 1 0
github.com/CCoupel/GhostDrive/plugins/proto/storage.pb.go:1975.2,1975.12 1 0
github.com/CCoupel/GhostDrive/plugins/proto/storage.pb.go:1978.48,1979.14 1 0
github.com/CCoupel/GhostDrive/plugins/proto/storage.pb.go:1979.14,1981.3 1 0
github.com/CCoupel/GhostDrive/plugins/proto/storage.pb.go:1982.2,1982.11 1 0
github.com/CCoupel/GhostDrive/plugins/proto/storage.pb.go:2148.60,2149.57 1 0
github.com/CCoupel/GhostDrive/plugins/proto/storage.pb.go:2149.57,2151.3 1 0
github.com/CCoupel/GhostDrive/plugins/proto/storage.pb.go:2152.2,2152.53 1 0
github.com/CCoupel/GhostDrive/plugins/proto/storage.pb.go:2241.13,2241.56 1 0
github.com/CCoupel/GhostDrive/plugins/proto/storage.pb.go:2242.46,2243.45 1 0
github.com/CCoupel/GhostDrive/plugins/proto/storage.pb.go:2243.45,2245.3 1 0
github.com/CCoupel/GhostDrive/plugins/proto/storage.pb.go:2246.2,2262.48 5 0
github.com/CCoupel/GhostDrive/plugins/proto/storage_grpc.pb.go:78.80,80.2 1 0
github.com/CCoupel/GhostDrive/plugins/proto/storage_grpc.pb.go:82.123,86.16 4 0
github.com/CCoupel/GhostDrive/plugins/proto/storage_grpc.pb.go:86.16,88.3 1 0
github.com/CCoupel/GhostDrive/plugins/proto/storage_grpc.pb.go:89.2,89.17 1 0
github.com/CCoupel/GhostDrive/plugins/proto/storage_grpc.pb.go:92.132,96.16 4 0
github.com/CCoupel/GhostDrive/plugins/proto/storage_grpc.pb.go:96.16,98.3 1 0
github.com/CCoupel/GhostDrive/plugins/proto/storage_grpc.pb.go:99.2,99.17 1 0
github.com/CCoupel/GhostDrive/plugins/proto/storage_grpc.pb.go:102.141,106.16 4 0
github.com/CCoupel/GhostDrive/plugins/proto/storage_grpc.pb.go:106.16,108.3 1 0
github.com/CCoupel/GhostDrive/plugins/proto/storage_grpc.pb.go:109.2,109.17 1 0
github.com/CCoupel/GhostDrive/plugins/proto/storage_grpc.pb.go:112.144,116.16 4 0
github.com/CCoupel/GhostDrive/plugins/proto/storage_grpc.pb.go:116.16,118.3 1 0
github.com/CCoupel/GhostDrive/plugins/proto/storage_grpc.pb.go:119.2,119.17 1 0
github.com/CCoupel/GhostDrive/plugins/proto/storage_grpc.pb.go:122.148,125.16 3 0
github.com/CCoupel/GhostDrive/plugins/proto/storage_grpc.pb.go:125.16,127.3 1 0
github.com/CCoupel/GhostDrive/plugins/proto/storage_grpc.pb.go:128.2,129.15 2 0
github.com/CCoupel/GhostDrive/plugins/proto/storage_grpc.pb.go:135.159,138.16 3 0
github.com/CCoupel/GhostDrive/plugins/proto/storage_grpc.pb.go:138.16,140.3 1 0
github.com/CCoupel/GhostDrive/plugins/proto/storage_grpc.pb.go:141.2,142.51 2 0
github.com/CCoupel/GhostDrive/plugins/proto/storage_grpc.pb.go:142.51,144.3 1 0
github.com/CCoupel/GhostDrive/plugins/proto/storage_grpc.pb.go:145.2,145.51 1 0
github.com/CCoupel/GhostDrive/plugins/proto/storage_grpc.pb.go:145.51,147.3 1 0
github.com/CCoupel/GhostDrive/plugins/proto/storage_grpc.pb.go:148.2,148.15 1 0
github.com/CCoupel/GhostDrive/plugins/proto/storage_grpc.pb.go:154.129,158.16 4 0
github.com/CCoupel/GhostDrive/plugins/proto/storage_grpc.pb.go:158.16,160.3 1 0
github.com/CCoupel/GhostDrive/plugins/proto/storage_grpc.pb.go:161.2,161.17 1 0
github.com/CCoupel/GhostDrive/plugins/proto/storage_grpc.pb.go:164.123,168.16 4 0
github.com/CCoupel/GhostDrive/plugins/proto/storage_grpc.pb.go:168.16,170.3 1 0
github.com/CCoupel/GhostDrive/plugins/proto/storage_grpc.pb.go:171.2,171.17 1 0
github.com/CCoupel/GhostDrive/plugins/proto/storage_grpc.pb.go:174.123,178.16 4 0
github.com/CCoupel/GhostDrive/plugins/proto/storage_grpc.pb.go:178.16,180.3 1 0
github.com/CCoupel/GhostDrive/plugins/proto/storage_grpc.pb.go:181.2,181.17 1 0
github.com/CCoupel/GhostDrive/plugins/proto/storage_grpc.pb.go:184.123,188.16 4 0
github.com/CCoupel/GhostDrive/plugins/proto/storage_grpc.pb.go:188.16,190.3 1 0
github.com/CCoupel/GhostDrive/plugins/proto/storage_grpc.pb.go:191.2,191.17 1 0
github.com/CCoupel/GhostDrive/plugins/proto/storage_grpc.pb.go:194.138,198.16 4 0
github.com/CCoupel/GhostDrive/plugins/proto/storage_grpc.pb.go:198.16,200.3 1 0
github.com/CCoupel/GhostDrive/plugins/proto/storage_grpc.pb.go:201.2,201.17 1 0
github.com/CCoupel/GhostDrive/plugins/proto/storage_grpc.pb.go:204.150,207.16 3 0
github.com/CCoupel/GhostDrive/plugins/proto/storage_grpc.pb.go:207.16,209.3 1 0
github.com/CCoupel/GhostDrive/plugins/proto/storage_grpc.pb.go:210.2,211.51 2 0
github.com/CCoupel/GhostDrive/plugins/proto/storage_grpc.pb.go:211.51,213.3 1 0
github.com/CCoupel/GhostDrive/plugins/proto/storage_grpc.pb.go:214.2,214.51 1 0
github.com/CCoupel/GhostDrive/plugins/proto/storage_grpc.pb.go:214.51,216.3 1 0
github.com/CCoupel/GhostDrive/plugins/proto/storage_grpc.pb.go:217.2,217.15 1 0
github.com/CCoupel/GhostDrive/plugins/proto/storage_grpc.pb.go:223.129,227.16 4 0
github.com/CCoupel/GhostDrive/plugins/proto/storage_grpc.pb.go:227.16,229.3 1 0
github.com/CCoupel/GhostDrive/plugins/proto/storage_grpc.pb.go:230.2,230.17 1 0
github.com/CCoupel/GhostDrive/plugins/proto/storage_grpc.pb.go:233.135,237.16 4 0
github.com/CCoupel/GhostDrive/plugins/proto/storage_grpc.pb.go:237.16,239.3 1 0
github.com/CCoupel/GhostDrive/plugins/proto/storage_grpc.pb.go:240.2,240.17 1 0
github.com/CCoupel/GhostDrive/plugins/proto/storage_grpc.pb.go:243.129,247.16 4 0
github.com/CCoupel/GhostDrive/plugins/proto/storage_grpc.pb.go:247.16,249.3 1 0
github.com/CCoupel/GhostDrive/plugins/proto/storage_grpc.pb.go:250.2,250.17 1 0
github.com/CCoupel/GhostDrive/plugins/proto/storage_grpc.pb.go:253.138,257.16 4 0
github.com/CCoupel/GhostDrive/plugins/proto/storage_grpc.pb.go:257.16,259.3 1 0
github.com/CCoupel/GhostDrive/plugins/proto/storage_grpc.pb.go:260.2,260.17 1 0
github.com/CCoupel/GhostDrive/plugins/proto/storage_grpc.pb.go:305.101,307.2 1 0
github.com/CCoupel/GhostDrive/plugins/proto/storage_grpc.pb.go:308.110,310.2 1 0
github.com/CCoupel/GhostDrive/plugins/proto/storage_grpc.pb.go:311.119,313.2 1 0
github.com/CCoupel/GhostDrive/plugins/proto/storage_grpc.pb.go:314.122,316.2 1 0
github.com/CCoupel/GhostDrive/plugins/proto/storage_grpc.pb.go:317.110,319.2 1 0
github.com/CCoupel/GhostDrive/plugins/proto/storage_grpc.pb.go:320.118,322.2 1 0
github.com/CCoupel/GhostDrive/plugins/proto/storage_grpc.pb.go:323.107,325.2 1 0
github.com/CCoupel/GhostDrive/plugins/proto/storage_grpc.pb.go:326.101,328.2 1 0
github.com/CCoupel/GhostDrive/plugins/proto/storage_grpc.pb.go:329.101,331.2 1 0
github.com/CCoupel/GhostDrive/plugins/proto/storage_grpc.pb.go:332.101,334.2 1 0
github.com/CCoupel/GhostDrive/plugins/proto/storage_grpc.pb.go:335.116,337.2 1 0
github.com/CCoupel/GhostDrive/plugins/proto/storage_grpc.pb.go:338.109,340.2 1 0
github.com/CCoupel/GhostDrive/plugins/proto/storage_grpc.pb.go:341.107,343.2 1 0
github.com/CCoupel/GhostDrive/plugins/proto/storage_grpc.pb.go:344.113,346.2 1 0
github.com/CCoupel/GhostDrive/plugins/proto/storage_grpc.pb.go:347.107,349.2 1 0
github.com/CCoupel/GhostDrive/plugins/proto/storage_grpc.pb.go:350.116,352.2 1 0
github.com/CCoupel/GhostDrive/plugins/proto/storage_grpc.pb.go:353.88,353.89 0 0
github.com/CCoupel/GhostDrive/plugins/proto/storage_grpc.pb.go:354.88,354.89 0 0
github.com/CCoupel/GhostDrive/plugins/proto/storage_grpc.pb.go:363.86,368.59 1 0
github.com/CCoupel/GhostDrive/plugins/proto/storage_grpc.pb.go:368.59,370.3 1 0
github.com/CCoupel/GhostDrive/plugins/proto/storage_grpc.pb.go:371.2,371.53 1 0
github.com/CCoupel/GhostDrive/plugins/proto/storage_grpc.pb.go:374.164,376.32 2 0
github.com/CCoupel/GhostDrive/plugins/proto/storage_grpc.pb.go:376.32,378.3 1 0
github.com/CCoupel/GhostDrive/plugins/proto/storage_grpc.pb.go:379.2,379.24 1 0
github.com/CCoupel/GhostDrive/plugins/proto/storage_grpc.pb.go:379.24,381.3 1 0
github.com/CCoupel/GhostDrive/plugins/proto/storage_grpc.pb.go:382.2,386.77 2 0
github.com/CCoupel/GhostDrive/plugins/proto/storage_grpc.pb.go:386.77,388.3 1 0
github.com/CCoupel/GhostDrive/plugins/proto/storage_grpc.pb.go:389.2,389.44 1 0
github.com/CCoupel/GhostDrive/plugins/proto/storage_grpc.pb.go:392.167,394.32 2 0
github.com/CCoupel/GhostDrive/plugins/proto/storage_grpc.pb.go:394.32,396.3 1 0
github.com/CCoupel/GhostDrive/plugins/proto/storage_grpc.pb.go:397.2,397.24 1 0
github.com/CCoupel/GhostDrive/plugins/proto/storage_grpc.pb.go:397.24,399.3 1 0
github.com/CCoupel/GhostDrive/plugins/proto/storage_grpc.pb.go:400.2,404.77 2 0
github.com/CCoupel/GhostDrive/plugins/proto/storage_grpc.pb.go:404.77,406.3 1 0
github.com/CCoupel/GhostDrive/plugins/proto/storage_grpc.pb.go:407.2,407.44 1 0
github.com/CCoupel/GhostDrive/plugins/proto/storage_grpc.pb.go:410.170,412.32 2 0
github.com/CCoupel/GhostDrive/plugins/proto/storage_grpc.pb.go:412.32,414.3 1 0
github.com/CCoupel/GhostDrive/plugins/proto/storage_grpc.pb.go:415.2,415.24 1 0
github.com/CCoupel/GhostDrive/plugins/proto/storage_grpc.pb.go:415.24,417.3 1 0
github.com/CCoupel/GhostDrive/plugins/proto/storage_grpc.pb.go:418.2,422.77 2 0
github.com/CCoupel/GhostDrive/plugins/proto/storage_grpc.pb.go:422.77,424.3 1 0
github.com/CCoupel/GhostDrive/plugins/proto/storage_grpc.pb.go:425.2,425.44 1 0
github.com/CCoupel/GhostDrive/plugins/proto/storage_grpc.pb.go:428.171,430.32 2 0
github.com/CCoupel/GhostDrive/plugins/proto/storage_grpc.pb.go:430.32,432.3 1 0
github.com/CCoupel/GhostDrive/plugins/proto/storage_grpc.pb.go:433.2,433.24 1 0
github.com/CCoupel/GhostDrive/plugins/proto/storage_grpc.pb.go:433.24,435.3 1 0
github.com/CCoupel/GhostDrive/plugins/proto/storage_grpc.pb.go:436.2,440.77 2 0
github.com/CCoupel/GhostDrive/plugins/proto/storage_grpc.pb.go:440.77,442.3 1 0
github.com/CCoupel/GhostDrive/plugins/proto/storage_grpc.pb.go:443.2,443.44 1 0
github.com/CCoupel/GhostDrive/plugins/proto/storage_grpc.pb.go:446.86,448.2 1 0
github.com/CCoupel/GhostDrive/plugins/proto/storage_grpc.pb.go:453.88,455.42 2 0
github.com/CCoupel/GhostDrive/plugins/proto/storage_grpc.pb.go:455.42,457.3 1 0
github.com/CCoupel/GhostDrive/plugins/proto/storage_grpc.pb.go:458.2,458.128 1 0
github.com/CCoupel/GhostDrive/plugins/proto/storage_grpc.pb.go:464.166,466.32 2 0
github.com/CCoupel/GhostDrive/plugins/proto/storage_grpc.pb.go:466.32,468.3 1 0
github.com/CCoupel/GhostDrive/plugins/proto/storage_grpc.pb.go:469.2,469.24 1 0
github.com/CCoupel/GhostDrive/plugins/proto/storage_grpc.pb.go:469.24,471.3 1 0
github.com/CCoupel/GhostDrive/plugins/proto/storage_grpc.pb.go:472.2,476.77 2 0
github.com/CCoupel/GhostDrive/plugins/proto/storage_grpc.pb.go:476.77,478.3 1 0
github.com/CCoupel/GhostDrive/plugins/proto/storage_grpc.pb.go:479.2,479.44 1 0
github.com/CCoupel/GhostDrive/plugins/proto/storage_grpc.pb.go:482.164,484.32 2 0
github.com/CCoupel/GhostDrive/plugins/proto/storage_grpc.pb.go:484.32,486.3 1 0
github.com/CCoupel/GhostDrive/plugins/proto/storage_grpc.pb.go:487.2,487.24 1 0
github.com/CCoupel/GhostDrive/plugins/proto/storage_grpc.pb.go:487.24,489.3 1 0
github.com/CCoupel/GhostDrive/plugins/proto/storage_grpc.pb.go:490.2,494.77 2 0
github.com/CCoupel/GhostDrive/plugins/proto/storage_grpc.pb.go:494.77,496.3 1 0
github.com/CCoupel/GhostDrive/plugins/proto/storage_grpc.pb.go:497.2,497.44 1 0
github.com/CCoupel/GhostDrive/plugins/proto/storage_grpc.pb.go:500.164,502.32 2 0
github.com/CCoupel/GhostDrive/plugins/proto/storage_grpc.pb.go:502.32,504.3 1 0
github.com/CCoupel/GhostDrive/plugins/proto/storage_grpc.pb.go:505.2,505.24 1 0
github.com/CCoupel/GhostDrive/plugins/proto/storage_grpc.pb.go:505.24,507.3 1 0
github.com/CCoupel/GhostDrive/plugins/proto/storage_grpc.pb.go:508.2,512.77 2 0
github.com/CCoupel/GhostDrive/plugins/proto/storage_grpc.pb.go:512.77,514.3 1 0
github.com/CCoupel/GhostDrive/plugins/proto/storage_grpc.pb.go:515.2,515.44 1 0
github.com/CCoupel/GhostDrive/plugins/proto/storage_grpc.pb.go:518.164,520.32 2 0
github.com/CCoupel/GhostDrive/plugins/proto/storage_grpc.pb.go:520.32,522.3 1 0
github.com/CCoupel/GhostDrive/plugins/proto/storage_grpc.pb.go:523.2,523.24 1 0
github.com/CCoupel/GhostDrive/plugins/proto/storage_grpc.pb.go:523.24,525.3 1 0
github.com/CCoupel/GhostDrive/plugins/proto/storage_grpc.pb.go:526.2,530.77 2 0
github.com/CCoupel/GhostDrive/plugins/proto/storage_grpc.pb.go:530.77,532.3 1 0
github.com/CCoupel/GhostDrive/plugins/proto/storage_grpc.pb.go:533.2,533.44 1 0
github.com/CCoupel/GhostDrive/plugins/proto/storage_grpc.pb.go:536.169,538.32 2 0
github.com/CCoupel/GhostDrive/plugins/proto/storage_grpc.pb.go:538.32,540.3 1 0
github.com/CCoupel/GhostDrive/plugins/proto/storage_grpc.pb.go:541.2,541.24 1 0
github.com/CCoupel/GhostDrive/plugins/proto/storage_grpc.pb.go:541.24,543.3 1 0
github.com/CCoupel/GhostDrive/plugins/proto/storage_grpc.pb.go:544.2,548.77 2 0
github.com/CCoupel/GhostDrive/plugins/proto/storage_grpc.pb.go:548.77,550.3 1 0
github.com/CCoupel/GhostDrive/plugins/proto/storage_grpc.pb.go:551.2,551.44 1 0
github.com/CCoupel/GhostDrive/plugins/proto/storage_grpc.pb.go:554.85,556.42 2 0
github.com/CCoupel/GhostDrive/plugins/proto/storage_grpc.pb.go:556.42,558.3 1 0
github.com/CCoupel/GhostDrive/plugins/proto/storage_grpc.pb.go:559.2,559.119 1 0
github.com/CCoupel/GhostDrive/plugins/proto/storage_grpc.pb.go:565.168,567.32 2 0
github.com/CCoupel/GhostDrive/plugins/proto/storage_grpc.pb.go:567.32,569.3 1 0
github.com/CCoupel/GhostDrive/plugins/proto/storage_grpc.pb.go:570.2,570.24 1 0
github.com/CCoupel/GhostDrive/plugins/proto/storage_grpc.pb.go:570.24,572.3 1 0
github.com/CCoupel/GhostDrive/plugins/proto/storage_grpc.pb.go:573.2,577.77 2 0
github.com/CCoupel/GhostDrive/plugins/proto/storage_grpc.pb.go:577.77,579.3 1 0
github.com/CCoupel/GhostDrive/plugins/proto/storage_grpc.pb.go:580.2,580.44 1 0
github.com/CCoupel/GhostDrive/plugins/proto/storage_grpc.pb.go:583.168,585.32 2 0
github.com/CCoupel/GhostDrive/plugins/proto/storage_grpc.pb.go:585.32,587.3 1 0
github.com/CCoupel/GhostDrive/plugins/proto/storage_grpc.pb.go:588.2,588.24 1 0
github.com/CCoupel/GhostDrive/plugins/proto/storage_grpc.pb.go:588.24,590.3 1 0
github.com/CCoupel/GhostDrive/plugins/proto/storage_grpc.pb.go:591.2,595.77 2 0
github.com/CCoupel/GhostDrive/plugins/proto/storage_grpc.pb.go:595.77,597.3 1 0
github.com/CCoupel/GhostDrive/plugins/proto/storage_grpc.pb.go:598.2,598.44 1 0
github.com/CCoupel/GhostDrive/plugins/proto/storage_grpc.pb.go:601.166,603.32 2 0
github.com/CCoupel/GhostDrive/plugins/proto/storage_grpc.pb.go:603.32,605.3 1 0
github.com/CCoupel/GhostDrive/plugins/proto/storage_grpc.pb.go:606.2,606.24 1 0
github.com/CCoupel/GhostDrive/plugins/proto/storage_grpc.pb.go:606.24,608.3 1 0
github.com/CCoupel/GhostDrive/plugins/proto/storage_grpc.pb.go:609.2,613.77 2 0
github.com/CCoupel/GhostDrive/plugins/proto/storage_grpc.pb.go:613.77,615.3 1 0
github.com/CCoupel/GhostDrive/plugins/proto/storage_grpc.pb.go:616.2,616.44 1 0
github.com/CCoupel/GhostDrive/plugins/proto/storage_grpc.pb.go:619.169,621.32 2 0
github.com/CCoupel/GhostDrive/plugins/proto/storage_grpc.pb.go:621.32,623.3 1 0
github.com/CCoupel/GhostDrive/plugins/proto/storage_grpc.pb.go:624.2,624.24 1 0
github.com/CCoupel/GhostDrive/plugins/proto/storage_grpc.pb.go:624.24,626.3 1 0
github.com/CCoupel/GhostDrive/plugins/proto/storage_grpc.pb.go:627.2,631.77 2 0
github.com/CCoupel/GhostDrive/plugins/proto/storage_grpc.pb.go:631.77,633.3 1 0
github.com/CCoupel/GhostDrive/plugins/proto/storage_grpc.pb.go:634.2,634.44 1 0
github.com/CCoupel/GhostDrive/plugins/webdav/cmd/main.go:32.13,35.2 2 0
github.com/CCoupel/GhostDrive/plugins/registry.go:23.59,27.2 3 8
github.com/CCoupel/GhostDrive/plugins/registry.go:31.47,35.9 4 5
github.com/CCoupel/GhostDrive/plugins/registry.go:35.9,37.3 1 1
github.com/CCoupel/GhostDrive/plugins/registry.go:38.2,38.23 1 4
github.com/CCoupel/GhostDrive/plugins/registry.go:42.28,47.2 4 0
github.com/CCoupel/GhostDrive/plugins/registry.go:51.30,55.29 4 4
github.com/CCoupel/GhostDrive/plugins/registry.go:55.29,57.3 1 5
github.com/CCoupel/GhostDrive/plugins/registry.go:58.2,59.14 2 4
github.com/CCoupel/GhostDrive/internal/logging/store.go:45.24,47.2 1 4
github.com/CCoupel/GhostDrive/internal/logging/store.go:51.42,55.2 3 1
github.com/CCoupel/GhostDrive/internal/logging/store.go:59.52,61.16 2 7
github.com/CCoupel/GhostDrive/internal/logging/store.go:61.16,63.3 1 0
github.com/CCoupel/GhostDrive/internal/logging/store.go:65.2,71.34 6 7
github.com/CCoupel/GhostDrive/internal/logging/store.go:71.34,75.3 2 0
github.com/CCoupel/GhostDrive/internal/logging/store.go:76.2,80.15 4 7
github.com/CCoupel/GhostDrive/internal/logging/store.go:80.15,82.3 1 2
github.com/CCoupel/GhostDrive/internal/logging/store.go:83.2,83.20 1 7
github.com/CCoupel/GhostDrive/internal/logging/store.go:88.51,92.18 3 4
github.com/CCoupel/GhostDrive/internal/logging/store.go:92.18,96.3 3 3
github.com/CCoupel/GhostDrive/internal/logging/store.go:98.2,99.30 2 1
github.com/CCoupel/GhostDrive/internal/logging/store.go:99.30,100.21 1 3
github.com/CCoupel/GhostDrive/internal/logging/store.go:100.21,102.4 1 1
github.com/CCoupel/GhostDrive/internal/logging/store.go:104.2,104.15 1 1
github.com/CCoupel/GhostDrive/internal/logging/store.go:108.25,112.2 3 1
github.com/CCoupel/GhostDrive/internal/logging/store.go:124.35,133.76 3 18
github.com/CCoupel/GhostDrive/internal/logging/store.go:133.76,135.88 2 10
github.com/CCoupel/GhostDrive/internal/logging/store.go:135.88,137.4 1 10
github.com/CCoupel/GhostDrive/internal/logging/store.go:138.3,138.18 1 10
github.com/CCoupel/GhostDrive/internal/logging/store.go:142.2,144.35 3 18
github.com/CCoupel/GhostDrive/internal/logging/store.go:144.35,145.47 1 11
github.com/CCoupel/GhostDrive/internal/logging/store.go:145.47,148.34 3 11
github.com/CCoupel/GhostDrive/internal/logging/store.go:149.17,150.46 1 3
github.com/CCoupel/GhostDrive/internal/logging/store.go:151.27,152.45 1 1
github.com/CCoupel/GhostDrive/internal/logging/store.go:153.26,154.46 1 1
github.com/CCoupel/GhostDrive/internal/logging/store.go:155.16,156.45 1 6
github.com/CCoupel/GhostDrive/internal/logging/store.go:157.12,159.21 1 0
github.com/CCoupel/GhostDrive/internal/logging/store.go:165.2,165.52 1 18
github.com/CCoupel/GhostDrive/internal/logging/store.go:165.52,166.47 1 4
github.com/CCoupel/GhostDrive/internal/logging/store.go:166.47,169.4 2 4
github.com/CCoupel/GhostDrive/internal/logging/store.go:178.2,178.44 1 18
github.com/CCoupel/GhostDrive/internal/logging/store.go:178.44,180.10 2 13
github.com/CCoupel/GhostDrive/internal/logging/store.go:181.64,182.24 1 2
github.com/CCoupel/GhostDrive/internal/logging/store.go:183.46,184.23 1 1
github.com/CCoupel/GhostDrive/internal/logging/store.go:185.63,186.24 1 0
github.com/CCoupel/GhostDrive/internal/logging/store.go:190.2,191.10 2 18
github.com/CCoupel/GhostDrive/internal/logging/store.go:194.53,195.30 1 30
github.com/CCoupel/GhostDrive/internal/logging/store.go:195.30,196.30 1 81
github.com/CCoupel/GhostDrive/internal/logging/store.go:196.30,198.4 1 3
github.com/CCoupel/GhostDrive/internal/logging/store.go:200.2,200.14 1 27
github.com/CCoupel/GhostDrive/internal/backends/manager.go:25.67,26.20 1 6
github.com/CCoupel/GhostDrive/internal/backends/manager.go:26.20,28.3 1 6
github.com/CCoupel/GhostDrive/internal/backends/manager.go:29.2,33.3 1 6
github.com/CCoupel/GhostDrive/internal/backends/manager.go:38.62,39.17 1 0
github.com/CCoupel/GhostDrive/internal/backends/manager.go:39.17,41.3 1 0
github.com/CCoupel/GhostDrive/internal/backends/manager.go:43.2,44.16 2 0
github.com/CCoupel/GhostDrive/internal/backends/manager.go:44.16,46.3 1 0
github.com/CCoupel/GhostDrive/internal/backends/manager.go:48.2,48.38 1 0
github.com/CCoupel/GhostDrive/internal/backends/manager.go:48.38,50.3 1 0
github.com/CCoupel/GhostDrive/internal/backends/manager.go:52.2,61.12 6 0
github.com/CCoupel/GhostDrive/internal/backends/manager.go:65.50,68.9 3 2
github.com/CCoupel/GhostDrive/internal/backends/manager.go:68.9,71.3 2 1
github.com/CCoupel/GhostDrive/internal/backends/manager.go:72.2,81.12 6 1
github.com/CCoupel/GhostDrive/internal/backends/manager.go:85.72,90.2 4 2
github.com/CCoupel/GhostDrive/internal/backends/manager.go:93.77,98.2 4 1
github.com/CCoupel/GhostDrive/internal/backends/manager.go:101.42,105.29 4 1
github.com/CCoupel/GhostDrive/internal/backends/manager.go:105.29,107.3 1 3
github.com/CCoupel/GhostDrive/internal/backends/manager.go:108.2,108.12 1 1
github.com/CCoupel/GhostDrive/internal/backends/manager.go:115.63,123.32 4 2
github.com/CCoupel/GhostDrive/internal/backends/manager.go:123.32,125.3 1 3
github.com/CCoupel/GhostDrive/internal/backends/manager.go:126.2,129.28 3 2
github.com/CCoupel/GhostDrive/internal/backends/manager.go:129.28,131.24 2 3
github.com/CCoupel/GhostDrive/internal/backends/manager.go:131.24,132.74 1 2
github.com/CCoupel/GhostDrive/internal/backends/manager.go:132.74,135.5 2 1
github.com/CCoupel/GhostDrive/internal/backends/manager.go:135.10,140.5 2 1
github.com/CCoupel/GhostDrive/internal/backends/manager.go:142.3,142.33 1 3
github.com/CCoupel/GhostDrive/internal/backends/manager.go:144.2,144.17 1 2
github.com/CCoupel/GhostDrive/internal/backends/manager.go:150.32,152.2 1 3
github.com/CCoupel/GhostDrive/internal/backends/manager.go:157.83,159.16 2 3
github.com/CCoupel/GhostDrive/internal/backends/manager.go:159.16,161.3 1 1
github.com/CCoupel/GhostDrive/internal/backends/manager.go:162.2,162.15 1 2
github.com/CCoupel/GhostDrive/internal/backends/manager.go:169.26,169.49 1 0
github.com/CCoupel/GhostDrive/internal/backends/manager.go:172.26,176.2 3 2
github.com/CCoupel/GhostDrive/internal/placeholder/drives_other.go:7.39,7.53 1 1
github.com/CCoupel/GhostDrive/internal/placeholder/drives_other.go:10.35,10.51 1 3
github.com/CCoupel/GhostDrive/internal/placeholder/manager.go:27.60,29.15 2 5
github.com/CCoupel/GhostDrive/internal/placeholder/manager.go:30.22,31.76 1 1
github.com/CCoupel/GhostDrive/internal/placeholder/manager.go:32.20,34.41 2 2
github.com/CCoupel/GhostDrive/internal/placeholder/manager.go:34.41,35.55 1 1
github.com/CCoupel/GhostDrive/internal/placeholder/manager.go:35.55,37.5 1 1
github.com/CCoupel/GhostDrive/internal/placeholder/manager.go:39.3,39.38 1 2
github.com/CCoupel/GhostDrive/internal/placeholder/manager.go:40.21,41.37 1 1
github.com/CCoupel/GhostDrive/internal/placeholder/manager.go:79.71,80.20 1 38
github.com/CCoupel/GhostDrive/internal/placeholder/manager.go:80.20,82.3 1 38
github.com/CCoupel/GhostDrive/internal/placeholder/manager.go:83.2,86.3 1 38
github.com/CCoupel/GhostDrive/internal/placeholder/manager.go:98.86,103.46 3 23
github.com/CCoupel/GhostDrive/internal/placeholder/manager.go:103.46,106.3 2 0
github.com/CCoupel/GhostDrive/internal/placeholder/manager.go:108.2,119.70 4 23
github.com/CCoupel/GhostDrive/internal/placeholder/manager.go:119.70,121.3 1 23
github.com/CCoupel/GhostDrive/internal/placeholder/manager.go:122.2,123.12 2 0
github.com/CCoupel/GhostDrive/internal/placeholder/manager.go:128.57,133.9 4 23
github.com/CCoupel/GhostDrive/internal/placeholder/manager.go:133.9,135.3 1 21
github.com/CCoupel/GhostDrive/internal/placeholder/manager.go:136.2,138.16 3 2
github.com/CCoupel/GhostDrive/internal/placeholder/manager.go:138.16,140.3 1 0
github.com/CCoupel/GhostDrive/internal/placeholder/manager.go:141.2,141.12 1 2
github.com/CCoupel/GhostDrive/internal/placeholder/manager.go:147.73,152.9 4 47
github.com/CCoupel/GhostDrive/internal/placeholder/manager.go:152.9,154.3 1 36
github.com/CCoupel/GhostDrive/internal/placeholder/manager.go:155.2,159.16 5 11
github.com/CCoupel/GhostDrive/internal/placeholder/manager.go:164.65,169.35 4 39
github.com/CCoupel/GhostDrive/internal/placeholder/manager.go:169.35,175.3 5 5
github.com/CCoupel/GhostDrive/internal/placeholder/manager.go:176.2,176.15 1 39
github.com/CCoupel/GhostDrive/internal/placeholder/manager.go:184.64,189.9 4 11
github.com/CCoupel/GhostDrive/internal/placeholder/manager.go:189.9,191.3 1 1
github.com/CCoupel/GhostDrive/internal/placeholder/manager.go:192.2,193.30 2 10
github.com/CCoupel/GhostDrive/internal/placeholder/manager.go:202.76,204.32 2 4
github.com/CCoupel/GhostDrive/internal/placeholder/manager.go:204.32,206.3 1 26
github.com/CCoupel/GhostDrive/internal/placeholder/manager.go:208.2,208.30 1 4
github.com/CCoupel/GhostDrive/internal/placeholder/manager.go:208.30,210.19 2 29
github.com/CCoupel/GhostDrive/internal/placeholder/manager.go:210.19,211.12 1 26
github.com/CCoupel/GhostDrive/internal/placeholder/manager.go:213.3,213.28 1 3
github.com/CCoupel/GhostDrive/internal/placeholder/manager.go:213.28,214.12 1 0
github.com/CCoupel/GhostDrive/internal/placeholder/manager.go:216.3,216.16 1 3
github.com/CCoupel/GhostDrive/internal/placeholder/manager.go:218.2,218.11 1 1
github.com/CCoupel/GhostDrive/internal/placeholder/manager.go:231.90,236.52 3 1
github.com/CCoupel/GhostDrive/internal/placeholder/manager.go:236.52,239.3 2 0
github.com/CCoupel/GhostDrive/internal/placeholder/manager.go:241.2,252.58 4 1
github.com/CCoupel/GhostDrive/internal/placeholder/manager.go:252.58,254.3 1 1
github.com/CCoupel/GhostDrive/internal/placeholder/manager.go:256.2,262.12 2 0
github.com/CCoupel/GhostDrive/internal/placeholder/manager.go:270.73,275.9 4 5
github.com/CCoupel/GhostDrive/internal/placeholder/manager.go:275.9,277.3 1 1
github.com/CCoupel/GhostDrive/internal/placeholder/manager.go:278.2,278.45 1 4
github.com/CCoupel/GhostDrive/internal/placeholder/manager.go:283.48,288.9 4 2
github.com/CCoupel/GhostDrive/internal/placeholder/manager.go:288.9,290.3 1 1
github.com/CCoupel/GhostDrive/internal/placeholder/manager.go:291.2,293.16 3 1
github.com/CCoupel/GhostDrive/internal/placeholder/manager.go:293.16,295.3 1 0
github.com/CCoupel/GhostDrive/internal/placeholder/manager.go:296.2,296.12 1 1
github.com/CCoupel/GhostDrive/internal/placeholder/manager.go:302.64,307.9 4 11
github.com/CCoupel/GhostDrive/internal/placeholder/manager.go:307.9,309.3 1 3
github.com/CCoupel/GhostDrive/internal/placeholder/manager.go:310.2,314.16 5 8
github.com/CCoupel/GhostDrive/internal/placeholder/manager.go:320.44,325.35 4 3
github.com/CCoupel/GhostDrive/internal/placeholder/manager.go:325.35,326.47 1 3
github.com/CCoupel/GhostDrive/internal/placeholder/manager.go:326.47,328.4 1 0
github.com/CCoupel/GhostDrive/internal/placeholder/manager.go:329.3,329.24 1 3
github.com/CCoupel/GhostDrive/internal/placeholder/manager.go:331.2,331.19 1 3
github.com/CCoupel/GhostDrive/internal/placeholder/manager.go:331.19,333.3 1 0
github.com/CCoupel/GhostDrive/internal/placeholder/manager.go:334.2,334.12 1 3
github.com/CCoupel/GhostDrive/internal/placeholder/new_other.go:6.25,8.2 1 51
github.com/CCoupel/GhostDrive/internal/placeholder/placeholder_other.go:13.63,15.2 1 25
github.com/CCoupel/GhostDrive/internal/placeholder/placeholder_other.go:18.37,18.51 1 7
github.com/CCoupel/GhostDrive/internal/placeholder/placeholder_other.go:21.38,21.54 1 2
github.com/CCoupel/GhostDrive/internal/placeholder/placeholder_other.go:24.42,24.66 1 21
github.com/CCoupel/GhostDrive/internal/placeholder/placeholder_other.go:27.62,27.63 0 24
github.com/CCoupel/GhostDrive/internal/placeholder/placeholder_other.go:30.62,30.88 1 0
github.com/CCoupel/GhostDrive/plugins/registry/dynamic_registry.go:31.61,36.2 1 5
github.com/CCoupel/GhostDrive/plugins/registry/dynamic_registry.go:44.41,45.51 1 6
github.com/CCoupel/GhostDrive/plugins/registry/dynamic_registry.go:45.51,47.3 1 0
github.com/CCoupel/GhostDrive/plugins/registry/dynamic_registry.go:48.2,48.12 1 6
github.com/CCoupel/GhostDrive/plugins/registry/dynamic_registry.go:53.40,54.44 1 7
github.com/CCoupel/GhostDrive/plugins/registry/dynamic_registry.go:54.44,56.3 1 0
github.com/CCoupel/GhostDrive/plugins/registry/dynamic_registry.go:57.2,57.12 1 7
github.com/CCoupel/GhostDrive/plugins/registry/dynamic_registry.go:63.42,64.33 1 1
github.com/CCoupel/GhostDrive/plugins/registry/dynamic_registry.go:64.33,66.3 1 0
github.com/CCoupel/GhostDrive/plugins/registry/dynamic_registry.go:67.2,67.18 1 1
github.com/CCoupel/GhostDrive/plugins/registry/dynamic_registry.go:76.70,80.35 3 2
github.com/CCoupel/GhostDrive/plugins/registry/dynamic_registry.go:80.35,87.3 1 2
github.com/CCoupel/GhostDrive/plugins/registry/dynamic_registry.go:90.2,91.28 2 2
github.com/CCoupel/GhostDrive/plugins/registry/dynamic_registry.go:91.28,93.3 1 0
github.com/CCoupel/GhostDrive/plugins/registry/dynamic_registry.go:94.2,94.15 1 2
github.com/CCoupel/GhostDrive/plugins/registry/dynamic_registry.go:100.68,102.2 1 1
github.com/CCoupel/GhostDrive/plugins/registry/dynamic_registry.go:106.77,108.2 1 0
github.com/CCoupel/GhostDrive/internal/logger/logger.go:42.13,46.65 3 1
github.com/CCoupel/GhostDrive/internal/logger/logger.go:46.65,48.3 1 1
github.com/CCoupel/GhostDrive/internal/logger/logger.go:50.2,50.16 1 1
github.com/CCoupel/GhostDrive/internal/logger/logger.go:56.30,57.57 1 1
github.com/CCoupel/GhostDrive/internal/logger/logger.go:57.57,59.3 1 0
github.com/CCoupel/GhostDrive/internal/logger/logger.go:60.2,61.87 2 1
github.com/CCoupel/GhostDrive/internal/logger/logger.go:66.34,71.2 4 0
github.com/CCoupel/GhostDrive/internal/logger/logger.go:75.21,78.20 2 1
github.com/CCoupel/GhostDrive/internal/logger/logger.go:78.20,80.3 1 1
github.com/CCoupel/GhostDrive/internal/logger/logger.go:81.2,81.36 1 1
github.com/CCoupel/GhostDrive/internal/logger/logger.go:81.36,83.3 1 0
github.com/CCoupel/GhostDrive/internal/logger/logger.go:84.2,84.24 1 1
github.com/CCoupel/GhostDrive/internal/logger/logger.go:84.24,86.3 1 0
github.com/CCoupel/GhostDrive/internal/logger/logger.go:87.2,93.18 3 1
github.com/CCoupel/GhostDrive/internal/logger/logger.go:93.18,95.3 1 0
github.com/CCoupel/GhostDrive/internal/logger/logger.go:95.8,95.31 1 1
github.com/CCoupel/GhostDrive/internal/logger/logger.go:95.31,97.3 1 0
github.com/CCoupel/GhostDrive/internal/logger/logger.go:97.8,99.3 1 1
github.com/CCoupel/GhostDrive/internal/logger/logger.go:101.2,105.43 5 1
github.com/CCoupel/GhostDrive/internal/logger/logger.go:108.49,109.22 1 1
github.com/CCoupel/GhostDrive/internal/logger/logger.go:110.9,111.20 1 0
github.com/CCoupel/GhostDrive/internal/logger/logger.go:112.9,113.20 1 1
github.com/CCoupel/GhostDrive/internal/logger/logger.go:114.10,115.36 1 0
github.com/CCoupel/GhostDrive/internal/logger/logger.go:121.15,122.20 1 2
github.com/CCoupel/GhostDrive/internal/logger/logger.go:122.20,124.3 1 0
github.com/CCoupel/GhostDrive/internal/logger/logger.go:125.2,126.44 2 2
github.com/CCoupel/GhostDrive/internal/logger/logger.go:126.44,128.3 1 2
github.com/CCoupel/GhostDrive/internal/logger/logger.go:130.2,134.35 3 0
github.com/CCoupel/GhostDrive/internal/logger/logger.go:134.35,137.22 3 0
github.com/CCoupel/GhostDrive/internal/logger/logger.go:137.22,139.12 2 0
github.com/CCoupel/GhostDrive/internal/logger/logger.go:141.3,141.22 1 0
github.com/CCoupel/GhostDrive/internal/logger/logger.go:143.2,146.16 3 0
github.com/CCoupel/GhostDrive/internal/logger/logger.go:150.47,155.2 4 2
github.com/CCoupel/GhostDrive/internal/logger/logger.go:160.48,165.2 4 0
github.com/CCoupel/GhostDrive/internal/logger/logger.go:168.47,173.2 4 0
github.com/CCoupel/GhostDrive/internal/logger/logger.go:176.48,181.2 4 0
github.com/CCoupel/GhostDrive/internal/logger/logger.go:187.43,189.2 1 1
github.com/CCoupel/GhostDrive/internal/logger/logger.go:196.60,199.29 2 1
github.com/CCoupel/GhostDrive/internal/logger/logger.go:199.29,200.17 1 1
github.com/CCoupel/GhostDrive/internal/logger/logger.go:200.17,201.12 1 0
github.com/CCoupel/GhostDrive/internal/logger/logger.go:203.3,203.32 1 1
github.com/CCoupel/GhostDrive/internal/logger/logger.go:205.2,205.20 1 1
github.com/CCoupel/GhostDrive/internal/config/config.go:45.32,60.2 1 19
github.com/CCoupel/GhostDrive/internal/config/config.go:63.34,65.31 2 7
github.com/CCoupel/GhostDrive/internal/config/config.go:65.31,67.20 2 0
github.com/CCoupel/GhostDrive/internal/config/config.go:67.20,69.4 1 0
github.com/CCoupel/GhostDrive/internal/config/config.go:70.3,70.17 1 0
github.com/CCoupel/GhostDrive/internal/config/config.go:71.8,73.17 2 7
github.com/CCoupel/GhostDrive/internal/config/config.go:73.17,75.4 1 0
github.com/CCoupel/GhostDrive/internal/config/config.go:76.3,77.16 2 7
github.com/CCoupel/GhostDrive/internal/config/config.go:77.16,79.4 1 5
github.com/CCoupel/GhostDrive/internal/config/config.go:79.9,81.4 1 2
github.com/CCoupel/GhostDrive/internal/config/config.go:84.2,84.31 1 7
github.com/CCoupel/GhostDrive/internal/config/config.go:84.31,86.3 1 0
github.com/CCoupel/GhostDrive/internal/config/config.go:87.2,87.47 1 7
github.com/CCoupel/GhostDrive/internal/config/config.go:91.35,93.16 2 5
github.com/CCoupel/GhostDrive/internal/config/config.go:93.16,95.3 1 0
github.com/CCoupel/GhostDrive/internal/config/config.go:96.2,96.47 1 5
github.com/CCoupel/GhostDrive/internal/config/config.go:101.43,105.16 3 12
github.com/CCoupel/GhostDrive/internal/config/config.go:105.16,106.25 1 1
github.com/CCoupel/GhostDrive/internal/config/config.go:106.25,108.4 1 1
github.com/CCoupel/GhostDrive/internal/config/config.go:109.3,109.59 1 0
github.com/CCoupel/GhostDrive/internal/config/config.go:112.2,112.51 1 11
github.com/CCoupel/GhostDrive/internal/config/config.go:112.51,114.3 1 1
github.com/CCoupel/GhostDrive/internal/config/config.go:117.2,117.29 1 10
github.com/CCoupel/GhostDrive/internal/config/config.go:117.29,119.3 1 0
github.com/CCoupel/GhostDrive/internal/config/config.go:120.2,120.33 1 10
github.com/CCoupel/GhostDrive/internal/config/config.go:120.33,122.3 1 1
github.com/CCoupel/GhostDrive/internal/config/config.go:123.2,123.25 1 10
github.com/CCoupel/GhostDrive/internal/config/config.go:123.25,125.3 1 0
github.com/CCoupel/GhostDrive/internal/config/config.go:127.2,127.17 1 10
github.com/CCoupel/GhostDrive/internal/config/config.go:131.39,133.16 2 1
github.com/CCoupel/GhostDrive/internal/config/config.go:133.16,135.3 1 0
github.com/CCoupel/GhostDrive/internal/config/config.go:136.2,136.19 1 1
github.com/CCoupel/GhostDrive/internal/config/config.go:142.45,144.47 2 7
github.com/CCoupel/GhostDrive/internal/config/config.go:144.47,146.3 1 1
github.com/CCoupel/GhostDrive/internal/config/config.go:148.2,149.16 2 6
github.com/CCoupel/GhostDrive/internal/config/config.go:149.16,151.3 1 0
github.com/CCoupel/GhostDrive/internal/config/config.go:153.2,153.55 1 6
github.com/CCoupel/GhostDrive/internal/config/config.go:153.55,155.3 1 0
github.com/CCoupel/GhostDrive/internal/config/config.go:157.2,157.12 1 6
github.com/CCoupel/GhostDrive/internal/config/config.go:161.39,163.16 2 1
github.com/CCoupel/GhostDrive/internal/config/config.go:163.16,165.3 1 0
github.com/CCoupel/GhostDrive/internal/config/config.go:166.2,166.24 1 1
github.com/CCoupel/GhostDrive/internal/cfapi/hydrator.go:58.13,60.20 2 28
github.com/CCoupel/GhostDrive/internal/cfapi/hydrator.go:60.20,62.3 1 25
github.com/CCoupel/GhostDrive/internal/cfapi/hydrator.go:63.2,63.13 1 28
github.com/CCoupel/GhostDrive/internal/cfapi/hydrator.go:63.13,65.3 1 26
github.com/CCoupel/GhostDrive/internal/cfapi/hydrator.go:66.2,66.15 1 28
github.com/CCoupel/GhostDrive/internal/cfapi/hydrator.go:66.15,68.3 1 13
github.com/CCoupel/GhostDrive/internal/cfapi/hydrator.go:69.2,78.3 1 28
github.com/CCoupel/GhostDrive/internal/cfapi/hydrator.go:84.77,86.16 2 5
github.com/CCoupel/GhostDrive/internal/cfapi/hydrator.go:86.16,88.3 1 0
github.com/CCoupel/GhostDrive/internal/cfapi/hydrator.go:91.2,95.15 5 5
github.com/CCoupel/GhostDrive/internal/cfapi/hydrator.go:95.15,100.3 4 5
github.com/CCoupel/GhostDrive/internal/cfapi/hydrator.go:103.2,115.20 7 5
github.com/CCoupel/GhostDrive/internal/cfapi/hydrator.go:115.20,116.28 1 11
github.com/CCoupel/GhostDrive/internal/cfapi/hydrator.go:116.28,118.4 1 0
github.com/CCoupel/GhostDrive/internal/cfapi/hydrator.go:120.3,121.26 2 11
github.com/CCoupel/GhostDrive/internal/cfapi/hydrator.go:121.26,123.4 1 3
github.com/CCoupel/GhostDrive/internal/cfapi/hydrator.go:124.3,135.83 4 11
github.com/CCoupel/GhostDrive/internal/cfapi/hydrator.go:135.83,138.4 1 1
github.com/CCoupel/GhostDrive/internal/cfapi/hydrator.go:138.9,140.24 1 10
github.com/CCoupel/GhostDrive/internal/cfapi/hydrator.go:140.24,142.5 1 0
github.com/CCoupel/GhostDrive/internal/cfapi/hydrator.go:143.4,145.18 3 10
github.com/CCoupel/GhostDrive/internal/cfapi/hydrator.go:145.18,155.5 2 1
github.com/CCoupel/GhostDrive/internal/cfapi/hydrator.go:158.4,162.6 1 9
github.com/CCoupel/GhostDrive/internal/cfapi/hydrator.go:166.3,167.22 2 10
github.com/CCoupel/GhostDrive/internal/cfapi/hydrator.go:167.22,169.4 1 6
github.com/CCoupel/GhostDrive/internal/cfapi/hydrator.go:170.3,171.29 2 10
github.com/CCoupel/GhostDrive/internal/cfapi/hydrator.go:171.29,173.4 1 0
github.com/CCoupel/GhostDrive/internal/cfapi/hydrator.go:174.3,174.38 1 10
github.com/CCoupel/GhostDrive/internal/cfapi/hydrator.go:174.38,175.9 1 0
github.com/CCoupel/GhostDrive/internal/cfapi/hydrator.go:177.3,186.81 3 10
github.com/CCoupel/GhostDrive/internal/cfapi/hydrator.go:186.81,191.4 2 0
github.com/CCoupel/GhostDrive/internal/cfapi/hydrator.go:193.3,200.51 4 10
github.com/CCoupel/GhostDrive/internal/cfapi/hydrator.go:200.51,202.82 2 4
github.com/CCoupel/GhostDrive/internal/cfapi/hydrator.go:202.82,204.5 1 0
github.com/CCoupel/GhostDrive/internal/cfapi/hydrator.go:205.4,205.24 1 4
github.com/CCoupel/GhostDrive/internal/cfapi/hydrator.go:205.24,212.5 1 4
github.com/CCoupel/GhostDrive/internal/cfapi/hydrator.go:217.2,217.80 1 4
github.com/CCoupel/GhostDrive/internal/cfapi/hydrator.go:217.80,219.3 1 0
github.com/CCoupel/GhostDrive/internal/cfapi/hydrator.go:220.2,220.12 1 4
github.com/CCoupel/GhostDrive/internal/cfapi/hydrator.go:224.52,228.8 4 1
github.com/CCoupel/GhostDrive/internal/cfapi/hydrator.go:228.8,230.3 1 0
github.com/CCoupel/GhostDrive/internal/cfapi/hydrator.go:237.85,239.16 2 18
github.com/CCoupel/GhostDrive/internal/cfapi/hydrator.go:239.16,241.3 1 4
github.com/CCoupel/GhostDrive/internal/cfapi/hydrator.go:243.2,247.22 4 18
github.com/CCoupel/GhostDrive/internal/cfapi/hydrator.go:247.22,249.3 1 0
github.com/CCoupel/GhostDrive/internal/cfapi/hydrator.go:251.2,253.16 3 18
github.com/CCoupel/GhostDrive/internal/cfapi/hydrator.go:253.16,255.3 1 2
github.com/CCoupel/GhostDrive/internal/cfapi/hydrator.go:257.2,258.27 2 16
github.com/CCoupel/GhostDrive/internal/cfapi/hydrator.go:258.27,266.3 1 10
github.com/CCoupel/GhostDrive/internal/cfapi/hydrator.go:268.2,268.28 1 16
github.com/CCoupel/GhostDrive/internal/cfapi/hydrator.go:268.28,270.3 1 12
github.com/CCoupel/GhostDrive/internal/cfapi/hydrator.go:276.2,277.12 2 4
github.com/CCoupel/GhostDrive/internal/cfapi/hydrator.go:283.94,285.86 2 5
github.com/CCoupel/GhostDrive/internal/cfapi/hydrator.go:285.86,288.3 2 0
github.com/CCoupel/GhostDrive/internal/cfapi/hydrator.go:289.2,291.22 2 5
github.com/CCoupel/GhostDrive/internal/cfapi/hydrator.go:291.22,293.3 1 0
github.com/CCoupel/GhostDrive/internal/cfapi/hydrator.go:294.2,295.16 2 5
github.com/CCoupel/GhostDrive/internal/cfapi/hydrator.go:295.16,297.3 1 0
github.com/CCoupel/GhostDrive/internal/cfapi/hydrator.go:299.2,307.31 4 5
github.com/CCoupel/GhostDrive/internal/cfapi/hydrator.go:313.59,314.23 1 34
github.com/CCoupel/GhostDrive/internal/cfapi/hydrator.go:314.23,316.3 1 0
github.com/CCoupel/GhostDrive/internal/cfapi/hydrator.go:317.2,319.41 2 34
github.com/CCoupel/GhostDrive/internal/cfapi/hydrator.go:319.41,322.3 2 4
github.com/CCoupel/GhostDrive/internal/cfapi/hydrator.go:323.2,324.15 2 30
github.com/CCoupel/GhostDrive/internal/cfapi/hydrator.go:324.15,326.3 1 18
github.com/CCoupel/GhostDrive/internal/cfapi/hydrator.go:328.2,329.34 2 30
github.com/CCoupel/GhostDrive/internal/cfapi/hydrator.go:329.34,331.3 1 0
github.com/CCoupel/GhostDrive/internal/cfapi/hydrator.go:332.2,332.12 1 30
github.com/CCoupel/GhostDrive/internal/cfapi/manager.go:55.75,61.2 1 7
github.com/CCoupel/GhostDrive/internal/cfapi/manager.go:66.103,70.43 3 13
github.com/CCoupel/GhostDrive/internal/cfapi/manager.go:70.43,72.3 1 1
github.com/CCoupel/GhostDrive/internal/cfapi/manager.go:74.2,74.24 1 12
github.com/CCoupel/GhostDrive/internal/cfapi/manager.go:74.24,76.3 1 1
github.com/CCoupel/GhostDrive/internal/cfapi/manager.go:77.2,77.15 1 11
github.com/CCoupel/GhostDrive/internal/cfapi/manager.go:77.15,79.3 1 8
github.com/CCoupel/GhostDrive/internal/cfapi/manager.go:81.2,82.49 2 11
github.com/CCoupel/GhostDrive/internal/cfapi/manager.go:82.49,84.3 1 11
github.com/CCoupel/GhostDrive/internal/cfapi/manager.go:86.2,87.19 2 11
github.com/CCoupel/GhostDrive/internal/cfapi/manager.go:87.19,89.3 1 11
github.com/CCoupel/GhostDrive/internal/cfapi/manager.go:96.2,96.84 1 11
github.com/CCoupel/GhostDrive/internal/cfapi/manager.go:96.84,98.3 1 0
github.com/CCoupel/GhostDrive/internal/cfapi/manager.go:100.2,102.37 2 11
github.com/CCoupel/GhostDrive/internal/cfapi/manager.go:102.37,105.3 1 0
github.com/CCoupel/GhostDrive/internal/cfapi/manager.go:107.2,115.39 3 11
github.com/CCoupel/GhostDrive/internal/cfapi/manager.go:115.39,117.3 1 0
github.com/CCoupel/GhostDrive/internal/cfapi/manager.go:122.2,123.45 2 11
github.com/CCoupel/GhostDrive/internal/cfapi/manager.go:123.45,124.13 1 11
github.com/CCoupel/GhostDrive/internal/cfapi/manager.go:124.13,125.74 1 11
github.com/CCoupel/GhostDrive/internal/cfapi/manager.go:125.74,127.5 1 0
github.com/CCoupel/GhostDrive/internal/cfapi/manager.go:129.8,132.19 2 0
github.com/CCoupel/GhostDrive/internal/cfapi/manager.go:132.20,132.21 0 0
github.com/CCoupel/GhostDrive/internal/cfapi/manager.go:135.2,141.12 2 11
github.com/CCoupel/GhostDrive/internal/cfapi/manager.go:147.50,150.8 3 11
github.com/CCoupel/GhostDrive/internal/cfapi/manager.go:150.8,152.3 1 10
github.com/CCoupel/GhostDrive/internal/cfapi/manager.go:153.2,155.9 2 11
github.com/CCoupel/GhostDrive/internal/cfapi/manager.go:155.9,157.3 1 1
github.com/CCoupel/GhostDrive/internal/cfapi/manager.go:160.2,160.25 1 10
github.com/CCoupel/GhostDrive/internal/cfapi/manager.go:160.25,162.3 1 10
github.com/CCoupel/GhostDrive/internal/cfapi/manager.go:164.2,164.48 1 10
github.com/CCoupel/GhostDrive/internal/cfapi/manager.go:164.48,166.3 1 0
github.com/CCoupel/GhostDrive/internal/cfapi/manager.go:167.2,167.48 1 10
github.com/CCoupel/GhostDrive/internal/cfapi/manager.go:167.48,169.3 1 0
github.com/CCoupel/GhostDrive/internal/cfapi/manager.go:170.2,170.12 1 10
github.com/CCoupel/GhostDrive/internal/cfapi/manager.go:175.97,176.30 1 2
github.com/CCoupel/GhostDrive/internal/cfapi/manager.go:176.30,178.20 2 5
github.com/CCoupel/GhostDrive/internal/cfapi/manager.go:178.20,180.4 1 2
github.com/CCoupel/GhostDrive/internal/cfapi/manager.go:181.3,181.53 1 5
github.com/CCoupel/GhostDrive/internal/cfapi/manager.go:181.53,184.4 1 1
github.com/CCoupel/GhostDrive/internal/cfapi/manager.go:186.2,186.12 1 2
github.com/CCoupel/GhostDrive/internal/cfapi/manager.go:190.37,193.28 3 4
github.com/CCoupel/GhostDrive/internal/cfapi/manager.go:193.28,195.3 1 7
github.com/CCoupel/GhostDrive/internal/cfapi/manager.go:196.2,198.25 2 4
github.com/CCoupel/GhostDrive/internal/cfapi/manager.go:198.25,199.36 1 7
github.com/CCoupel/GhostDrive/internal/cfapi/manager.go:199.36,201.4 1 0
github.com/CCoupel/GhostDrive/internal/cfapi/manager.go:203.2,203.12 1 4
github.com/CCoupel/GhostDrive/internal/cfapi/manager.go:208.80,213.9 4 10
github.com/CCoupel/GhostDrive/internal/cfapi/manager.go:213.9,215.3 1 3
github.com/CCoupel/GhostDrive/internal/cfapi/manager.go:217.2,218.63 2 7
github.com/CCoupel/GhostDrive/internal/cfapi/manager.go:218.63,220.3 1 0
github.com/CCoupel/GhostDrive/internal/cfapi/manager.go:223.2,223.22 1 7
github.com/CCoupel/GhostDrive/internal/cfapi/manager.go:223.22,230.3 2 7
github.com/CCoupel/GhostDrive/internal/cfapi/manager.go:231.2,231.12 1 7
github.com/CCoupel/GhostDrive/internal/cfapi/manager.go:236.74,238.9 2 0
github.com/CCoupel/GhostDrive/internal/cfapi/manager.go:238.9,240.3 1 0
github.com/CCoupel/GhostDrive/internal/cfapi/manager.go:241.2,241.57 1 0
github.com/CCoupel/GhostDrive/internal/cfapi/manager.go:245.42,246.11 1 12
github.com/CCoupel/GhostDrive/internal/cfapi/manager.go:247.26,248.22 1 2
github.com/CCoupel/GhostDrive/internal/cfapi/manager.go:249.24,250.19 1 2
github.com/CCoupel/GhostDrive/internal/cfapi/manager.go:251.23,252.18 1 4
github.com/CCoupel/GhostDrive/internal/cfapi/manager.go:253.23,254.18 1 2
github.com/CCoupel/GhostDrive/internal/cfapi/manager.go:255.25,256.20 1 2
github.com/CCoupel/GhostDrive/internal/cfapi/manager.go:257.10,258.19 1 0
github.com/CCoupel/GhostDrive/internal/cfapi/provider_stub.go:18.79,24.2 1 31
github.com/CCoupel/GhostDrive/internal/cfapi/provider_stub.go:26.86,26.100 1 13
github.com/CCoupel/GhostDrive/internal/cfapi/provider_stub.go:27.86,27.100 1 11
github.com/CCoupel/GhostDrive/internal/cfapi/provider_stub.go:28.86,28.100 1 12
github.com/CCoupel/GhostDrive/internal/cfapi/provider_stub.go:29.86,29.100 1 11
github.com/CCoupel/GhostDrive/internal/cfapi/provider_stub.go:30.87,30.104 1 5
github.com/CCoupel/GhostDrive/internal/cfapi/provider_stub.go:31.86,31.100 1 1
github.com/CCoupel/GhostDrive/internal/cfapi/provider_stub.go:32.86,32.100 1 12
github.com/CCoupel/GhostDrive/internal/cfapi/provider_stub.go:33.86,33.100 1 11
github.com/CCoupel/GhostDrive/internal/cfapi/provider_stub.go:34.86,34.100 1 2
github.com/CCoupel/GhostDrive/internal/cfapi/provider_stub.go:35.86,35.100 1 6
github.com/CCoupel/GhostDrive/internal/cfapi/storage_provider_stub.go:9.52,11.2 1 13
github.com/CCoupel/GhostDrive/plugins/local/local.go:60.21,60.42 1 43
github.com/CCoupel/GhostDrive/plugins/local/local.go:65.33,65.51 1 0
github.com/CCoupel/GhostDrive/plugins/local/local.go:70.55,86.2 1 1
github.com/CCoupel/GhostDrive/plugins/local/local.go:93.60,95.27 2 31
github.com/CCoupel/GhostDrive/plugins/local/local.go:95.27,97.3 1 1
github.com/CCoupel/GhostDrive/plugins/local/local.go:99.2,100.16 2 30
github.com/CCoupel/GhostDrive/plugins/local/local.go:100.16,102.3 1 1
github.com/CCoupel/GhostDrive/plugins/local/local.go:103.2,103.19 1 29
github.com/CCoupel/GhostDrive/plugins/local/local.go:103.19,105.3 1 0
github.com/CCoupel/GhostDrive/plugins/local/local.go:107.2,111.12 5 29
github.com/CCoupel/GhostDrive/plugins/local/local.go:116.38,122.2 5 30
github.com/CCoupel/GhostDrive/plugins/local/local.go:126.38,130.2 3 8
github.com/CCoupel/GhostDrive/plugins/local/local.go:140.55,148.16 5 40
github.com/CCoupel/GhostDrive/plugins/local/local.go:148.16,150.3 1 8
github.com/CCoupel/GhostDrive/plugins/local/local.go:152.2,156.85 3 32
github.com/CCoupel/GhostDrive/plugins/local/local.go:156.85,158.3 1 3
github.com/CCoupel/GhostDrive/plugins/local/local.go:159.2,159.17 1 29
github.com/CCoupel/GhostDrive/plugins/local/local.go:168.110,169.34 1 4
github.com/CCoupel/GhostDrive/plugins/local/local.go:169.34,171.3 1 0
github.com/CCoupel/GhostDrive/plugins/local/local.go:172.2,173.16 2 4
github.com/CCoupel/GhostDrive/plugins/local/local.go:173.16,175.3 1 1
github.com/CCoupel/GhostDrive/plugins/local/local.go:177.2,178.16 2 3
github.com/CCoupel/GhostDrive/plugins/local/local.go:178.16,180.3 1 0
github.com/CCoupel/GhostDrive/plugins/local/local.go:181.2,184.16 3 3
github.com/CCoupel/GhostDrive/plugins/local/local.go:184.16,186.3 1 0
github.com/CCoupel/GhostDrive/plugins/local/local.go:188.2,188.66 1 3
github.com/CCoupel/GhostDrive/plugins/local/local.go:188.66,190.3 1 0
github.com/CCoupel/GhostDrive/plugins/local/local.go:192.2,193.16 2 3
github.com/CCoupel/GhostDrive/plugins/local/local.go:193.16,195.3 1 0
github.com/CCoupel/GhostDrive/plugins/local/local.go:196.2,199.21 3 3
github.com/CCoupel/GhostDrive/plugins/local/local.go:199.21,201.3 1 1
github.com/CCoupel/GhostDrive/plugins/local/local.go:202.2,202.48 1 3
github.com/CCoupel/GhostDrive/plugins/local/local.go:202.48,204.3 1 0
github.com/CCoupel/GhostDrive/plugins/local/local.go:205.2,205.12 1 3
github.com/CCoupel/GhostDrive/plugins/local/local.go:212.112,213.34 1 3
github.com/CCoupel/GhostDrive/plugins/local/local.go:213.34,215.3 1 0
github.com/CCoupel/GhostDrive/plugins/local/local.go:216.2,217.16 2 3
github.com/CCoupel/GhostDrive/plugins/local/local.go:217.16,219.3 1 1
github.com/CCoupel/GhostDrive/plugins/local/local.go:221.2,222.16 2 2
github.com/CCoupel/GhostDrive/plugins/local/local.go:222.16,223.37 1 1
github.com/CCoupel/GhostDrive/plugins/local/local.go:223.37,225.4 1 1
github.com/CCoupel/GhostDrive/plugins/local/local.go:226.3,226.72 1 0
github.com/CCoupel/GhostDrive/plugins/local/local.go:228.2,231.16 3 1
github.com/CCoupel/GhostDrive/plugins/local/local.go:231.16,233.3 1 0
github.com/CCoupel/GhostDrive/plugins/local/local.go:235.2,235.63 1 1
github.com/CCoupel/GhostDrive/plugins/local/local.go:235.63,237.3 1 0
github.com/CCoupel/GhostDrive/plugins/local/local.go:239.2,240.16 2 1
github.com/CCoupel/GhostDrive/plugins/local/local.go:240.16,242.3 1 0
github.com/CCoupel/GhostDrive/plugins/local/local.go:243.2,246.21 3 1
github.com/CCoupel/GhostDrive/plugins/local/local.go:246.21,248.3 1 0
github.com/CCoupel/GhostDrive/plugins/local/local.go:249.2,249.48 1 1
github.com/CCoupel/GhostDrive/plugins/local/local.go:249.48,251.3 1 0
github.com/CCoupel/GhostDrive/plugins/local/local.go:252.2,252.12 1 1
github.com/CCoupel/GhostDrive/plugins/local/local.go:257.68,259.16 2 7
github.com/CCoupel/GhostDrive/plugins/local/local.go:259.16,261.3 1 4
github.com/CCoupel/GhostDrive/plugins/local/local.go:262.2,262.39 1 3
github.com/CCoupel/GhostDrive/plugins/local/local.go:262.39,263.37 1 2
github.com/CCoupel/GhostDrive/plugins/local/local.go:263.37,265.4 1 2
github.com/CCoupel/GhostDrive/plugins/local/local.go:266.3,266.57 1 0
github.com/CCoupel/GhostDrive/plugins/local/local.go:268.2,268.12 1 1
github.com/CCoupel/GhostDrive/plugins/local/local.go:273.76,275.16 2 3
github.com/CCoupel/GhostDrive/plugins/local/local.go:275.16,277.3 1 1
github.com/CCoupel/GhostDrive/plugins/local/local.go:278.2,279.16 2 2
github.com/CCoupel/GhostDrive/plugins/local/local.go:279.16,281.3 1 0
github.com/CCoupel/GhostDrive/plugins/local/local.go:282.2,282.50 1 2
github.com/CCoupel/GhostDrive/plugins/local/local.go:282.50,283.37 1 1
github.com/CCoupel/GhostDrive/plugins/local/local.go:283.37,285.4 1 1
github.com/CCoupel/GhostDrive/plugins/local/local.go:286.3,286.71 1 0
github.com/CCoupel/GhostDrive/plugins/local/local.go:288.2,288.12 1 1
github.com/CCoupel/GhostDrive/plugins/local/local.go:296.86,298.16 2 5
github.com/CCoupel/GhostDrive/plugins/local/local.go:298.16,300.3 1 1
github.com/CCoupel/GhostDrive/plugins/local/local.go:302.2,303.16 2 4
github.com/CCoupel/GhostDrive/plugins/local/local.go:303.16,304.37 1 1
github.com/CCoupel/GhostDrive/plugins/local/local.go:304.37,306.4 1 1
github.com/CCoupel/GhostDrive/plugins/local/local.go:307.3,307.58 1 0
github.com/CCoupel/GhostDrive/plugins/local/local.go:310.2,311.32 2 3
github.com/CCoupel/GhostDrive/plugins/local/local.go:311.32,313.17 2 5
github.com/CCoupel/GhostDrive/plugins/local/local.go:313.17,314.12 1 0
github.com/CCoupel/GhostDrive/plugins/local/local.go:316.3,322.5 1 5
github.com/CCoupel/GhostDrive/plugins/local/local.go:324.2,324.20 1 3
github.com/CCoupel/GhostDrive/plugins/local/local.go:329.85,331.16 2 5
github.com/CCoupel/GhostDrive/plugins/local/local.go:331.16,333.3 1 1
github.com/CCoupel/GhostDrive/plugins/local/local.go:335.2,336.16 2 4
github.com/CCoupel/GhostDrive/plugins/local/local.go:336.16,337.37 1 1
github.com/CCoupel/GhostDrive/plugins/local/local.go:337.37,339.4 1 1
github.com/CCoupel/GhostDrive/plugins/local/local.go:340.3,340.58 1 0
github.com/CCoupel/GhostDrive/plugins/local/local.go:343.2,349.8 1 3
github.com/CCoupel/GhostDrive/plugins/local/local.go:354.69,356.16 2 4
github.com/CCoupel/GhostDrive/plugins/local/local.go:356.16,358.3 1 1
github.com/CCoupel/GhostDrive/plugins/local/local.go:359.2,359.76 1 3
github.com/CCoupel/GhostDrive/plugins/local/local.go:359.76,361.3 1 0
github.com/CCoupel/GhostDrive/plugins/local/local.go:362.2,362.12 1 3
github.com/CCoupel/GhostDrive/plugins/local/local.go:371.93,373.16 2 3
github.com/CCoupel/GhostDrive/plugins/local/local.go:373.16,375.3 1 1
github.com/CCoupel/GhostDrive/plugins/local/local.go:377.2,378.16 2 2
github.com/CCoupel/GhostDrive/plugins/local/local.go:378.16,380.3 1 0
github.com/CCoupel/GhostDrive/plugins/local/local.go:382.2,382.41 1 2
github.com/CCoupel/GhostDrive/plugins/local/local.go:382.41,385.3 2 0
github.com/CCoupel/GhostDrive/plugins/local/local.go:387.2,389.12 2 2
github.com/CCoupel/GhostDrive/plugins/local/local.go:389.12,393.7 3 2
github.com/CCoupel/GhostDrive/plugins/local/local.go:393.7,394.11 1 4
github.com/CCoupel/GhostDrive/plugins/local/local.go:395.39,396.12 1 2
github.com/CCoupel/GhostDrive/plugins/local/local.go:396.12,398.6 1 0
github.com/CCoupel/GhostDrive/plugins/local/local.go:399.5,400.12 2 2
github.com/CCoupel/GhostDrive/plugins/local/local.go:401.19,401.19 0 2
github.com/CCoupel/GhostDrive/plugins/local/local.go:402.23,403.12 1 0
github.com/CCoupel/GhostDrive/plugins/local/local.go:405.37,406.12 1 0
github.com/CCoupel/GhostDrive/plugins/local/local.go:406.12,408.6 1 0
github.com/CCoupel/GhostDrive/plugins/local/local.go:410.5,410.56 1 0
github.com/CCoupel/GhostDrive/plugins/local/local.go:411.22,412.11 1 2
github.com/CCoupel/GhostDrive/plugins/local/local.go:417.2,417.16 1 2
github.com/CCoupel/GhostDrive/plugins/local/local.go:421.54,427.9 2 2
github.com/CCoupel/GhostDrive/plugins/local/local.go:428.33,429.37 1 1
github.com/CCoupel/GhostDrive/plugins/local/local.go:430.32,431.38 1 1
github.com/CCoupel/GhostDrive/plugins/local/local.go:432.33,433.37 1 0
github.com/CCoupel/GhostDrive/plugins/local/local.go:434.33,435.37 1 0
github.com/CCoupel/GhostDrive/plugins/local/local.go:436.10,437.38 1 0
github.com/CCoupel/GhostDrive/plugins/local/local.go:439.2,439.11 1 2
github.com/CCoupel/GhostDrive/plugins/local/local.go:448.100,449.22 1 5
github.com/CCoupel/GhostDrive/plugins/local/local.go:449.22,451.3 1 1
github.com/CCoupel/GhostDrive/plugins/local/local.go:452.2,452.34 1 4
github.com/CCoupel/GhostDrive/plugins/local/local.go:452.34,454.3 1 0
github.com/CCoupel/GhostDrive/plugins/local/local.go:456.2,457.16 2 4
github.com/CCoupel/GhostDrive/plugins/local/local.go:457.16,459.3 1 0
github.com/CCoupel/GhostDrive/plugins/local/local.go:461.2,462.16 2 4
github.com/CCoupel/GhostDrive/plugins/local/local.go:462.16,463.37 1 1
github.com/CCoupel/GhostDrive/plugins/local/local.go:463.37,465.4 1 1
github.com/CCoupel/GhostDrive/plugins/local/local.go:466.3,466.68 1 0
github.com/CCoupel/GhostDrive/plugins/local/local.go:468.2,470.17 2 3
github.com/CCoupel/GhostDrive/plugins/local/local.go:470.17,472.3 1 0
github.com/CCoupel/GhostDrive/plugins/local/local.go:474.2,476.33 3 3
github.com/CCoupel/GhostDrive/plugins/local/local.go:476.33,478.3 1 0
github.com/CCoupel/GhostDrive/plugins/local/local.go:479.2,479.21 1 3
github.com/CCoupel/GhostDrive/plugins/local/local.go:484.37,484.49 1 1
github.com/CCoupel/GhostDrive/plugins/local/local.go:497.61,500.24 3 2
github.com/CCoupel/GhostDrive/plugins/local/local.go:500.24,502.3 1 2
github.com/CCoupel/GhostDrive/plugins/local/local.go:503.2,503.8 1 2
github.com/CCoupel/GhostDrive/plugins/local/local.go:515.62,518.24 3 0
github.com/CCoupel/GhostDrive/plugins/local/local.go:518.24,520.3 1 0
github.com/CCoupel/GhostDrive/plugins/local/local.go:521.2,521.8 1 0
github.com/CCoupel/GhostDrive/plugins/local/local_notwindows.go:14.78,20.16 5 2
github.com/CCoupel/GhostDrive/plugins/local/local_notwindows.go:20.16,22.3 1 1
github.com/CCoupel/GhostDrive/plugins/local/local_notwindows.go:24.2,25.56 2 1
github.com/CCoupel/GhostDrive/plugins/local/local_notwindows.go:25.56,27.3 1 0
github.com/CCoupel/GhostDrive/plugins/local/local_notwindows.go:32.2,34.6 1 1
github.com/CCoupel/GhostDrive/internal/app/about.go:45.40,48.43 2 0
github.com/CCoupel/GhostDrive/internal/app/about.go:48.43,52.3 3 0
github.com/CCoupel/GhostDrive/internal/app/about.go:54.2,60.41 2 0
github.com/CCoupel/GhostDrive/internal/app/about.go:60.41,62.33 2 0
github.com/CCoupel/GhostDrive/internal/app/about.go:62.33,63.17 1 0
github.com/CCoupel/GhostDrive/internal/app/about.go:64.24,66.52 1 0
github.com/CCoupel/GhostDrive/internal/app/about.go:66.52,68.6 1 0
github.com/CCoupel/GhostDrive/internal/app/about.go:68.11,68.55 1 0
github.com/CCoupel/GhostDrive/internal/app/about.go:68.55,70.6 1 0
github.com/CCoupel/GhostDrive/internal/app/about.go:71.20,72.22 1 0
github.com/CCoupel/GhostDrive/internal/app/about.go:72.22,74.6 1 0
github.com/CCoupel/GhostDrive/internal/app/about.go:78.2,78.13 1 0
github.com/CCoupel/GhostDrive/internal/app/about.go:86.33,88.2 1 0
github.com/CCoupel/GhostDrive/internal/app/about.go:91.71,97.2 1 0
github.com/CCoupel/GhostDrive/internal/app/app.go:56.34,57.19 1 0
github.com/CCoupel/GhostDrive/internal/app/app.go:57.19,58.48 1 0
github.com/CCoupel/GhostDrive/internal/app/app.go:58.48,60.4 1 0
github.com/CCoupel/GhostDrive/internal/app/app.go:62.2,74.10 3 0
github.com/CCoupel/GhostDrive/internal/app/app.go:78.44,83.26 3 3
github.com/CCoupel/GhostDrive/internal/app/app.go:83.26,85.3 1 2
github.com/CCoupel/GhostDrive/internal/app/app.go:86.2,86.23 1 3
github.com/CCoupel/GhostDrive/internal/app/app.go:86.23,88.3 1 3
github.com/CCoupel/GhostDrive/internal/app/app.go:89.2,93.44 2 3
github.com/CCoupel/GhostDrive/internal/app/app.go:93.44,94.19 1 9
github.com/CCoupel/GhostDrive/internal/app/app.go:94.19,96.4 1 0
github.com/CCoupel/GhostDrive/internal/app/app.go:98.2,107.16 7 3
github.com/CCoupel/GhostDrive/internal/app/app.go:107.16,110.17 3 0
github.com/CCoupel/GhostDrive/internal/app/app.go:110.17,113.4 2 0
github.com/CCoupel/GhostDrive/internal/app/app.go:115.2,116.16 2 3
github.com/CCoupel/GhostDrive/internal/app/app.go:116.16,120.3 3 0
github.com/CCoupel/GhostDrive/internal/app/app.go:121.2,126.27 6 3
github.com/CCoupel/GhostDrive/internal/app/app.go:126.27,128.3 1 2
github.com/CCoupel/GhostDrive/internal/app/app.go:129.2,129.35 1 3
github.com/CCoupel/GhostDrive/internal/app/app.go:129.35,131.3 1 3
github.com/CCoupel/GhostDrive/internal/app/app.go:132.2,132.26 1 3
github.com/CCoupel/GhostDrive/internal/app/app.go:132.26,134.3 1 3
github.com/CCoupel/GhostDrive/internal/app/app.go:136.2,142.48 4 3
github.com/CCoupel/GhostDrive/internal/app/app.go:142.48,144.3 1 0
github.com/CCoupel/GhostDrive/internal/app/app.go:153.2,155.21 3 3
github.com/CCoupel/GhostDrive/internal/app/app.go:155.21,157.3 1 0
github.com/CCoupel/GhostDrive/internal/app/app.go:157.8,165.59 5 3
github.com/CCoupel/GhostDrive/internal/app/app.go:165.59,167.23 2 2
github.com/CCoupel/GhostDrive/internal/app/app.go:167.23,170.5 2 0
github.com/CCoupel/GhostDrive/internal/app/app.go:171.4,171.12 1 2
github.com/CCoupel/GhostDrive/internal/app/app.go:177.2,178.19 2 3
github.com/CCoupel/GhostDrive/internal/app/app.go:178.19,181.3 2 0
github.com/CCoupel/GhostDrive/internal/app/app.go:182.2,184.46 3 3
github.com/CCoupel/GhostDrive/internal/app/app.go:184.46,186.3 1 0
github.com/CCoupel/GhostDrive/internal/app/app.go:189.2,189.26 1 3
github.com/CCoupel/GhostDrive/internal/app/app.go:189.26,191.58 2 3
github.com/CCoupel/GhostDrive/internal/app/app.go:191.58,193.4 1 0
github.com/CCoupel/GhostDrive/internal/app/app.go:194.3,194.16 1 3
github.com/CCoupel/GhostDrive/internal/app/app.go:199.2,202.29 3 3
github.com/CCoupel/GhostDrive/internal/app/app.go:202.29,204.20 2 0
github.com/CCoupel/GhostDrive/internal/app/app.go:204.20,206.5 1 0
github.com/CCoupel/GhostDrive/internal/app/app.go:207.4,208.20 2 0
github.com/CCoupel/GhostDrive/internal/app/app.go:211.3,211.34 1 3
github.com/CCoupel/GhostDrive/internal/app/app.go:211.34,214.4 2 3
github.com/CCoupel/GhostDrive/internal/app/app.go:215.3,219.16 4 3
github.com/CCoupel/GhostDrive/internal/app/app.go:219.16,220.74 1 3
github.com/CCoupel/GhostDrive/internal/app/app.go:220.74,222.5 1 0
github.com/CCoupel/GhostDrive/internal/app/app.go:227.2,241.38 11 3
github.com/CCoupel/GhostDrive/internal/app/app.go:241.38,242.18 1 1
github.com/CCoupel/GhostDrive/internal/app/app.go:242.18,243.12 1 1
github.com/CCoupel/GhostDrive/internal/app/app.go:245.3,245.43 1 0
github.com/CCoupel/GhostDrive/internal/app/app.go:245.43,252.12 5 0
github.com/CCoupel/GhostDrive/internal/app/app.go:255.3,256.9 2 0
github.com/CCoupel/GhostDrive/internal/app/app.go:256.9,263.4 1 0
github.com/CCoupel/GhostDrive/internal/app/app.go:265.3,265.18 1 0
github.com/CCoupel/GhostDrive/internal/app/app.go:265.18,266.45 1 0
github.com/CCoupel/GhostDrive/internal/app/app.go:266.45,268.5 1 0
github.com/CCoupel/GhostDrive/internal/app/app.go:273.2,273.30 1 3
github.com/CCoupel/GhostDrive/internal/app/app.go:273.30,274.92 1 0
github.com/CCoupel/GhostDrive/internal/app/app.go:274.92,281.4 2 0
github.com/CCoupel/GhostDrive/internal/app/app.go:281.9,282.54 1 0
github.com/CCoupel/GhostDrive/internal/app/app.go:282.54,290.5 1 0
github.com/CCoupel/GhostDrive/internal/app/app.go:295.2,295.52 1 3
github.com/CCoupel/GhostDrive/internal/app/app.go:295.52,301.31 6 0
github.com/CCoupel/GhostDrive/internal/app/app.go:301.31,302.34 1 0
github.com/CCoupel/GhostDrive/internal/app/app.go:302.34,304.5 1 0
github.com/CCoupel/GhostDrive/internal/app/app.go:306.3,306.67 1 0
github.com/CCoupel/GhostDrive/internal/app/app.go:306.67,308.4 1 0
github.com/CCoupel/GhostDrive/internal/app/app.go:311.2,314.4 1 3
github.com/CCoupel/GhostDrive/internal/app/app.go:318.45,320.24 1 1
github.com/CCoupel/GhostDrive/internal/app/app.go:320.24,321.47 1 0
github.com/CCoupel/GhostDrive/internal/app/app.go:321.47,323.4 1 0
github.com/CCoupel/GhostDrive/internal/app/app.go:327.2,328.36 2 1
github.com/CCoupel/GhostDrive/internal/app/app.go:328.36,329.36 1 0
github.com/CCoupel/GhostDrive/internal/app/app.go:329.36,331.4 1 0
github.com/CCoupel/GhostDrive/internal/app/app.go:333.2,337.27 3 1
github.com/CCoupel/GhostDrive/internal/app/app.go:337.27,338.57 1 1
github.com/CCoupel/GhostDrive/internal/app/app.go:338.57,340.4 1 0
github.com/CCoupel/GhostDrive/internal/app/app.go:342.3,342.53 1 1
github.com/CCoupel/GhostDrive/internal/app/app.go:342.53,344.4 1 0
github.com/CCoupel/GhostDrive/internal/app/app.go:347.2,349.36 3 1
github.com/CCoupel/GhostDrive/internal/app/app.go:349.36,352.3 2 0
github.com/CCoupel/GhostDrive/internal/app/app.go:355.2,355.26 1 1
github.com/CCoupel/GhostDrive/internal/app/app.go:355.26,356.46 1 0
github.com/CCoupel/GhostDrive/internal/app/app.go:356.46,358.4 1 0
github.com/CCoupel/GhostDrive/internal/app/app.go:362.2,362.27 1 1
github.com/CCoupel/GhostDrive/internal/app/app.go:362.27,364.3 1 0
github.com/CCoupel/GhostDrive/internal/app/app.go:370.44,374.2 3 0
github.com/CCoupel/GhostDrive/internal/app/app.go:377.54,383.2 5 0
github.com/CCoupel/GhostDrive/internal/app/app.go:386.35,390.2 3 0
github.com/CCoupel/GhostDrive/internal/app/app.go:395.51,396.26 1 0
github.com/CCoupel/GhostDrive/internal/app/app.go:396.26,400.30 4 0
github.com/CCoupel/GhostDrive/internal/app/app.go:400.30,401.51 1 0
github.com/CCoupel/GhostDrive/internal/app/app.go:401.51,404.5 2 0
github.com/CCoupel/GhostDrive/internal/app/app.go:406.3,406.15 1 0
github.com/CCoupel/GhostDrive/internal/app/app.go:408.2,408.34 1 0
github.com/CCoupel/GhostDrive/internal/app/app.go:415.52,416.26 1 0
github.com/CCoupel/GhostDrive/internal/app/app.go:416.26,418.3 1 0
github.com/CCoupel/GhostDrive/internal/app/app.go:419.2,420.18 2 0
github.com/CCoupel/GhostDrive/internal/app/app.go:420.18,422.3 1 0
github.com/CCoupel/GhostDrive/internal/app/app.go:423.2,424.26 2 0
github.com/CCoupel/GhostDrive/internal/app/app.go:424.26,425.27 1 0
github.com/CCoupel/GhostDrive/internal/app/app.go:425.27,426.12 1 0
github.com/CCoupel/GhostDrive/internal/app/app.go:428.3,428.58 1 0
github.com/CCoupel/GhostDrive/internal/app/app.go:430.2,430.15 1 0
github.com/CCoupel/GhostDrive/internal/app/app.go:439.65,443.34 4 2
github.com/CCoupel/GhostDrive/internal/app/app.go:443.34,445.3 1 1
github.com/CCoupel/GhostDrive/internal/app/app.go:446.2,446.15 1 2
github.com/CCoupel/GhostDrive/internal/app/app.go:454.37,455.26 1 0
github.com/CCoupel/GhostDrive/internal/app/app.go:455.26,457.3 1 0
github.com/CCoupel/GhostDrive/internal/app/app.go:458.2,458.47 1 0
github.com/CCoupel/GhostDrive/internal/app/app.go:458.47,460.3 1 0
github.com/CCoupel/GhostDrive/internal/app/app.go:461.2,463.12 3 0
github.com/CCoupel/GhostDrive/internal/app/app.go:475.83,481.24 2 8
github.com/CCoupel/GhostDrive/internal/app/app.go:481.24,486.67 4 8
github.com/CCoupel/GhostDrive/internal/app/app.go:486.67,488.4 1 0
github.com/CCoupel/GhostDrive/internal/app/app.go:489.3,489.27 1 8
github.com/CCoupel/GhostDrive/internal/app/app.go:492.2,492.22 1 8
github.com/CCoupel/GhostDrive/internal/app/app.go:492.22,494.3 1 8
github.com/CCoupel/GhostDrive/internal/app/app.go:497.2,497.25 1 8
github.com/CCoupel/GhostDrive/internal/app/app.go:497.25,500.37 3 6
github.com/CCoupel/GhostDrive/internal/app/app.go:500.37,501.27 1 0
github.com/CCoupel/GhostDrive/internal/app/app.go:501.27,503.5 1 0
github.com/CCoupel/GhostDrive/internal/app/app.go:505.3,506.68 2 6
github.com/CCoupel/GhostDrive/internal/app/app.go:511.2,512.16 2 8
github.com/CCoupel/GhostDrive/internal/app/app.go:512.16,514.3 1 0
github.com/CCoupel/GhostDrive/internal/app/app.go:515.2,518.54 2 8
github.com/CCoupel/GhostDrive/internal/app/app.go:518.54,520.3 1 0
github.com/CCoupel/GhostDrive/internal/app/app.go:523.2,523.17 1 8
github.com/CCoupel/GhostDrive/internal/app/app.go:523.17,525.3 1 8
github.com/CCoupel/GhostDrive/internal/app/app.go:528.2,534.47 6 8
github.com/CCoupel/GhostDrive/internal/app/app.go:534.47,536.3 1 0
github.com/CCoupel/GhostDrive/internal/app/app.go:537.2,537.16 1 8
github.com/CCoupel/GhostDrive/internal/app/app.go:547.64,550.36 3 3
github.com/CCoupel/GhostDrive/internal/app/app.go:550.36,551.18 1 3
github.com/CCoupel/GhostDrive/internal/app/app.go:551.18,553.9 2 3
github.com/CCoupel/GhostDrive/internal/app/app.go:556.2,556.15 1 3
github.com/CCoupel/GhostDrive/internal/app/app.go:556.15,559.3 2 0
github.com/CCoupel/GhostDrive/internal/app/app.go:560.2,566.14 6 3
github.com/CCoupel/GhostDrive/internal/app/app.go:566.14,570.76 2 1
github.com/CCoupel/GhostDrive/internal/app/app.go:570.76,573.4 1 1
github.com/CCoupel/GhostDrive/internal/app/app.go:575.3,578.25 2 1
github.com/CCoupel/GhostDrive/internal/app/app.go:578.25,579.47 1 0
github.com/CCoupel/GhostDrive/internal/app/app.go:579.47,581.5 1 0
github.com/CCoupel/GhostDrive/internal/app/app.go:585.3,588.48 4 1
github.com/CCoupel/GhostDrive/internal/app/app.go:588.48,590.4 1 0
github.com/CCoupel/GhostDrive/internal/app/app.go:591.3,602.5 6 1
github.com/CCoupel/GhostDrive/internal/app/app.go:603.8,606.43 1 2
github.com/CCoupel/GhostDrive/internal/app/app.go:606.43,609.56 2 1
github.com/CCoupel/GhostDrive/internal/app/app.go:609.56,611.5 1 1
github.com/CCoupel/GhostDrive/internal/app/app.go:613.4,615.43 3 1
github.com/CCoupel/GhostDrive/internal/app/app.go:618.3,625.76 5 1
github.com/CCoupel/GhostDrive/internal/app/app.go:625.76,630.56 4 1
github.com/CCoupel/GhostDrive/internal/app/app.go:630.56,632.5 1 1
github.com/CCoupel/GhostDrive/internal/app/app.go:633.4,639.60 3 1
github.com/CCoupel/GhostDrive/internal/app/app.go:642.3,642.53 1 0
github.com/CCoupel/GhostDrive/internal/app/app.go:642.53,650.4 1 0
github.com/CCoupel/GhostDrive/internal/app/app.go:652.3,655.25 2 0
github.com/CCoupel/GhostDrive/internal/app/app.go:655.25,666.59 6 0
github.com/CCoupel/GhostDrive/internal/app/app.go:666.59,668.5 1 0
github.com/CCoupel/GhostDrive/internal/app/app.go:671.3,674.48 4 0
github.com/CCoupel/GhostDrive/internal/app/app.go:674.48,676.4 1 0
github.com/CCoupel/GhostDrive/internal/app/app.go:677.3,677.18 1 0
github.com/CCoupel/GhostDrive/internal/app/app.go:677.18,679.4 1 0
github.com/CCoupel/GhostDrive/internal/app/app.go:682.2,685.12 4 1
github.com/CCoupel/GhostDrive/internal/app/app.go:691.59,694.36 3 0
github.com/CCoupel/GhostDrive/internal/app/app.go:694.36,695.18 1 0
github.com/CCoupel/GhostDrive/internal/app/app.go:695.18,697.9 2 0
github.com/CCoupel/GhostDrive/internal/app/app.go:700.2,700.15 1 0
github.com/CCoupel/GhostDrive/internal/app/app.go:700.15,703.3 2 0
github.com/CCoupel/GhostDrive/internal/app/app.go:704.2,709.47 5 0
github.com/CCoupel/GhostDrive/internal/app/app.go:709.47,711.3 1 0
github.com/CCoupel/GhostDrive/internal/app/app.go:713.2,713.15 1 0
github.com/CCoupel/GhostDrive/internal/app/app.go:713.15,715.3 1 0
github.com/CCoupel/GhostDrive/internal/app/app.go:715.8,716.56 1 0
github.com/CCoupel/GhostDrive/internal/app/app.go:716.56,718.4 1 0
github.com/CCoupel/GhostDrive/internal/app/app.go:721.2,722.12 2 0
github.com/CCoupel/GhostDrive/internal/app/app.go:726.60,727.25 1 2
github.com/CCoupel/GhostDrive/internal/app/app.go:727.25,728.18 1 2
github.com/CCoupel/GhostDrive/internal/app/app.go:728.18,730.4 1 2
github.com/CCoupel/GhostDrive/internal/app/app.go:732.2,732.11 1 0
github.com/CCoupel/GhostDrive/internal/app/app.go:737.53,742.72 2 2
github.com/CCoupel/GhostDrive/internal/app/app.go:742.72,744.3 1 0
github.com/CCoupel/GhostDrive/internal/app/app.go:746.2,746.52 1 2
github.com/CCoupel/GhostDrive/internal/app/app.go:746.52,749.50 1 2
github.com/CCoupel/GhostDrive/internal/app/app.go:749.50,751.4 1 0
github.com/CCoupel/GhostDrive/internal/app/app.go:755.2,757.35 3 2
github.com/CCoupel/GhostDrive/internal/app/app.go:757.35,758.24 1 1
github.com/CCoupel/GhostDrive/internal/app/app.go:758.24,760.4 1 0
github.com/CCoupel/GhostDrive/internal/app/app.go:762.2,769.31 6 2
github.com/CCoupel/GhostDrive/internal/app/app.go:779.89,784.36 4 5
github.com/CCoupel/GhostDrive/internal/app/app.go:784.36,785.24 1 4
github.com/CCoupel/GhostDrive/internal/app/app.go:785.24,788.9 3 4
github.com/CCoupel/GhostDrive/internal/app/app.go:791.2,793.15 2 5
github.com/CCoupel/GhostDrive/internal/app/app.go:793.15,795.3 1 1
github.com/CCoupel/GhostDrive/internal/app/app.go:798.2,801.51 2 4
github.com/CCoupel/GhostDrive/internal/app/app.go:801.51,802.50 1 4
github.com/CCoupel/GhostDrive/internal/app/app.go:802.50,804.4 1 0
github.com/CCoupel/GhostDrive/internal/app/app.go:808.2,809.27 2 4
github.com/CCoupel/GhostDrive/internal/app/app.go:809.27,811.3 1 0
github.com/CCoupel/GhostDrive/internal/app/app.go:812.2,812.25 1 4
github.com/CCoupel/GhostDrive/internal/app/app.go:812.25,814.3 1 0
github.com/CCoupel/GhostDrive/internal/app/app.go:817.2,818.16 2 4
github.com/CCoupel/GhostDrive/internal/app/app.go:818.16,820.3 1 0
github.com/CCoupel/GhostDrive/internal/app/app.go:821.2,824.19 2 4
github.com/CCoupel/GhostDrive/internal/app/app.go:824.19,825.46 1 1
github.com/CCoupel/GhostDrive/internal/app/app.go:825.46,831.4 4 0
github.com/CCoupel/GhostDrive/internal/app/app.go:833.3,840.66 5 1
github.com/CCoupel/GhostDrive/internal/app/app.go:840.66,844.4 1 1
github.com/CCoupel/GhostDrive/internal/app/app.go:845.3,845.29 1 1
github.com/CCoupel/GhostDrive/internal/app/app.go:845.29,847.10 2 1
github.com/CCoupel/GhostDrive/internal/app/app.go:847.10,854.90 2 1
github.com/CCoupel/GhostDrive/internal/app/app.go:854.90,861.6 2 1
github.com/CCoupel/GhostDrive/internal/app/app.go:861.11,862.57 1 0
github.com/CCoupel/GhostDrive/internal/app/app.go:862.57,870.7 1 0
github.com/CCoupel/GhostDrive/internal/app/app.go:876.3,876.21 1 1
github.com/CCoupel/GhostDrive/internal/app/app.go:876.21,877.56 1 0
github.com/CCoupel/GhostDrive/internal/app/app.go:877.56,879.5 1 0
github.com/CCoupel/GhostDrive/internal/app/app.go:884.2,889.36 3 4
github.com/CCoupel/GhostDrive/internal/app/app.go:889.36,890.24 1 4
github.com/CCoupel/GhostDrive/internal/app/app.go:890.24,892.9 2 4
github.com/CCoupel/GhostDrive/internal/app/app.go:895.2,895.20 1 4
github.com/CCoupel/GhostDrive/internal/app/app.go:895.20,898.3 2 0
github.com/CCoupel/GhostDrive/internal/app/app.go:899.2,904.47 5 4
github.com/CCoupel/GhostDrive/internal/app/app.go:904.47,906.3 1 0
github.com/CCoupel/GhostDrive/internal/app/app.go:907.2,907.19 1 4
github.com/CCoupel/GhostDrive/internal/app/app.go:911.92,914.16 3 0
github.com/CCoupel/GhostDrive/internal/app/app.go:914.16,917.3 2 0
github.com/CCoupel/GhostDrive/internal/app/app.go:918.2,918.38 1 0
github.com/CCoupel/GhostDrive/internal/app/app.go:918.38,921.3 2 0
github.com/CCoupel/GhostDrive/internal/app/app.go:922.2,924.70 2 0
github.com/CCoupel/GhostDrive/internal/app/app.go:924.70,927.3 2 0
github.com/CCoupel/GhostDrive/internal/app/app.go:927.8,931.3 2 0
github.com/CCoupel/GhostDrive/internal/app/app.go:932.2,933.20 2 0
github.com/CCoupel/GhostDrive/internal/app/app.go:940.54,942.2 1 0
github.com/CCoupel/GhostDrive/internal/app/app.go:945.27,947.2 1 0
github.com/CCoupel/GhostDrive/internal/app/app.go:950.58,952.2 1 0
github.com/CCoupel/GhostDrive/internal/app/app.go:955.84,957.9 2 0
github.com/CCoupel/GhostDrive/internal/app/app.go:957.9,959.3 1 0
github.com/CCoupel/GhostDrive/internal/app/app.go:960.2,960.43 1 0
github.com/CCoupel/GhostDrive/internal/app/app.go:967.71,969.9 2 0
github.com/CCoupel/GhostDrive/internal/app/app.go:969.9,971.3 1 0
github.com/CCoupel/GhostDrive/internal/app/app.go:972.2,982.69 5 0
github.com/CCoupel/GhostDrive/internal/app/app.go:982.69,984.3 1 0
github.com/CCoupel/GhostDrive/internal/app/app.go:987.2,987.67 1 0
github.com/CCoupel/GhostDrive/internal/app/app.go:987.67,989.3 1 0
github.com/CCoupel/GhostDrive/internal/app/app.go:991.2,991.38 1 0
github.com/CCoupel/GhostDrive/internal/app/app.go:991.38,993.16 2 0
github.com/CCoupel/GhostDrive/internal/app/app.go:993.16,995.4 1 0
github.com/CCoupel/GhostDrive/internal/app/app.go:996.3,1004.5 1 0
github.com/CCoupel/GhostDrive/internal/app/app.go:1007.2,1007.74 1 0
github.com/CCoupel/GhostDrive/internal/app/app.go:1012.59,1015.34 3 0
github.com/CCoupel/GhostDrive/internal/app/app.go:1015.34,1017.3 1 0
github.com/CCoupel/GhostDrive/internal/app/app.go:1018.2,1021.29 3 0
github.com/CCoupel/GhostDrive/internal/app/app.go:1021.29,1023.3 1 0
github.com/CCoupel/GhostDrive/internal/app/app.go:1024.2,1024.15 1 0
github.com/CCoupel/GhostDrive/internal/app/app.go:1028.34,1031.34 3 0
github.com/CCoupel/GhostDrive/internal/app/app.go:1031.34,1033.3 1 0
github.com/CCoupel/GhostDrive/internal/app/app.go:1034.2,1037.29 3 0
github.com/CCoupel/GhostDrive/internal/app/app.go:1037.29,1038.55 1 0
github.com/CCoupel/GhostDrive/internal/app/app.go:1038.55,1040.4 1 0
github.com/CCoupel/GhostDrive/internal/app/app.go:1042.2,1042.12 1 0
github.com/CCoupel/GhostDrive/internal/app/app.go:1048.68,1049.24 1 0
github.com/CCoupel/GhostDrive/internal/app/app.go:1049.24,1051.3 1 0
github.com/CCoupel/GhostDrive/internal/app/app.go:1052.2,1052.55 1 0
github.com/CCoupel/GhostDrive/internal/app/app.go:1056.54,1058.9 2 0
github.com/CCoupel/GhostDrive/internal/app/app.go:1058.9,1060.3 1 0
github.com/CCoupel/GhostDrive/internal/app/app.go:1061.2,1061.31 1 0
github.com/CCoupel/GhostDrive/internal/app/app.go:1066.40,1067.18 1 0
github.com/CCoupel/GhostDrive/internal/app/app.go:1067.18,1069.3 1 0
github.com/CCoupel/GhostDrive/internal/app/app.go:1070.2,1073.16 2 0
github.com/CCoupel/GhostDrive/internal/app/app.go:1073.16,1075.3 1 0
github.com/CCoupel/GhostDrive/internal/app/app.go:1076.2,1076.12 1 0
github.com/CCoupel/GhostDrive/internal/app/app.go:1082.46,1085.30 3 2
github.com/CCoupel/GhostDrive/internal/app/app.go:1085.30,1087.3 1 0
github.com/CCoupel/GhostDrive/internal/app/app.go:1089.2,1090.43 2 2
github.com/CCoupel/GhostDrive/internal/app/app.go:1090.43,1092.3 1 1
github.com/CCoupel/GhostDrive/internal/app/app.go:1093.2,1096.29 3 2
github.com/CCoupel/GhostDrive/internal/app/app.go:1096.29,1099.44 3 0
github.com/CCoupel/GhostDrive/internal/app/app.go:1099.44,1101.4 1 0
github.com/CCoupel/GhostDrive/internal/app/app.go:1102.3,1111.5 1 0
github.com/CCoupel/GhostDrive/internal/app/app.go:1116.2,1116.40 1 2
github.com/CCoupel/GhostDrive/internal/app/app.go:1116.40,1117.45 1 1
github.com/CCoupel/GhostDrive/internal/app/app.go:1117.45,1118.12 1 0
github.com/CCoupel/GhostDrive/internal/app/app.go:1120.3,1122.37 3 1
github.com/CCoupel/GhostDrive/internal/app/app.go:1122.37,1123.19 1 1
github.com/CCoupel/GhostDrive/internal/app/app.go:1123.19,1125.10 2 1
github.com/CCoupel/GhostDrive/internal/app/app.go:1128.3,1137.5 2 1
github.com/CCoupel/GhostDrive/internal/app/app.go:1140.2,1142.28 3 2
github.com/CCoupel/GhostDrive/internal/app/app.go:1142.28,1144.35 2 1
github.com/CCoupel/GhostDrive/internal/app/app.go:1144.35,1146.4 1 1
github.com/CCoupel/GhostDrive/internal/app/app.go:1147.3,1147.47 1 1
github.com/CCoupel/GhostDrive/internal/app/app.go:1150.2,1156.3 1 2
github.com/CCoupel/GhostDrive/internal/app/app.go:1160.49,1162.47 2 0
github.com/CCoupel/GhostDrive/internal/app/app.go:1162.47,1165.3 2 0
github.com/CCoupel/GhostDrive/internal/app/app.go:1166.2,1167.9 2 0
github.com/CCoupel/GhostDrive/internal/app/app.go:1167.9,1170.3 2 0
github.com/CCoupel/GhostDrive/internal/app/app.go:1171.2,1179.24 5 0
github.com/CCoupel/GhostDrive/internal/app/app.go:1179.24,1181.3 1 0
github.com/CCoupel/GhostDrive/internal/app/app.go:1182.2,1184.28 3 0
github.com/CCoupel/GhostDrive/internal/app/app.go:1188.48,1192.13 4 7
github.com/CCoupel/GhostDrive/internal/app/app.go:1192.13,1194.3 1 7
github.com/CCoupel/GhostDrive/internal/app/app.go:1195.2,1199.27 3 0
github.com/CCoupel/GhostDrive/internal/app/app.go:1199.27,1201.3 1 0
github.com/CCoupel/GhostDrive/internal/app/app.go:1202.2,1202.12 1 0
github.com/CCoupel/GhostDrive/internal/app/app.go:1206.49,1210.13 4 0
github.com/CCoupel/GhostDrive/internal/app/app.go:1210.13,1212.3 1 0
github.com/CCoupel/GhostDrive/internal/app/app.go:1213.2,1215.12 3 0
github.com/CCoupel/GhostDrive/internal/app/app.go:1219.50,1223.13 4 0
github.com/CCoupel/GhostDrive/internal/app/app.go:1223.13,1225.3 1 0
github.com/CCoupel/GhostDrive/internal/app/app.go:1226.2,1228.12 3 0
github.com/CCoupel/GhostDrive/internal/app/app.go:1232.49,1236.13 4 0
github.com/CCoupel/GhostDrive/internal/app/app.go:1236.13,1239.3 1 0
github.com/CCoupel/GhostDrive/internal/app/app.go:1240.2,1240.12 1 0
github.com/CCoupel/GhostDrive/internal/app/app.go:1240.12,1241.44 1 0
github.com/CCoupel/GhostDrive/internal/app/app.go:1241.44,1243.4 1 0
github.com/CCoupel/GhostDrive/internal/app/app.go:1245.2,1245.12 1 0
github.com/CCoupel/GhostDrive/internal/app/app.go:1249.22,1253.16 4 0
github.com/CCoupel/GhostDrive/internal/app/app.go:1253.16,1255.3 1 0
github.com/CCoupel/GhostDrive/internal/app/app.go:1259.41,1263.2 3 0
github.com/CCoupel/GhostDrive/internal/app/app.go:1268.44,1269.18 1 7
github.com/CCoupel/GhostDrive/internal/app/app.go:1269.18,1271.3 1 7
github.com/CCoupel/GhostDrive/internal/app/app.go:1272.2,1272.45 1 0
github.com/CCoupel/GhostDrive/internal/app/app.go:1285.56,1288.32 2 0
github.com/CCoupel/GhostDrive/internal/app/app.go:1288.32,1290.3 1 0
github.com/CCoupel/GhostDrive/internal/app/app.go:1291.2,1291.15 1 0
github.com/CCoupel/GhostDrive/internal/app/app.go:1292.22,1295.98 1 0
github.com/CCoupel/GhostDrive/internal/app/app.go:1296.20,1298.67 2 0
github.com/CCoupel/GhostDrive/internal/app/app.go:1298.67,1300.4 1 0
github.com/CCoupel/GhostDrive/internal/app/app.go:1301.3,1301.54 1 0
github.com/CCoupel/GhostDrive/internal/app/app.go:1302.21,1304.53 1 0
github.com/CCoupel/GhostDrive/internal/app/app.go:1310.44,1312.2 1 7
github.com/CCoupel/GhostDrive/internal/app/app.go:1314.37,1319.2 1 0
github.com/CCoupel/GhostDrive/internal/app/app.go:1321.31,1323.2 1 0
github.com/CCoupel/GhostDrive/internal/app/app.go:1327.72,1328.22 1 2
github.com/CCoupel/GhostDrive/internal/app/app.go:1328.22,1330.3 1 1
github.com/CCoupel/GhostDrive/internal/app/app.go:1331.2,1333.27 3 1
github.com/CCoupel/GhostDrive/internal/app/app.go:1333.27,1334.19 1 1
github.com/CCoupel/GhostDrive/internal/app/app.go:1335.24,1336.26 1 1
github.com/CCoupel/GhostDrive/internal/app/app.go:1337.26,1338.28 1 0
github.com/CCoupel/GhostDrive/internal/app/app.go:1339.26,1340.21 1 0
github.com/CCoupel/GhostDrive/internal/app/app.go:1342.3,1342.35 1 0
github.com/CCoupel/GhostDrive/internal/app/app.go:1342.35,1344.4 1 0
github.com/CCoupel/GhostDrive/internal/app/app.go:1346.2,1346.15 1 0
github.com/CCoupel/GhostDrive/internal/app/app.go:1346.15,1348.3 1 0
github.com/CCoupel/GhostDrive/internal/app/app.go:1349.2,1349.16 1 0
github.com/CCoupel/GhostDrive/internal/app/app.go:1349.16,1351.3 1 0
github.com/CCoupel/GhostDrive/internal/app/app.go:1352.2,1352.23 1 0
github.com/CCoupel/GhostDrive/internal/app/app.go:1359.51,1361.2 1 1
github.com/CCoupel/GhostDrive/internal/app/app.go:1366.38,1370.14 4 2
github.com/CCoupel/GhostDrive/internal/app/app.go:1370.14,1372.3 1 2
github.com/CCoupel/GhostDrive/internal/app/app.go:1373.2,1373.31 1 0
github.com/CCoupel/GhostDrive/internal/app/app.go:1373.31,1375.3 1 0
github.com/CCoupel/GhostDrive/internal/app/app.go:1376.2,1377.16 2 0
github.com/CCoupel/GhostDrive/internal/app/app.go:1377.16,1379.3 1 0
github.com/CCoupel/GhostDrive/internal/app/app.go:1380.2,1380.49 1 0
github.com/CCoupel/GhostDrive/internal/app/app.go:1388.69,1390.52 2 2
github.com/CCoupel/GhostDrive/internal/app/app.go:1390.52,1392.3 1 0
github.com/CCoupel/GhostDrive/internal/app/app.go:1393.2,1393.15 1 2
github.com/CCoupel/GhostDrive/internal/app/app.go:1402.94,1409.33 6 2
github.com/CCoupel/GhostDrive/internal/app/app.go:1409.33,1410.18 1 2
github.com/CCoupel/GhostDrive/internal/app/app.go:1410.18,1411.12 1 1
github.com/CCoupel/GhostDrive/internal/app/app.go:1413.3,1413.44 1 1
github.com/CCoupel/GhostDrive/internal/app/app.go:1413.44,1414.12 1 0
github.com/CCoupel/GhostDrive/internal/app/app.go:1416.3,1417.10 2 1
github.com/CCoupel/GhostDrive/internal/app/app.go:1417.10,1418.12 1 0
github.com/CCoupel/GhostDrive/internal/app/app.go:1420.3,1425.5 1 1
github.com/CCoupel/GhostDrive/internal/app/app.go:1427.2,1427.15 1 2
github.com/CCoupel/GhostDrive/internal/app/app.go:1434.42,1438.16 4 12
github.com/CCoupel/GhostDrive/internal/app/app.go:1438.16,1440.3 1 12
github.com/CCoupel/GhostDrive/internal/app/app.go:1442.2,1442.31 1 0
github.com/CCoupel/GhostDrive/internal/app/app.go:1442.31,1444.3 1 0
github.com/CCoupel/GhostDrive/internal/app/app.go:1445.2,1446.16 2 0
github.com/CCoupel/GhostDrive/internal/app/app.go:1446.16,1448.3 1 0
github.com/CCoupel/GhostDrive/internal/app/app.go:1449.2,1449.42 1 0
github.com/CCoupel/GhostDrive/internal/app/app.go:1468.91,1470.40 1 28
github.com/CCoupel/GhostDrive/internal/app/app.go:1470.40,1472.3 1 0
github.com/CCoupel/GhostDrive/internal/app/app.go:1475.2,1475.39 1 28
github.com/CCoupel/GhostDrive/internal/app/app.go:1475.39,1477.3 1 2
github.com/CCoupel/GhostDrive/internal/app/app.go:1478.2,1478.59 1 26
github.com/CCoupel/GhostDrive/internal/app/app.go:1478.59,1480.3 1 9
github.com/CCoupel/GhostDrive/internal/app/app.go:1483.2,1483.27 1 17
github.com/CCoupel/GhostDrive/internal/app/app.go:1483.27,1485.3 1 0
github.com/CCoupel/GhostDrive/internal/app/app.go:1488.2,1488.33 1 17
github.com/CCoupel/GhostDrive/internal/app/app.go:1488.33,1490.3 1 0
github.com/CCoupel/GhostDrive/internal/app/app.go:1493.2,1493.82 1 17
github.com/CCoupel/GhostDrive/internal/app/app.go:1493.82,1495.3 1 0
github.com/CCoupel/GhostDrive/internal/app/app.go:1498.2,1498.56 1 17
github.com/CCoupel/GhostDrive/internal/app/app.go:1498.56,1500.3 1 0
github.com/CCoupel/GhostDrive/internal/app/app.go:1501.2,1501.77 1 17
github.com/CCoupel/GhostDrive/internal/app/app.go:1501.77,1503.3 1 0
github.com/CCoupel/GhostDrive/internal/app/app.go:1506.2,1506.17 1 17
github.com/CCoupel/GhostDrive/internal/app/app.go:1507.15,1508.34 1 17
github.com/CCoupel/GhostDrive/internal/app/app.go:1508.34,1510.4 1 0
github.com/CCoupel/GhostDrive/internal/app/app.go:1514.2,1524.30 8 17
github.com/CCoupel/GhostDrive/internal/app/app.go:1524.30,1526.36 1 8
github.com/CCoupel/GhostDrive/internal/app/app.go:1526.36,1527.12 1 4
github.com/CCoupel/GhostDrive/internal/app/app.go:1531.3,1531.44 1 4
github.com/CCoupel/GhostDrive/internal/app/app.go:1531.44,1533.4 1 0
github.com/CCoupel/GhostDrive/internal/app/app.go:1536.3,1536.75 1 4
github.com/CCoupel/GhostDrive/internal/app/app.go:1536.75,1538.4 1 1
github.com/CCoupel/GhostDrive/internal/app/app.go:1543.3,1544.73 1 3
github.com/CCoupel/GhostDrive/internal/app/app.go:1544.73,1546.4 1 2
github.com/CCoupel/GhostDrive/internal/app/app.go:1551.3,1553.83 1 1
github.com/CCoupel/GhostDrive/internal/app/app.go:1553.83,1555.9 2 1
github.com/CCoupel/GhostDrive/internal/app/app.go:1559.2,1559.21 1 14
github.com/CCoupel/GhostDrive/internal/app/app.go:1566.53,1571.20 4 3
github.com/CCoupel/GhostDrive/internal/app/app.go:1571.20,1573.58 1 3
github.com/CCoupel/GhostDrive/internal/app/app.go:1573.58,1575.4 1 0
github.com/CCoupel/GhostDrive/internal/app/app.go:1575.9,1575.55 1 3
github.com/CCoupel/GhostDrive/internal/app/app.go:1575.55,1577.4 1 3
github.com/CCoupel/GhostDrive/internal/app/app.go:1577.9,1579.4 1 0
github.com/CCoupel/GhostDrive/internal/app/app.go:1582.2,1583.19 2 3
github.com/CCoupel/GhostDrive/internal/app/app.go:1583.19,1585.3 1 0
github.com/CCoupel/GhostDrive/internal/app/app.go:1586.2,1589.34 3 3
github.com/CCoupel/GhostDrive/internal/app/app.go:1589.34,1590.48 1 1
github.com/CCoupel/GhostDrive/internal/app/app.go:1590.48,1591.12 1 0
github.com/CCoupel/GhostDrive/internal/app/app.go:1593.3,1593.23 1 1
github.com/CCoupel/GhostDrive/internal/app/app.go:1593.23,1596.18 3 0
github.com/CCoupel/GhostDrive/internal/app/app.go:1596.18,1599.5 2 0
github.com/CCoupel/GhostDrive/internal/app/app.go:1599.10,1601.5 1 0
github.com/CCoupel/GhostDrive/internal/app/app.go:1602.9,1604.4 1 1
github.com/CCoupel/GhostDrive/internal/app/app.go:1609.88,1611.25 2 0
github.com/CCoupel/GhostDrive/internal/app/app.go:1611.25,1618.3 1 0
github.com/CCoupel/GhostDrive/internal/app/app.go:1619.2,1619.16 1 0
github.com/CCoupel/GhostDrive/internal/app/app.go:1623.36,1625.22 2 0
github.com/CCoupel/GhostDrive/internal/app/app.go:1626.17,1627.43 1 0
github.com/CCoupel/GhostDrive/internal/app/app.go:1628.16,1629.35 1 0
github.com/CCoupel/GhostDrive/internal/app/app.go:1630.10,1631.39 1 0
github.com/CCoupel/GhostDrive/internal/app/app.go:1633.2,1633.20 1 0
github.com/CCoupel/GhostDrive/internal/app/notify_other.go:6.39,6.40 0 1
github.com/CCoupel/GhostDrive/plugins/grpc/client.go:40.57,45.2 1 32
github.com/CCoupel/GhostDrive/plugins/grpc/client.go:50.37,52.16 2 2
github.com/CCoupel/GhostDrive/plugins/grpc/client.go:52.16,54.3 1 0
github.com/CCoupel/GhostDrive/plugins/grpc/client.go:55.2,55.23 1 2
github.com/CCoupel/GhostDrive/plugins/grpc/client.go:60.40,62.2 1 1
github.com/CCoupel/GhostDrive/plugins/grpc/client.go:67.64,71.16 2 16
github.com/CCoupel/GhostDrive/plugins/grpc/client.go:71.16,73.3 1 0
github.com/CCoupel/GhostDrive/plugins/grpc/client.go:74.2,74.27 1 16
github.com/CCoupel/GhostDrive/plugins/grpc/client.go:74.27,76.3 1 0
github.com/CCoupel/GhostDrive/plugins/grpc/client.go:77.2,77.12 1 16
github.com/CCoupel/GhostDrive/plugins/grpc/client.go:81.42,83.16 2 1
github.com/CCoupel/GhostDrive/plugins/grpc/client.go:83.16,85.3 1 0
github.com/CCoupel/GhostDrive/plugins/grpc/client.go:86.2,86.27 1 1
github.com/CCoupel/GhostDrive/plugins/grpc/client.go:86.27,88.3 1 0
github.com/CCoupel/GhostDrive/plugins/grpc/client.go:89.2,89.12 1 1
github.com/CCoupel/GhostDrive/plugins/grpc/client.go:93.42,95.16 2 5
github.com/CCoupel/GhostDrive/plugins/grpc/client.go:95.16,97.3 1 0
github.com/CCoupel/GhostDrive/plugins/grpc/client.go:98.2,98.28 1 5
github.com/CCoupel/GhostDrive/plugins/grpc/client.go:105.114,107.16 2 2
github.com/CCoupel/GhostDrive/plugins/grpc/client.go:107.16,109.3 1 0
github.com/CCoupel/GhostDrive/plugins/grpc/client.go:110.2,113.16 3 2
github.com/CCoupel/GhostDrive/plugins/grpc/client.go:113.16,115.3 1 0
github.com/CCoupel/GhostDrive/plugins/grpc/client.go:116.2,119.16 3 2
github.com/CCoupel/GhostDrive/plugins/grpc/client.go:119.16,121.3 1 0
github.com/CCoupel/GhostDrive/plugins/grpc/client.go:125.2,129.21 1 2
github.com/CCoupel/GhostDrive/plugins/grpc/client.go:129.21,131.3 1 0
github.com/CCoupel/GhostDrive/plugins/grpc/client.go:133.2,136.6 3 2
github.com/CCoupel/GhostDrive/plugins/grpc/client.go:136.6,137.10 1 4
github.com/CCoupel/GhostDrive/plugins/grpc/client.go:138.21,139.20 1 0
github.com/CCoupel/GhostDrive/plugins/grpc/client.go:140.11,140.11 0 4
github.com/CCoupel/GhostDrive/plugins/grpc/client.go:143.3,144.12 2 4
github.com/CCoupel/GhostDrive/plugins/grpc/client.go:144.12,145.85 1 2
github.com/CCoupel/GhostDrive/plugins/grpc/client.go:145.85,147.5 1 0
github.com/CCoupel/GhostDrive/plugins/grpc/client.go:148.4,149.23 2 2
github.com/CCoupel/GhostDrive/plugins/grpc/client.go:149.23,151.5 1 1
github.com/CCoupel/GhostDrive/plugins/grpc/client.go:153.3,153.33 1 4
github.com/CCoupel/GhostDrive/plugins/grpc/client.go:153.33,154.9 1 2
github.com/CCoupel/GhostDrive/plugins/grpc/client.go:156.3,156.21 1 2
github.com/CCoupel/GhostDrive/plugins/grpc/client.go:156.21,158.4 1 0
github.com/CCoupel/GhostDrive/plugins/grpc/client.go:161.2,162.16 2 2
github.com/CCoupel/GhostDrive/plugins/grpc/client.go:162.16,164.3 1 0
github.com/CCoupel/GhostDrive/plugins/grpc/client.go:165.2,165.29 1 2
github.com/CCoupel/GhostDrive/plugins/grpc/client.go:165.29,167.3 1 1
github.com/CCoupel/GhostDrive/plugins/grpc/client.go:168.2,168.12 1 1
github.com/CCoupel/GhostDrive/plugins/grpc/client.go:173.116,178.16 2 2
github.com/CCoupel/GhostDrive/plugins/grpc/client.go:178.16,180.3 1 0
github.com/CCoupel/GhostDrive/plugins/grpc/client.go:183.2,183.60 1 2
github.com/CCoupel/GhostDrive/plugins/grpc/client.go:183.60,185.3 1 0
github.com/CCoupel/GhostDrive/plugins/grpc/client.go:187.2,188.16 2 2
github.com/CCoupel/GhostDrive/plugins/grpc/client.go:188.16,190.3 1 0
github.com/CCoupel/GhostDrive/plugins/grpc/client.go:191.2,193.6 2 2
github.com/CCoupel/GhostDrive/plugins/grpc/client.go:193.6,195.29 2 3
github.com/CCoupel/GhostDrive/plugins/grpc/client.go:195.29,196.9 1 1
github.com/CCoupel/GhostDrive/plugins/grpc/client.go:198.3,198.17 1 2
github.com/CCoupel/GhostDrive/plugins/grpc/client.go:198.17,200.4 1 0
github.com/CCoupel/GhostDrive/plugins/grpc/client.go:201.3,201.29 1 2
github.com/CCoupel/GhostDrive/plugins/grpc/client.go:201.29,203.4 1 1
github.com/CCoupel/GhostDrive/plugins/grpc/client.go:204.3,204.31 1 1
github.com/CCoupel/GhostDrive/plugins/grpc/client.go:204.31,205.64 1 1
github.com/CCoupel/GhostDrive/plugins/grpc/client.go:205.64,207.5 1 0
github.com/CCoupel/GhostDrive/plugins/grpc/client.go:209.3,209.51 1 1
github.com/CCoupel/GhostDrive/plugins/grpc/client.go:209.51,211.4 1 0
github.com/CCoupel/GhostDrive/plugins/grpc/client.go:213.2,213.12 1 1
github.com/CCoupel/GhostDrive/plugins/grpc/client.go:217.72,219.16 2 2
github.com/CCoupel/GhostDrive/plugins/grpc/client.go:219.16,221.3 1 1
github.com/CCoupel/GhostDrive/plugins/grpc/client.go:222.2,222.27 1 1
github.com/CCoupel/GhostDrive/plugins/grpc/client.go:222.27,224.3 1 0
github.com/CCoupel/GhostDrive/plugins/grpc/client.go:225.2,225.12 1 1
github.com/CCoupel/GhostDrive/plugins/grpc/client.go:229.80,231.16 2 2
github.com/CCoupel/GhostDrive/plugins/grpc/client.go:231.16,233.3 1 1
github.com/CCoupel/GhostDrive/plugins/grpc/client.go:234.2,234.27 1 1
github.com/CCoupel/GhostDrive/plugins/grpc/client.go:234.27,236.3 1 0
github.com/CCoupel/GhostDrive/plugins/grpc/client.go:237.2,237.12 1 1
github.com/CCoupel/GhostDrive/plugins/grpc/client.go:243.90,245.16 2 6
github.com/CCoupel/GhostDrive/plugins/grpc/client.go:245.16,247.3 1 1
github.com/CCoupel/GhostDrive/plugins/grpc/client.go:248.2,248.27 1 5
github.com/CCoupel/GhostDrive/plugins/grpc/client.go:248.27,250.3 1 0
github.com/CCoupel/GhostDrive/plugins/grpc/client.go:251.2,252.37 2 5
github.com/CCoupel/GhostDrive/plugins/grpc/client.go:252.37,254.3 1 4
github.com/CCoupel/GhostDrive/plugins/grpc/client.go:255.2,255.19 1 5
github.com/CCoupel/GhostDrive/plugins/grpc/client.go:259.89,261.16 2 4
github.com/CCoupel/GhostDrive/plugins/grpc/client.go:261.16,263.3 1 2
github.com/CCoupel/GhostDrive/plugins/grpc/client.go:264.2,264.27 1 2
github.com/CCoupel/GhostDrive/plugins/grpc/client.go:264.27,266.3 1 0
github.com/CCoupel/GhostDrive/plugins/grpc/client.go:267.2,268.17 2 2
github.com/CCoupel/GhostDrive/plugins/grpc/client.go:272.73,274.16 2 2
github.com/CCoupel/GhostDrive/plugins/grpc/client.go:274.16,276.3 1 1
github.com/CCoupel/GhostDrive/plugins/grpc/client.go:277.2,277.27 1 1
github.com/CCoupel/GhostDrive/plugins/grpc/client.go:277.27,279.3 1 0
github.com/CCoupel/GhostDrive/plugins/grpc/client.go:280.2,280.12 1 1
github.com/CCoupel/GhostDrive/plugins/grpc/client.go:288.97,290.16 2 3
github.com/CCoupel/GhostDrive/plugins/grpc/client.go:290.16,292.3 1 0
github.com/CCoupel/GhostDrive/plugins/grpc/client.go:294.2,295.12 2 3
github.com/CCoupel/GhostDrive/plugins/grpc/client.go:295.12,297.7 2 3
github.com/CCoupel/GhostDrive/plugins/grpc/client.go:297.7,299.30 2 6
github.com/CCoupel/GhostDrive/plugins/grpc/client.go:299.30,301.5 1 0
github.com/CCoupel/GhostDrive/plugins/grpc/client.go:302.4,302.18 1 6
github.com/CCoupel/GhostDrive/plugins/grpc/client.go:302.18,305.5 1 3
github.com/CCoupel/GhostDrive/plugins/grpc/client.go:306.4,306.27 1 3
github.com/CCoupel/GhostDrive/plugins/grpc/client.go:306.27,308.5 1 0
github.com/CCoupel/GhostDrive/plugins/grpc/client.go:309.4,309.11 1 3
github.com/CCoupel/GhostDrive/plugins/grpc/client.go:310.49,310.49 0 3
github.com/CCoupel/GhostDrive/plugins/grpc/client.go:311.22,312.11 1 0
github.com/CCoupel/GhostDrive/plugins/grpc/client.go:316.2,316.16 1 3
github.com/CCoupel/GhostDrive/plugins/grpc/client.go:328.84,330.20 2 3
github.com/CCoupel/GhostDrive/plugins/grpc/client.go:330.20,332.3 1 1
github.com/CCoupel/GhostDrive/plugins/grpc/client.go:334.2,334.27 1 2
github.com/CCoupel/GhostDrive/plugins/grpc/client.go:334.27,336.3 1 0
github.com/CCoupel/GhostDrive/plugins/grpc/client.go:337.2,337.45 1 2
github.com/CCoupel/GhostDrive/plugins/grpc/client.go:344.104,350.16 2 0
github.com/CCoupel/GhostDrive/plugins/grpc/client.go:350.16,352.3 1 0
github.com/CCoupel/GhostDrive/plugins/grpc/client.go:353.2,353.27 1 0
github.com/CCoupel/GhostDrive/plugins/grpc/client.go:353.27,355.3 1 0
github.com/CCoupel/GhostDrive/plugins/grpc/client.go:356.2,356.28 1 0
github.com/CCoupel/GhostDrive/plugins/grpc/client.go:361.41,363.16 2 0
github.com/CCoupel/GhostDrive/plugins/grpc/client.go:363.16,365.3 1 0
github.com/CCoupel/GhostDrive/plugins/grpc/client.go:366.2,366.28 1 0
github.com/CCoupel/GhostDrive/plugins/grpc/client.go:373.59,375.16 2 1
github.com/CCoupel/GhostDrive/plugins/grpc/client.go:375.16,377.3 1 0
github.com/CCoupel/GhostDrive/plugins/grpc/client.go:378.2,379.37 2 1
github.com/CCoupel/GhostDrive/plugins/grpc/client.go:379.37,390.3 1 1
github.com/CCoupel/GhostDrive/plugins/grpc/client.go:391.2,397.3 1 1
github.com/CCoupel/GhostDrive/plugins/grpc/client.go:403.51,404.16 1 7
github.com/CCoupel/GhostDrive/plugins/grpc/client.go:404.16,406.3 1 0
github.com/CCoupel/GhostDrive/plugins/grpc/client.go:407.2,407.26 1 7
github.com/CCoupel/GhostDrive/plugins/grpc/client.go:408.22,409.63 1 2
github.com/CCoupel/GhostDrive/plugins/grpc/client.go:410.32,411.63 1 3
github.com/CCoupel/GhostDrive/plugins/grpc/client.go:412.10,413.43 1 2
github.com/CCoupel/GhostDrive/plugins/grpc/client.go:418.83,430.2 1 16
github.com/CCoupel/GhostDrive/plugins/grpc/client.go:433.70,434.15 1 6
github.com/CCoupel/GhostDrive/plugins/grpc/client.go:434.15,436.3 1 0
github.com/CCoupel/GhostDrive/plugins/grpc/client.go:437.2,447.3 1 6
github.com/CCoupel/GhostDrive/plugins/grpc/client.go:462.45,463.18 1 6
github.com/CCoupel/GhostDrive/plugins/grpc/client.go:463.18,465.3 1 0
github.com/CCoupel/GhostDrive/plugins/grpc/client.go:466.2,466.30 1 6
github.com/CCoupel/GhostDrive/plugins/grpc/client.go:470.73,471.15 1 3
github.com/CCoupel/GhostDrive/plugins/grpc/client.go:471.15,473.3 1 0
github.com/CCoupel/GhostDrive/plugins/grpc/client.go:474.2,485.3 1 3
github.com/CCoupel/GhostDrive/plugins/grpc/client.go:489.36,490.38 1 2
github.com/CCoupel/GhostDrive/plugins/grpc/client.go:490.38,491.40 1 28
github.com/CCoupel/GhostDrive/plugins/grpc/client.go:491.40,493.4 1 2
github.com/CCoupel/GhostDrive/plugins/grpc/client.go:495.2,495.12 1 0
github.com/CCoupel/GhostDrive/plugins/grpc/inprocess.go:29.80,34.12 4 8
github.com/CCoupel/GhostDrive/plugins/grpc/inprocess.go:34.12,34.32 1 8
github.com/CCoupel/GhostDrive/plugins/grpc/inprocess.go:36.2,36.66 1 8
github.com/CCoupel/GhostDrive/plugins/grpc/inprocess.go:36.66,38.3 1 8
github.com/CCoupel/GhostDrive/plugins/grpc/inprocess.go:41.2,46.16 2 8
github.com/CCoupel/GhostDrive/plugins/grpc/inprocess.go:46.16,50.3 3 0
github.com/CCoupel/GhostDrive/plugins/grpc/inprocess.go:52.2,52.20 1 8
github.com/CCoupel/GhostDrive/plugins/grpc/inprocess.go:52.20,56.3 3 10
github.com/CCoupel/GhostDrive/plugins/grpc/inprocess.go:57.2,57.43 1 8
github.com/CCoupel/GhostDrive/plugins/grpc/server.go:37.112,39.2 1 2
github.com/CCoupel/GhostDrive/plugins/grpc/server.go:43.123,45.44 2 16
github.com/CCoupel/GhostDrive/plugins/grpc/server.go:45.44,47.3 1 0
github.com/CCoupel/GhostDrive/plugins/grpc/server.go:48.2,48.42 1 16
github.com/CCoupel/GhostDrive/plugins/grpc/server.go:51.130,52.44 1 1
github.com/CCoupel/GhostDrive/plugins/grpc/server.go:52.44,54.3 1 0
github.com/CCoupel/GhostDrive/plugins/grpc/server.go:55.2,55.45 1 1
github.com/CCoupel/GhostDrive/plugins/grpc/server.go:58.133,60.2 1 5
github.com/CCoupel/GhostDrive/plugins/grpc/server.go:66.88,72.16 5 2
github.com/CCoupel/GhostDrive/plugins/grpc/server.go:72.16,74.3 1 0
github.com/CCoupel/GhostDrive/plugins/grpc/server.go:75.2,78.6 3 2
github.com/CCoupel/GhostDrive/plugins/grpc/server.go:78.6,80.24 2 6
github.com/CCoupel/GhostDrive/plugins/grpc/server.go:80.24,81.9 1 2
github.com/CCoupel/GhostDrive/plugins/grpc/server.go:83.3,83.21 1 4
github.com/CCoupel/GhostDrive/plugins/grpc/server.go:83.21,86.4 2 0
github.com/CCoupel/GhostDrive/plugins/grpc/server.go:87.3,87.15 1 4
github.com/CCoupel/GhostDrive/plugins/grpc/server.go:87.15,90.4 2 2
github.com/CCoupel/GhostDrive/plugins/grpc/server.go:91.3,91.39 1 4
github.com/CCoupel/GhostDrive/plugins/grpc/server.go:91.39,93.36 2 2
github.com/CCoupel/GhostDrive/plugins/grpc/server.go:93.36,97.5 2 0
github.com/CCoupel/GhostDrive/plugins/grpc/server.go:98.4,98.70 1 2
github.com/CCoupel/GhostDrive/plugins/grpc/server.go:98.70,101.5 2 0
github.com/CCoupel/GhostDrive/plugins/grpc/server.go:104.2,106.82 2 2
github.com/CCoupel/GhostDrive/plugins/grpc/server.go:106.82,108.3 1 1
github.com/CCoupel/GhostDrive/plugins/grpc/server.go:109.2,109.55 1 1
github.com/CCoupel/GhostDrive/plugins/grpc/server.go:113.124,118.16 4 2
github.com/CCoupel/GhostDrive/plugins/grpc/server.go:118.16,120.3 1 0
github.com/CCoupel/GhostDrive/plugins/grpc/server.go:121.2,125.71 4 2
github.com/CCoupel/GhostDrive/plugins/grpc/server.go:125.71,128.3 2 1
github.com/CCoupel/GhostDrive/plugins/grpc/server.go:130.2,131.16 2 1
github.com/CCoupel/GhostDrive/plugins/grpc/server.go:131.16,133.3 1 0
github.com/CCoupel/GhostDrive/plugins/grpc/server.go:134.2,138.15 4 1
github.com/CCoupel/GhostDrive/plugins/grpc/server.go:138.15,140.3 1 1
github.com/CCoupel/GhostDrive/plugins/grpc/server.go:142.2,144.6 3 1
github.com/CCoupel/GhostDrive/plugins/grpc/server.go:144.6,146.12 2 2
github.com/CCoupel/GhostDrive/plugins/grpc/server.go:146.12,152.23 2 1
github.com/CCoupel/GhostDrive/plugins/grpc/server.go:152.23,154.5 1 0
github.com/CCoupel/GhostDrive/plugins/grpc/server.go:156.3,156.24 1 2
github.com/CCoupel/GhostDrive/plugins/grpc/server.go:156.24,157.9 1 1
github.com/CCoupel/GhostDrive/plugins/grpc/server.go:159.3,159.21 1 1
github.com/CCoupel/GhostDrive/plugins/grpc/server.go:159.21,161.4 1 0
github.com/CCoupel/GhostDrive/plugins/grpc/server.go:163.2,163.12 1 1
github.com/CCoupel/GhostDrive/plugins/grpc/server.go:166.122,167.58 1 2
github.com/CCoupel/GhostDrive/plugins/grpc/server.go:167.58,169.3 1 1
github.com/CCoupel/GhostDrive/plugins/grpc/server.go:170.2,170.41 1 1
github.com/CCoupel/GhostDrive/plugins/grpc/server.go:173.116,174.77 1 2
github.com/CCoupel/GhostDrive/plugins/grpc/server.go:174.77,176.3 1 1
github.com/CCoupel/GhostDrive/plugins/grpc/server.go:177.2,177.39 1 1
github.com/CCoupel/GhostDrive/plugins/grpc/server.go:182.116,184.16 2 6
github.com/CCoupel/GhostDrive/plugins/grpc/server.go:184.16,186.3 1 1
github.com/CCoupel/GhostDrive/plugins/grpc/server.go:187.2,188.27 2 5
github.com/CCoupel/GhostDrive/plugins/grpc/server.go:188.27,190.3 1 4
github.com/CCoupel/GhostDrive/plugins/grpc/server.go:191.2,191.52 1 5
github.com/CCoupel/GhostDrive/plugins/grpc/server.go:194.116,196.16 2 4
github.com/CCoupel/GhostDrive/plugins/grpc/server.go:196.16,198.3 1 2
github.com/CCoupel/GhostDrive/plugins/grpc/server.go:199.2,199.65 1 2
github.com/CCoupel/GhostDrive/plugins/grpc/server.go:202.131,203.61 1 2
github.com/CCoupel/GhostDrive/plugins/grpc/server.go:203.61,205.3 1 1
github.com/CCoupel/GhostDrive/plugins/grpc/server.go:206.2,206.44 1 1
github.com/CCoupel/GhostDrive/plugins/grpc/server.go:212.115,215.16 3 3
github.com/CCoupel/GhostDrive/plugins/grpc/server.go:215.16,218.3 2 0
github.com/CCoupel/GhostDrive/plugins/grpc/server.go:219.2,219.6 1 3
github.com/CCoupel/GhostDrive/plugins/grpc/server.go:219.6,220.10 1 6
github.com/CCoupel/GhostDrive/plugins/grpc/server.go:221.21,222.14 1 3
github.com/CCoupel/GhostDrive/plugins/grpc/server.go:223.23,224.11 1 3
github.com/CCoupel/GhostDrive/plugins/grpc/server.go:224.11,226.5 1 0
github.com/CCoupel/GhostDrive/plugins/grpc/server.go:227.4,227.98 1 3
github.com/CCoupel/GhostDrive/plugins/grpc/server.go:227.98,229.5 1 0
github.com/CCoupel/GhostDrive/plugins/grpc/server.go:240.120,242.16 2 3
github.com/CCoupel/GhostDrive/plugins/grpc/server.go:242.16,244.3 1 1
github.com/CCoupel/GhostDrive/plugins/grpc/server.go:245.2,245.64 1 2
github.com/CCoupel/GhostDrive/plugins/grpc/server.go:252.122,254.16 2 0
github.com/CCoupel/GhostDrive/plugins/grpc/server.go:254.16,256.3 1 0
github.com/CCoupel/GhostDrive/plugins/grpc/server.go:257.2,257.51 1 0
github.com/CCoupel/GhostDrive/plugins/grpc/server.go:262.127,264.2 1 0
github.com/CCoupel/GhostDrive/plugins/grpc/server.go:269.124,272.29 3 1
github.com/CCoupel/GhostDrive/plugins/grpc/server.go:272.29,283.3 1 1
github.com/CCoupel/GhostDrive/plugins/grpc/server.go:284.2,290.8 1 1
github.com/CCoupel/GhostDrive/plugins/grpc/server.go:304.39,305.16 1 7
github.com/CCoupel/GhostDrive/plugins/grpc/server.go:305.16,307.3 1 0
github.com/CCoupel/GhostDrive/plugins/grpc/server.go:309.2,309.40 1 7
github.com/CCoupel/GhostDrive/plugins/grpc/server.go:309.40,311.3 1 0
github.com/CCoupel/GhostDrive/plugins/grpc/server.go:312.2,312.9 1 7
github.com/CCoupel/GhostDrive/plugins/grpc/server.go:313.47,314.51 1 2
github.com/CCoupel/GhostDrive/plugins/grpc/server.go:315.47,316.61 1 3
github.com/CCoupel/GhostDrive/plugins/grpc/server.go:317.10,318.51 1 2
github.com/CCoupel/GhostDrive/plugins/grpc/server.go:325.84,326.14 1 16
github.com/CCoupel/GhostDrive/plugins/grpc/server.go:326.14,328.3 1 0
github.com/CCoupel/GhostDrive/plugins/grpc/server.go:329.2,339.3 1 16
github.com/CCoupel/GhostDrive/plugins/grpc/server.go:343.68,355.2 1 6
github.com/CCoupel/GhostDrive/plugins/grpc/server.go:358.71,369.2 1 3
github.com/CCoupel/GhostDrive/plugins/grpc/server.go:394.79,397.2 2 0
github.com/CCoupel/GhostDrive/plugins/grpc/server.go:401.120,403.2 1 0
github.com/CCoupel/GhostDrive/internal/cache/bolt_cache.go:36.89,37.64 1 9
github.com/CCoupel/GhostDrive/internal/cache/bolt_cache.go:37.64,39.3 1 0
github.com/CCoupel/GhostDrive/internal/cache/bolt_cache.go:40.2,41.16 2 9
github.com/CCoupel/GhostDrive/internal/cache/bolt_cache.go:41.16,43.3 1 0
github.com/CCoupel/GhostDrive/internal/cache/bolt_cache.go:45.2,45.46 1 9
github.com/CCoupel/GhostDrive/internal/cache/bolt_cache.go:45.46,46.84 1 9
github.com/CCoupel/GhostDrive/internal/cache/bolt_cache.go:46.84,47.62 1 36
github.com/CCoupel/GhostDrive/internal/cache/bolt_cache.go:47.62,49.5 1 0
github.com/CCoupel/GhostDrive/internal/cache/bolt_cache.go:51.3,51.13 1 9
github.com/CCoupel/GhostDrive/internal/cache/bolt_cache.go:52.17,55.3 2 0
github.com/CCoupel/GhostDrive/internal/cache/bolt_cache.go:56.2,56.62 1 9
github.com/CCoupel/GhostDrive/internal/cache/bolt_cache.go:62.71,64.2 1 39
github.com/CCoupel/GhostDrive/internal/cache/bolt_cache.go:67.34,71.2 3 64
github.com/CCoupel/GhostDrive/internal/cache/bolt_cache.go:74.34,75.16 1 53
github.com/CCoupel/GhostDrive/internal/cache/bolt_cache.go:75.16,77.3 1 22
github.com/CCoupel/GhostDrive/internal/cache/bolt_cache.go:78.2,78.42 1 31
github.com/CCoupel/GhostDrive/internal/cache/bolt_cache.go:81.51,83.2 1 53
github.com/CCoupel/GhostDrive/internal/cache/bolt_cache.go:85.63,87.2 1 44
github.com/CCoupel/GhostDrive/internal/cache/bolt_cache.go:89.51,91.55 2 20
github.com/CCoupel/GhostDrive/internal/cache/bolt_cache.go:91.55,93.3 1 0
github.com/CCoupel/GhostDrive/internal/cache/bolt_cache.go:94.2,94.25 1 20
github.com/CCoupel/GhostDrive/internal/cache/bolt_cache.go:97.56,99.73 2 19
github.com/CCoupel/GhostDrive/internal/cache/bolt_cache.go:99.73,101.3 1 0
github.com/CCoupel/GhostDrive/internal/cache/bolt_cache.go:102.2,102.15 1 19
github.com/CCoupel/GhostDrive/internal/cache/bolt_cache.go:108.124,112.42 3 19
github.com/CCoupel/GhostDrive/internal/cache/bolt_cache.go:112.42,117.15 5 19
github.com/CCoupel/GhostDrive/internal/cache/bolt_cache.go:117.15,120.4 2 8
github.com/CCoupel/GhostDrive/internal/cache/bolt_cache.go:122.3,123.17 2 11
github.com/CCoupel/GhostDrive/internal/cache/bolt_cache.go:123.17,128.4 3 0
github.com/CCoupel/GhostDrive/internal/cache/bolt_cache.go:131.3,131.50 1 11
github.com/CCoupel/GhostDrive/internal/cache/bolt_cache.go:131.50,136.4 4 1
github.com/CCoupel/GhostDrive/internal/cache/bolt_cache.go:140.3,140.65 1 10
github.com/CCoupel/GhostDrive/internal/cache/bolt_cache.go:140.65,145.4 4 1
github.com/CCoupel/GhostDrive/internal/cache/bolt_cache.go:148.3,148.82 1 9
github.com/CCoupel/GhostDrive/internal/cache/bolt_cache.go:148.82,153.4 4 0
github.com/CCoupel/GhostDrive/internal/cache/bolt_cache.go:155.3,158.13 4 9
github.com/CCoupel/GhostDrive/internal/cache/bolt_cache.go:161.2,161.12 1 19
github.com/CCoupel/GhostDrive/internal/cache/bolt_cache.go:161.12,163.3 1 10
github.com/CCoupel/GhostDrive/internal/cache/bolt_cache.go:164.2,164.21 1 9
github.com/CCoupel/GhostDrive/internal/cache/bolt_cache.go:168.84,173.16 4 20
github.com/CCoupel/GhostDrive/internal/cache/bolt_cache.go:173.16,175.3 1 0
github.com/CCoupel/GhostDrive/internal/cache/bolt_cache.go:177.2,177.45 1 20
github.com/CCoupel/GhostDrive/internal/cache/bolt_cache.go:177.45,186.39 6 20
github.com/CCoupel/GhostDrive/internal/cache/bolt_cache.go:186.39,187.58 1 0
github.com/CCoupel/GhostDrive/internal/cache/bolt_cache.go:187.58,189.5 1 0
github.com/CCoupel/GhostDrive/internal/cache/bolt_cache.go:191.4,191.52 1 0
github.com/CCoupel/GhostDrive/internal/cache/bolt_cache.go:191.52,194.5 2 0
github.com/CCoupel/GhostDrive/internal/cache/bolt_cache.go:199.3,200.49 2 20
github.com/CCoupel/GhostDrive/internal/cache/bolt_cache.go:200.49,202.4 1 0
github.com/CCoupel/GhostDrive/internal/cache/bolt_cache.go:204.3,204.52 1 20
github.com/CCoupel/GhostDrive/internal/cache/bolt_cache.go:204.52,206.4 1 0
github.com/CCoupel/GhostDrive/internal/cache/bolt_cache.go:208.3,208.51 1 20
github.com/CCoupel/GhostDrive/internal/cache/bolt_cache.go:208.51,210.4 1 0
github.com/CCoupel/GhostDrive/internal/cache/bolt_cache.go:212.3,216.46 3 20
github.com/CCoupel/GhostDrive/internal/cache/bolt_cache.go:216.46,218.4 1 1
github.com/CCoupel/GhostDrive/internal/cache/bolt_cache.go:219.3,219.13 1 19
github.com/CCoupel/GhostDrive/internal/cache/bolt_cache.go:225.67,235.104 8 1
github.com/CCoupel/GhostDrive/internal/cache/bolt_cache.go:235.104,236.46 1 1
github.com/CCoupel/GhostDrive/internal/cache/bolt_cache.go:236.46,237.51 1 1
github.com/CCoupel/GhostDrive/internal/cache/bolt_cache.go:237.51,241.5 3 1
github.com/CCoupel/GhostDrive/internal/cache/bolt_cache.go:244.3,245.51 2 1
github.com/CCoupel/GhostDrive/internal/cache/bolt_cache.go:248.2,248.36 1 1
github.com/CCoupel/GhostDrive/internal/cache/bolt_cache.go:248.36,250.3 1 1
github.com/CCoupel/GhostDrive/internal/cache/bolt_cache.go:251.2,251.12 1 1
github.com/CCoupel/GhostDrive/internal/cache/bolt_cache.go:256.89,258.45 2 1
github.com/CCoupel/GhostDrive/internal/cache/bolt_cache.go:258.45,260.3 1 1
github.com/CCoupel/GhostDrive/internal/cache/bolt_cache.go:265.84,267.45 2 1
github.com/CCoupel/GhostDrive/internal/cache/bolt_cache.go:267.45,269.3 1 1
github.com/CCoupel/GhostDrive/internal/cache/bolt_cache.go:274.74,284.90 8 2
github.com/CCoupel/GhostDrive/internal/cache/bolt_cache.go:284.90,285.48 1 7
github.com/CCoupel/GhostDrive/internal/cache/bolt_cache.go:285.48,287.4 1 7
github.com/CCoupel/GhostDrive/internal/cache/bolt_cache.go:289.3,291.37 3 7
github.com/CCoupel/GhostDrive/internal/cache/bolt_cache.go:294.2,294.29 1 2
github.com/CCoupel/GhostDrive/internal/cache/bolt_cache.go:294.29,297.45 2 7
github.com/CCoupel/GhostDrive/internal/cache/bolt_cache.go:297.45,300.4 2 7
github.com/CCoupel/GhostDrive/internal/cache/bolt_cache.go:303.2,304.12 2 2
github.com/CCoupel/GhostDrive/internal/cache/bolt_cache.go:308.40,310.40 2 3
github.com/CCoupel/GhostDrive/internal/cache/bolt_cache.go:310.40,318.3 7 3
github.com/CCoupel/GhostDrive/internal/cache/bolt_cache.go:319.2,319.10 1 3
github.com/CCoupel/GhostDrive/internal/cache/bolt_cache.go:323.35,325.2 1 10
github.com/CCoupel/GhostDrive/internal/cache/chunk_cache.go:53.32,55.2 1 1
github.com/CCoupel/GhostDrive/internal/cache/chunk_cache.go:61.99,64.2 2 1
github.com/CCoupel/GhostDrive/internal/cache/chunk_cache.go:66.76,68.2 1 1
github.com/CCoupel/GhostDrive/internal/cache/chunk_cache.go:70.70,72.2 1 1
github.com/CCoupel/GhostDrive/internal/cache/chunk_cache.go:74.74,76.2 1 1
github.com/CCoupel/GhostDrive/internal/cache/chunk_cache.go:78.40,80.2 1 1
github.com/CCoupel/GhostDrive/internal/cache/chunk_cache.go:82.35,84.2 1 1
github.com/CCoupel/GhostDrive/plugins/moosefs/moosefs.go:92.21,92.42 1 47
github.com/CCoupel/GhostDrive/plugins/moosefs/moosefs.go:97.33,97.53 1 0
github.com/CCoupel/GhostDrive/plugins/moosefs/moosefs.go:101.55,164.2 1 1
github.com/CCoupel/GhostDrive/plugins/moosefs/moosefs.go:179.60,180.23 1 35
github.com/CCoupel/GhostDrive/plugins/moosefs/moosefs.go:180.23,182.3 1 0
github.com/CCoupel/GhostDrive/plugins/moosefs/moosefs.go:184.2,185.22 2 35
github.com/CCoupel/GhostDrive/plugins/moosefs/moosefs.go:185.22,187.3 1 1
github.com/CCoupel/GhostDrive/plugins/moosefs/moosefs.go:189.2,190.44 2 34
github.com/CCoupel/GhostDrive/plugins/moosefs/moosefs.go:190.44,191.53 1 34
github.com/CCoupel/GhostDrive/plugins/moosefs/moosefs.go:191.53,193.4 1 34
github.com/CCoupel/GhostDrive/plugins/moosefs/moosefs.go:196.2,197.40 2 34
github.com/CCoupel/GhostDrive/plugins/moosefs/moosefs.go:197.40,199.3 1 33
github.com/CCoupel/GhostDrive/plugins/moosefs/moosefs.go:203.2,204.49 2 34
github.com/CCoupel/GhostDrive/plugins/moosefs/moosefs.go:204.49,205.53 1 0
github.com/CCoupel/GhostDrive/plugins/moosefs/moosefs.go:205.53,207.4 1 0
github.com/CCoupel/GhostDrive/plugins/moosefs/moosefs.go:208.8,208.53 1 34
github.com/CCoupel/GhostDrive/plugins/moosefs/moosefs.go:208.53,209.53 1 32
github.com/CCoupel/GhostDrive/plugins/moosefs/moosefs.go:209.53,211.4 1 32
github.com/CCoupel/GhostDrive/plugins/moosefs/moosefs.go:214.2,215.49 2 34
github.com/CCoupel/GhostDrive/plugins/moosefs/moosefs.go:215.49,216.53 1 0
github.com/CCoupel/GhostDrive/plugins/moosefs/moosefs.go:216.53,218.4 1 0
github.com/CCoupel/GhostDrive/plugins/moosefs/moosefs.go:220.2,220.23 1 34
github.com/CCoupel/GhostDrive/plugins/moosefs/moosefs.go:220.23,222.3 1 32
github.com/CCoupel/GhostDrive/plugins/moosefs/moosefs.go:224.2,225.51 2 34
github.com/CCoupel/GhostDrive/plugins/moosefs/moosefs.go:225.51,226.65 1 0
github.com/CCoupel/GhostDrive/plugins/moosefs/moosefs.go:226.65,228.4 1 0
github.com/CCoupel/GhostDrive/plugins/moosefs/moosefs.go:231.2,233.16 3 34
github.com/CCoupel/GhostDrive/plugins/moosefs/moosefs.go:233.16,236.3 2 1
github.com/CCoupel/GhostDrive/plugins/moosefs/moosefs.go:237.2,243.21 4 33
github.com/CCoupel/GhostDrive/plugins/moosefs/moosefs.go:243.21,245.3 1 0
github.com/CCoupel/GhostDrive/plugins/moosefs/moosefs.go:247.2,254.12 8 33
github.com/CCoupel/GhostDrive/plugins/moosefs/moosefs.go:259.38,263.18 3 33
github.com/CCoupel/GhostDrive/plugins/moosefs/moosefs.go:263.18,265.3 1 0
github.com/CCoupel/GhostDrive/plugins/moosefs/moosefs.go:266.2,267.21 2 33
github.com/CCoupel/GhostDrive/plugins/moosefs/moosefs.go:267.21,270.3 2 33
github.com/CCoupel/GhostDrive/plugins/moosefs/moosefs.go:271.2,271.12 1 33
github.com/CCoupel/GhostDrive/plugins/moosefs/moosefs.go:276.38,280.2 3 31
github.com/CCoupel/GhostDrive/plugins/moosefs/moosefs.go:286.80,290.2 3 94
github.com/CCoupel/GhostDrive/plugins/moosefs/moosefs.go:294.34,295.16 1 4
github.com/CCoupel/GhostDrive/plugins/moosefs/moosefs.go:295.16,297.3 1 0
github.com/CCoupel/GhostDrive/plugins/moosefs/moosefs.go:298.2,305.29 2 4
github.com/CCoupel/GhostDrive/plugins/moosefs/moosefs.go:317.37,334.15 10 8
github.com/CCoupel/GhostDrive/plugins/moosefs/moosefs.go:334.15,336.3 1 7
github.com/CCoupel/GhostDrive/plugins/moosefs/moosefs.go:338.2,341.16 3 1
github.com/CCoupel/GhostDrive/plugins/moosefs/moosefs.go:341.16,344.3 2 0
github.com/CCoupel/GhostDrive/plugins/moosefs/moosefs.go:346.2,347.21 2 1
github.com/CCoupel/GhostDrive/plugins/moosefs/moosefs.go:347.21,349.3 1 1
github.com/CCoupel/GhostDrive/plugins/moosefs/moosefs.go:350.2,354.12 5 1
github.com/CCoupel/GhostDrive/plugins/moosefs/moosefs.go:358.76,361.44 3 35
github.com/CCoupel/GhostDrive/plugins/moosefs/moosefs.go:361.44,362.53 1 35
github.com/CCoupel/GhostDrive/plugins/moosefs/moosefs.go:362.53,364.4 1 35
github.com/CCoupel/GhostDrive/plugins/moosefs/moosefs.go:366.2,367.16 2 35
github.com/CCoupel/GhostDrive/plugins/moosefs/moosefs.go:367.16,369.3 1 1
github.com/CCoupel/GhostDrive/plugins/moosefs/moosefs.go:370.2,370.37 1 34
github.com/CCoupel/GhostDrive/plugins/moosefs/moosefs.go:370.37,373.3 2 0
github.com/CCoupel/GhostDrive/plugins/moosefs/moosefs.go:374.2,374.59 1 34
github.com/CCoupel/GhostDrive/plugins/moosefs/moosefs.go:374.59,377.3 2 0
github.com/CCoupel/GhostDrive/plugins/moosefs/moosefs.go:378.2,378.15 1 34
github.com/CCoupel/GhostDrive/plugins/moosefs/moosefs.go:387.110,389.83 2 30
github.com/CCoupel/GhostDrive/plugins/moosefs/moosefs.go:389.83,391.51 2 0
github.com/CCoupel/GhostDrive/plugins/moosefs/moosefs.go:391.51,393.4 1 0
github.com/CCoupel/GhostDrive/plugins/moosefs/moosefs.go:394.3,395.47 2 0
github.com/CCoupel/GhostDrive/plugins/moosefs/moosefs.go:397.2,397.12 1 30
github.com/CCoupel/GhostDrive/plugins/moosefs/moosefs.go:400.110,402.16 2 30
github.com/CCoupel/GhostDrive/plugins/moosefs/moosefs.go:402.16,404.3 1 1
github.com/CCoupel/GhostDrive/plugins/moosefs/moosefs.go:405.2,405.34 1 29
github.com/CCoupel/GhostDrive/plugins/moosefs/moosefs.go:405.34,407.3 1 1
github.com/CCoupel/GhostDrive/plugins/moosefs/moosefs.go:410.2,412.57 3 28
github.com/CCoupel/GhostDrive/plugins/moosefs/moosefs.go:412.57,413.64 1 3
github.com/CCoupel/GhostDrive/plugins/moosefs/moosefs.go:413.64,415.4 1 1
github.com/CCoupel/GhostDrive/plugins/moosefs/moosefs.go:417.2,421.16 3 28
github.com/CCoupel/GhostDrive/plugins/moosefs/moosefs.go:421.16,423.3 1 0
github.com/CCoupel/GhostDrive/plugins/moosefs/moosefs.go:424.2,427.16 3 28
github.com/CCoupel/GhostDrive/plugins/moosefs/moosefs.go:427.16,429.3 1 0
github.com/CCoupel/GhostDrive/plugins/moosefs/moosefs.go:430.2,435.16 4 28
github.com/CCoupel/GhostDrive/plugins/moosefs/moosefs.go:435.16,437.3 1 0
github.com/CCoupel/GhostDrive/plugins/moosefs/moosefs.go:443.2,443.71 1 28
github.com/CCoupel/GhostDrive/plugins/moosefs/moosefs.go:443.71,447.3 1 1
github.com/CCoupel/GhostDrive/plugins/moosefs/moosefs.go:450.2,451.16 2 28
github.com/CCoupel/GhostDrive/plugins/moosefs/moosefs.go:451.16,453.3 1 0
github.com/CCoupel/GhostDrive/plugins/moosefs/moosefs.go:466.2,477.12 4 28
github.com/CCoupel/GhostDrive/plugins/moosefs/moosefs.go:477.12,486.27 5 28
github.com/CCoupel/GhostDrive/plugins/moosefs/moosefs.go:486.27,487.18 1 56
github.com/CCoupel/GhostDrive/plugins/moosefs/moosefs.go:487.18,489.5 1 28
github.com/CCoupel/GhostDrive/plugins/moosefs/moosefs.go:490.4,490.11 1 28
github.com/CCoupel/GhostDrive/plugins/moosefs/moosefs.go:491.22,493.16 2 28
github.com/CCoupel/GhostDrive/plugins/moosefs/moosefs.go:494.22,495.17 1 0
github.com/CCoupel/GhostDrive/plugins/moosefs/moosefs.go:499.3,499.7 1 28
github.com/CCoupel/GhostDrive/plugins/moosefs/moosefs.go:499.7,500.36 1 59
github.com/CCoupel/GhostDrive/plugins/moosefs/moosefs.go:500.36,503.5 2 0
github.com/CCoupel/GhostDrive/plugins/moosefs/moosefs.go:504.4,505.13 2 59
github.com/CCoupel/GhostDrive/plugins/moosefs/moosefs.go:505.13,507.73 2 31
github.com/CCoupel/GhostDrive/plugins/moosefs/moosefs.go:507.73,510.6 1 3
github.com/CCoupel/GhostDrive/plugins/moosefs/moosefs.go:510.11,512.21 1 28
github.com/CCoupel/GhostDrive/plugins/moosefs/moosefs.go:512.21,515.7 2 0
github.com/CCoupel/GhostDrive/plugins/moosefs/moosefs.go:516.6,518.57 3 28
github.com/CCoupel/GhostDrive/plugins/moosefs/moosefs.go:520.5,520.28 1 31
github.com/CCoupel/GhostDrive/plugins/moosefs/moosefs.go:522.4,522.25 1 59
github.com/CCoupel/GhostDrive/plugins/moosefs/moosefs.go:522.25,523.20 1 28
github.com/CCoupel/GhostDrive/plugins/moosefs/moosefs.go:523.20,526.6 2 0
github.com/CCoupel/GhostDrive/plugins/moosefs/moosefs.go:527.5,528.11 2 28
github.com/CCoupel/GhostDrive/plugins/moosefs/moosefs.go:530.4,530.22 1 31
github.com/CCoupel/GhostDrive/plugins/moosefs/moosefs.go:530.22,533.5 2 0
github.com/CCoupel/GhostDrive/plugins/moosefs/moosefs.go:538.2,544.24 6 28
github.com/CCoupel/GhostDrive/plugins/moosefs/moosefs.go:544.24,549.13 4 28
github.com/CCoupel/GhostDrive/plugins/moosefs/moosefs.go:549.13,551.17 2 28
github.com/CCoupel/GhostDrive/plugins/moosefs/moosefs.go:551.17,551.26 1 28
github.com/CCoupel/GhostDrive/plugins/moosefs/moosefs.go:555.4,558.42 4 28
github.com/CCoupel/GhostDrive/plugins/moosefs/moosefs.go:558.42,560.5 1 0
github.com/CCoupel/GhostDrive/plugins/moosefs/moosefs.go:562.4,563.83 2 28
github.com/CCoupel/GhostDrive/plugins/moosefs/moosefs.go:563.83,566.25 3 0
github.com/CCoupel/GhostDrive/plugins/moosefs/moosefs.go:566.25,569.6 1 0
github.com/CCoupel/GhostDrive/plugins/moosefs/moosefs.go:570.5,571.11 2 0
github.com/CCoupel/GhostDrive/plugins/moosefs/moosefs.go:574.4,575.23 2 28
github.com/CCoupel/GhostDrive/plugins/moosefs/moosefs.go:575.23,577.5 1 4
github.com/CCoupel/GhostDrive/plugins/moosefs/moosefs.go:581.2,584.40 2 28
github.com/CCoupel/GhostDrive/plugins/moosefs/moosefs.go:584.40,586.3 1 0
github.com/CCoupel/GhostDrive/plugins/moosefs/moosefs.go:588.2,591.16 4 28
github.com/CCoupel/GhostDrive/plugins/moosefs/moosefs.go:591.16,593.3 1 0
github.com/CCoupel/GhostDrive/plugins/moosefs/moosefs.go:594.2,595.12 2 28
github.com/CCoupel/GhostDrive/plugins/moosefs/moosefs.go:600.112,602.16 2 7
github.com/CCoupel/GhostDrive/plugins/moosefs/moosefs.go:602.16,604.3 1 1
github.com/CCoupel/GhostDrive/plugins/moosefs/moosefs.go:607.2,608.16 2 6
github.com/CCoupel/GhostDrive/plugins/moosefs/moosefs.go:608.16,610.3 1 0
github.com/CCoupel/GhostDrive/plugins/moosefs/moosefs.go:613.2,614.16 2 6
github.com/CCoupel/GhostDrive/plugins/moosefs/moosefs.go:614.16,616.3 1 0
github.com/CCoupel/GhostDrive/plugins/moosefs/moosefs.go:617.2,620.63 2 6
github.com/CCoupel/GhostDrive/plugins/moosefs/moosefs.go:620.63,622.3 1 0
github.com/CCoupel/GhostDrive/plugins/moosefs/moosefs.go:624.2,625.16 2 6
github.com/CCoupel/GhostDrive/plugins/moosefs/moosefs.go:625.16,627.3 1 0
github.com/CCoupel/GhostDrive/plugins/moosefs/moosefs.go:628.2,633.6 4 6
github.com/CCoupel/GhostDrive/plugins/moosefs/moosefs.go:633.6,634.35 1 9
github.com/CCoupel/GhostDrive/plugins/moosefs/moosefs.go:634.35,636.4 1 0
github.com/CCoupel/GhostDrive/plugins/moosefs/moosefs.go:643.3,643.34 1 9
github.com/CCoupel/GhostDrive/plugins/moosefs/moosefs.go:643.34,644.9 1 0
github.com/CCoupel/GhostDrive/plugins/moosefs/moosefs.go:647.3,648.21 2 9
github.com/CCoupel/GhostDrive/plugins/moosefs/moosefs.go:648.21,651.4 2 0
github.com/CCoupel/GhostDrive/plugins/moosefs/moosefs.go:652.3,652.22 1 9
github.com/CCoupel/GhostDrive/plugins/moosefs/moosefs.go:652.22,653.9 1 0
github.com/CCoupel/GhostDrive/plugins/moosefs/moosefs.go:656.3,656.55 1 9
github.com/CCoupel/GhostDrive/plugins/moosefs/moosefs.go:656.55,658.4 1 0
github.com/CCoupel/GhostDrive/plugins/moosefs/moosefs.go:659.3,661.22 3 9
github.com/CCoupel/GhostDrive/plugins/moosefs/moosefs.go:661.22,663.4 1 1
github.com/CCoupel/GhostDrive/plugins/moosefs/moosefs.go:666.3,666.37 1 9
github.com/CCoupel/GhostDrive/plugins/moosefs/moosefs.go:666.37,667.9 1 6
github.com/CCoupel/GhostDrive/plugins/moosefs/moosefs.go:670.2,670.12 1 6
github.com/CCoupel/GhostDrive/plugins/moosefs/moosefs.go:675.68,677.16 2 3
github.com/CCoupel/GhostDrive/plugins/moosefs/moosefs.go:677.16,679.3 1 1
github.com/CCoupel/GhostDrive/plugins/moosefs/moosefs.go:682.2,683.16 2 2
github.com/CCoupel/GhostDrive/plugins/moosefs/moosefs.go:683.16,685.3 1 0
github.com/CCoupel/GhostDrive/plugins/moosefs/moosefs.go:687.2,688.16 2 2
github.com/CCoupel/GhostDrive/plugins/moosefs/moosefs.go:688.16,690.3 1 0
github.com/CCoupel/GhostDrive/plugins/moosefs/moosefs.go:692.2,693.16 2 2
github.com/CCoupel/GhostDrive/plugins/moosefs/moosefs.go:693.16,695.3 1 0
github.com/CCoupel/GhostDrive/plugins/moosefs/moosefs.go:697.2,697.18 1 2
github.com/CCoupel/GhostDrive/plugins/moosefs/moosefs.go:697.18,699.53 1 0
github.com/CCoupel/GhostDrive/plugins/moosefs/moosefs.go:699.53,701.4 1 0
github.com/CCoupel/GhostDrive/plugins/moosefs/moosefs.go:702.8,704.54 1 2
github.com/CCoupel/GhostDrive/plugins/moosefs/moosefs.go:704.54,706.4 1 0
github.com/CCoupel/GhostDrive/plugins/moosefs/moosefs.go:708.2,708.12 1 2
github.com/CCoupel/GhostDrive/plugins/moosefs/moosefs.go:714.76,715.43 1 2
github.com/CCoupel/GhostDrive/plugins/moosefs/moosefs.go:715.43,717.17 2 2
github.com/CCoupel/GhostDrive/plugins/moosefs/moosefs.go:717.17,719.4 1 1
github.com/CCoupel/GhostDrive/plugins/moosefs/moosefs.go:721.3,722.17 2 1
github.com/CCoupel/GhostDrive/plugins/moosefs/moosefs.go:722.17,723.40 1 0
github.com/CCoupel/GhostDrive/plugins/moosefs/moosefs.go:723.40,725.53 2 0
github.com/CCoupel/GhostDrive/plugins/moosefs/moosefs.go:725.53,727.6 1 0
github.com/CCoupel/GhostDrive/plugins/moosefs/moosefs.go:728.5,728.13 1 0
github.com/CCoupel/GhostDrive/plugins/moosefs/moosefs.go:730.4,730.88 1 0
github.com/CCoupel/GhostDrive/plugins/moosefs/moosefs.go:733.3,734.17 2 1
github.com/CCoupel/GhostDrive/plugins/moosefs/moosefs.go:734.17,735.40 1 0
github.com/CCoupel/GhostDrive/plugins/moosefs/moosefs.go:735.40,737.53 2 0
github.com/CCoupel/GhostDrive/plugins/moosefs/moosefs.go:737.53,739.6 1 0
github.com/CCoupel/GhostDrive/plugins/moosefs/moosefs.go:740.5,740.13 1 0
github.com/CCoupel/GhostDrive/plugins/moosefs/moosefs.go:742.4,742.88 1 0
github.com/CCoupel/GhostDrive/plugins/moosefs/moosefs.go:745.3,745.78 1 1
github.com/CCoupel/GhostDrive/plugins/moosefs/moosefs.go:745.78,746.40 1 0
github.com/CCoupel/GhostDrive/plugins/moosefs/moosefs.go:746.40,748.53 2 0
github.com/CCoupel/GhostDrive/plugins/moosefs/moosefs.go:748.53,750.6 1 0
github.com/CCoupel/GhostDrive/plugins/moosefs/moosefs.go:751.5,751.13 1 0
github.com/CCoupel/GhostDrive/plugins/moosefs/moosefs.go:753.4,753.75 1 0
github.com/CCoupel/GhostDrive/plugins/moosefs/moosefs.go:755.3,756.13 2 1
github.com/CCoupel/GhostDrive/plugins/moosefs/moosefs.go:758.2,758.24 1 0
github.com/CCoupel/GhostDrive/plugins/moosefs/moosefs.go:766.89,767.43 1 31
github.com/CCoupel/GhostDrive/plugins/moosefs/moosefs.go:767.43,769.17 2 31
github.com/CCoupel/GhostDrive/plugins/moosefs/moosefs.go:769.17,771.4 1 1
github.com/CCoupel/GhostDrive/plugins/moosefs/moosefs.go:773.3,774.17 2 30
github.com/CCoupel/GhostDrive/plugins/moosefs/moosefs.go:774.17,775.40 1 0
github.com/CCoupel/GhostDrive/plugins/moosefs/moosefs.go:775.40,777.53 2 0
github.com/CCoupel/GhostDrive/plugins/moosefs/moosefs.go:777.53,779.6 1 0
github.com/CCoupel/GhostDrive/plugins/moosefs/moosefs.go:780.5,780.13 1 0
github.com/CCoupel/GhostDrive/plugins/moosefs/moosefs.go:782.4,782.64 1 0
github.com/CCoupel/GhostDrive/plugins/moosefs/moosefs.go:785.3,786.17 2 30
github.com/CCoupel/GhostDrive/plugins/moosefs/moosefs.go:786.17,787.40 1 0
github.com/CCoupel/GhostDrive/plugins/moosefs/moosefs.go:787.40,789.53 2 0
github.com/CCoupel/GhostDrive/plugins/moosefs/moosefs.go:789.53,791.6 1 0
github.com/CCoupel/GhostDrive/plugins/moosefs/moosefs.go:792.5,792.13 1 0
github.com/CCoupel/GhostDrive/plugins/moosefs/moosefs.go:794.4,795.73 2 0
github.com/CCoupel/GhostDrive/plugins/moosefs/moosefs.go:797.3,802.29 3 30
github.com/CCoupel/GhostDrive/plugins/moosefs/moosefs.go:802.29,803.39 1 24
github.com/CCoupel/GhostDrive/plugins/moosefs/moosefs.go:803.39,804.13 1 0
github.com/CCoupel/GhostDrive/plugins/moosefs/moosefs.go:806.4,815.60 3 24
github.com/CCoupel/GhostDrive/plugins/moosefs/moosefs.go:815.60,818.5 1 1
github.com/CCoupel/GhostDrive/plugins/moosefs/moosefs.go:818.10,822.5 3 23
github.com/CCoupel/GhostDrive/plugins/moosefs/moosefs.go:823.4,823.31 1 24
github.com/CCoupel/GhostDrive/plugins/moosefs/moosefs.go:825.3,825.21 1 30
github.com/CCoupel/GhostDrive/plugins/moosefs/moosefs.go:828.2,828.29 1 0
github.com/CCoupel/GhostDrive/plugins/moosefs/moosefs.go:833.89,834.43 1 11
github.com/CCoupel/GhostDrive/plugins/moosefs/moosefs.go:834.43,836.17 2 11
github.com/CCoupel/GhostDrive/plugins/moosefs/moosefs.go:836.17,838.4 1 1
github.com/CCoupel/GhostDrive/plugins/moosefs/moosefs.go:839.3,840.17 2 10
github.com/CCoupel/GhostDrive/plugins/moosefs/moosefs.go:840.17,841.40 1 4
github.com/CCoupel/GhostDrive/plugins/moosefs/moosefs.go:841.40,843.53 2 0
github.com/CCoupel/GhostDrive/plugins/moosefs/moosefs.go:843.53,845.6 1 0
github.com/CCoupel/GhostDrive/plugins/moosefs/moosefs.go:846.5,846.13 1 0
github.com/CCoupel/GhostDrive/plugins/moosefs/moosefs.go:848.4,848.65 1 4
github.com/CCoupel/GhostDrive/plugins/moosefs/moosefs.go:850.3,851.17 2 6
github.com/CCoupel/GhostDrive/plugins/moosefs/moosefs.go:851.17,853.4 1 0
github.com/CCoupel/GhostDrive/plugins/moosefs/moosefs.go:854.3,855.37 2 6
github.com/CCoupel/GhostDrive/plugins/moosefs/moosefs.go:855.37,857.4 1 0
github.com/CCoupel/GhostDrive/plugins/moosefs/moosefs.go:858.3,859.56 2 6
github.com/CCoupel/GhostDrive/plugins/moosefs/moosefs.go:859.56,861.4 1 6
github.com/CCoupel/GhostDrive/plugins/moosefs/moosefs.go:862.3,862.17 1 6
github.com/CCoupel/GhostDrive/plugins/moosefs/moosefs.go:862.17,864.4 1 0
github.com/CCoupel/GhostDrive/plugins/moosefs/moosefs.go:865.3,872.9 1 6
github.com/CCoupel/GhostDrive/plugins/moosefs/moosefs.go:874.2,874.29 1 0
github.com/CCoupel/GhostDrive/plugins/moosefs/moosefs.go:880.72,882.16 2 4
github.com/CCoupel/GhostDrive/plugins/moosefs/moosefs.go:882.16,884.3 1 1
github.com/CCoupel/GhostDrive/plugins/moosefs/moosefs.go:886.2,887.16 2 3
github.com/CCoupel/GhostDrive/plugins/moosefs/moosefs.go:887.16,889.3 1 0
github.com/CCoupel/GhostDrive/plugins/moosefs/moosefs.go:891.2,892.21 2 3
github.com/CCoupel/GhostDrive/plugins/moosefs/moosefs.go:892.21,896.3 1 0
github.com/CCoupel/GhostDrive/plugins/moosefs/moosefs.go:897.2,897.12 1 3
github.com/CCoupel/GhostDrive/plugins/moosefs/moosefs.go:912.98,913.22 1 7
github.com/CCoupel/GhostDrive/plugins/moosefs/moosefs.go:913.22,915.3 1 1
github.com/CCoupel/GhostDrive/plugins/moosefs/moosefs.go:917.2,925.12 7 6
github.com/CCoupel/GhostDrive/plugins/moosefs/moosefs.go:925.12,936.7 6 6
github.com/CCoupel/GhostDrive/plugins/moosefs/moosefs.go:936.7,937.11 1 25
github.com/CCoupel/GhostDrive/plugins/moosefs/moosefs.go:938.22,939.11 1 6
github.com/CCoupel/GhostDrive/plugins/moosefs/moosefs.go:940.19,941.25 1 19
github.com/CCoupel/GhostDrive/plugins/moosefs/moosefs.go:941.25,943.6 1 0
github.com/CCoupel/GhostDrive/plugins/moosefs/moosefs.go:945.5,946.19 2 19
github.com/CCoupel/GhostDrive/plugins/moosefs/moosefs.go:946.19,949.14 2 0
github.com/CCoupel/GhostDrive/plugins/moosefs/moosefs.go:952.5,953.32 2 19
github.com/CCoupel/GhostDrive/plugins/moosefs/moosefs.go:953.32,955.6 1 16
github.com/CCoupel/GhostDrive/plugins/moosefs/moosefs.go:957.5,960.35 2 19
github.com/CCoupel/GhostDrive/plugins/moosefs/moosefs.go:960.35,964.17 4 16
github.com/CCoupel/GhostDrive/plugins/moosefs/moosefs.go:964.17,966.7 1 3
github.com/CCoupel/GhostDrive/plugins/moosefs/moosefs.go:966.12,966.65 1 13
github.com/CCoupel/GhostDrive/plugins/moosefs/moosefs.go:966.65,970.7 2 1
github.com/CCoupel/GhostDrive/plugins/moosefs/moosefs.go:970.12,970.65 1 12
github.com/CCoupel/GhostDrive/plugins/moosefs/moosefs.go:970.65,972.7 1 1
github.com/CCoupel/GhostDrive/plugins/moosefs/moosefs.go:973.6,973.22 1 16
github.com/CCoupel/GhostDrive/plugins/moosefs/moosefs.go:973.22,975.14 2 5
github.com/CCoupel/GhostDrive/plugins/moosefs/moosefs.go:984.9,984.9 0 5
github.com/CCoupel/GhostDrive/plugins/moosefs/moosefs.go:985.25,986.14 1 0
github.com/CCoupel/GhostDrive/plugins/moosefs/moosefs.go:992.5,992.29 1 19
github.com/CCoupel/GhostDrive/plugins/moosefs/moosefs.go:992.29,993.45 1 14
github.com/CCoupel/GhostDrive/plugins/moosefs/moosefs.go:993.45,995.14 2 1
github.com/CCoupel/GhostDrive/plugins/moosefs/moosefs.go:1001.9,1001.9 0 1
github.com/CCoupel/GhostDrive/plugins/moosefs/moosefs.go:1002.25,1003.14 1 0
github.com/CCoupel/GhostDrive/plugins/moosefs/moosefs.go:1008.5,1012.25 3 19
github.com/CCoupel/GhostDrive/plugins/moosefs/moosefs.go:1017.2,1017.16 1 6
github.com/CCoupel/GhostDrive/plugins/moosefs/moosefs.go:1023.103,1024.13 1 31
github.com/CCoupel/GhostDrive/plugins/moosefs/moosefs.go:1024.13,1026.3 1 9
github.com/CCoupel/GhostDrive/plugins/moosefs/moosefs.go:1027.2,1028.16 2 22
github.com/CCoupel/GhostDrive/plugins/moosefs/moosefs.go:1028.16,1030.3 1 14
github.com/CCoupel/GhostDrive/plugins/moosefs/moosefs.go:1031.2,1031.13 1 8
github.com/CCoupel/GhostDrive/plugins/moosefs/moosefs.go:1035.104,1037.16 2 6
github.com/CCoupel/GhostDrive/plugins/moosefs/moosefs.go:1037.16,1039.3 1 0
github.com/CCoupel/GhostDrive/plugins/moosefs/moosefs.go:1040.2,1041.29 2 6
github.com/CCoupel/GhostDrive/plugins/moosefs/moosefs.go:1041.29,1043.3 1 3
github.com/CCoupel/GhostDrive/plugins/moosefs/moosefs.go:1044.2,1044.10 1 6
github.com/CCoupel/GhostDrive/plugins/moosefs/moosefs.go:1054.78,1055.43 1 2
github.com/CCoupel/GhostDrive/plugins/moosefs/moosefs.go:1055.43,1056.23 1 2
github.com/CCoupel/GhostDrive/plugins/moosefs/moosefs.go:1056.23,1058.4 1 1
github.com/CCoupel/GhostDrive/plugins/moosefs/moosefs.go:1059.3,1061.17 3 1
github.com/CCoupel/GhostDrive/plugins/moosefs/moosefs.go:1061.17,1062.40 1 0
github.com/CCoupel/GhostDrive/plugins/moosefs/moosefs.go:1062.40,1064.53 2 0
github.com/CCoupel/GhostDrive/plugins/moosefs/moosefs.go:1064.53,1067.6 2 0
github.com/CCoupel/GhostDrive/plugins/moosefs/moosefs.go:1068.5,1068.13 1 0
github.com/CCoupel/GhostDrive/plugins/moosefs/moosefs.go:1070.4,1071.57 2 0
github.com/CCoupel/GhostDrive/plugins/moosefs/moosefs.go:1073.3,1074.26 2 1
github.com/CCoupel/GhostDrive/plugins/moosefs/moosefs.go:1076.2,1077.30 2 0
github.com/CCoupel/GhostDrive/plugins/moosefs/moosefs.go:1089.100,1091.16 2 5
github.com/CCoupel/GhostDrive/plugins/moosefs/moosefs.go:1091.16,1093.3 1 1
github.com/CCoupel/GhostDrive/plugins/moosefs/moosefs.go:1095.2,1096.16 2 4
github.com/CCoupel/GhostDrive/plugins/moosefs/moosefs.go:1096.16,1098.3 1 1
github.com/CCoupel/GhostDrive/plugins/moosefs/moosefs.go:1100.2,1100.17 1 3
github.com/CCoupel/GhostDrive/plugins/moosefs/moosefs.go:1100.17,1102.3 1 0
github.com/CCoupel/GhostDrive/plugins/moosefs/moosefs.go:1107.2,1107.29 1 3
github.com/CCoupel/GhostDrive/plugins/moosefs/moosefs.go:1107.29,1110.3 1 0
github.com/CCoupel/GhostDrive/plugins/moosefs/moosefs.go:1113.2,1115.16 3 3
github.com/CCoupel/GhostDrive/plugins/moosefs/moosefs.go:1115.16,1117.3 1 0
github.com/CCoupel/GhostDrive/plugins/moosefs/moosefs.go:1118.2,1118.18 1 3
github.com/CCoupel/GhostDrive/plugins/moosefs/moosefs.go:1124.37,1124.64 1 1
github.com/CCoupel/GhostDrive/plugins/moosefs/resolve.go:27.100,32.39 3 115
github.com/CCoupel/GhostDrive/plugins/moosefs/resolve.go:32.39,34.3 1 65
github.com/CCoupel/GhostDrive/plugins/moosefs/resolve.go:36.2,39.31 3 50
github.com/CCoupel/GhostDrive/plugins/moosefs/resolve.go:39.31,40.30 1 50
github.com/CCoupel/GhostDrive/plugins/moosefs/resolve.go:40.30,41.12 1 0
github.com/CCoupel/GhostDrive/plugins/moosefs/resolve.go:44.3,44.35 1 50
github.com/CCoupel/GhostDrive/plugins/moosefs/resolve.go:44.35,46.4 1 0
github.com/CCoupel/GhostDrive/plugins/moosefs/resolve.go:48.3,49.17 2 50
github.com/CCoupel/GhostDrive/plugins/moosefs/resolve.go:49.17,51.4 1 32
github.com/CCoupel/GhostDrive/plugins/moosefs/resolve.go:52.3,52.19 1 18
github.com/CCoupel/GhostDrive/plugins/moosefs/resolve.go:55.2,55.20 1 18
github.com/CCoupel/GhostDrive/plugins/moosefs/resolve.go:63.110,68.32 4 35
github.com/CCoupel/GhostDrive/plugins/moosefs/resolve.go:68.32,70.3 1 0
github.com/CCoupel/GhostDrive/plugins/moosefs/resolve.go:73.2,73.30 1 35
github.com/CCoupel/GhostDrive/plugins/moosefs/resolve.go:73.30,75.3 1 35
github.com/CCoupel/GhostDrive/plugins/moosefs/resolve.go:77.2,78.16 2 35
github.com/CCoupel/GhostDrive/plugins/moosefs/resolve.go:78.16,80.3 1 0
github.com/CCoupel/GhostDrive/plugins/moosefs/resolve.go:82.2,82.28 1 35
github.com/CCoupel/GhostDrive/internal/sync/conflict.go:16.96,18.41 2 5
github.com/CCoupel/GhostDrive/internal/sync/conflict.go:18.41,20.3 1 3
github.com/CCoupel/GhostDrive/internal/sync/conflict.go:22.2,30.19 2 5
github.com/CCoupel/GhostDrive/internal/sync/conflict.go:30.19,31.69 1 1
github.com/CCoupel/GhostDrive/internal/sync/conflict.go:31.69,33.4 1 0
github.com/CCoupel/GhostDrive/internal/sync/conflict.go:36.2,36.15 1 5
github.com/CCoupel/GhostDrive/internal/sync/conflict.go:40.87,42.16 2 1
github.com/CCoupel/GhostDrive/internal/sync/conflict.go:42.16,44.3 1 0
github.com/CCoupel/GhostDrive/internal/sync/conflict.go:45.2,54.51 3 1
github.com/CCoupel/GhostDrive/internal/sync/conflict.go:54.51,56.3 1 0
github.com/CCoupel/GhostDrive/internal/sync/conflict.go:57.2,57.12 1 1
github.com/CCoupel/GhostDrive/internal/sync/dispatcher.go:26.46,26.47 0 0
github.com/CCoupel/GhostDrive/internal/sync/dispatcher.go:55.104,56.20 1 6
github.com/CCoupel/GhostDrive/internal/sync/dispatcher.go:56.20,58.3 1 0
github.com/CCoupel/GhostDrive/internal/sync/dispatcher.go:59.2,64.3 1 6
github.com/CCoupel/GhostDrive/internal/sync/dispatcher.go:70.71,73.2 2 0
github.com/CCoupel/GhostDrive/internal/sync/dispatcher.go:77.80,84.33 2 6
github.com/CCoupel/GhostDrive/internal/sync/dispatcher.go:84.33,91.10 3 4
github.com/CCoupel/GhostDrive/internal/sync/dispatcher.go:92.28,92.28 0 4
github.com/CCoupel/GhostDrive/internal/sync/dispatcher.go:93.21,95.12 2 0
github.com/CCoupel/GhostDrive/internal/sync/dispatcher.go:98.3,98.13 1 4
github.com/CCoupel/GhostDrive/internal/sync/dispatcher.go:98.13,100.17 2 4
github.com/CCoupel/GhostDrive/internal/sync/dispatcher.go:100.17,100.28 1 4
github.com/CCoupel/GhostDrive/internal/sync/dispatcher.go:102.4,102.44 1 4
github.com/CCoupel/GhostDrive/internal/sync/dispatcher.go:102.44,104.24 2 0
github.com/CCoupel/GhostDrive/internal/sync/dispatcher.go:104.24,106.6 1 0
github.com/CCoupel/GhostDrive/internal/sync/dispatcher.go:107.5,107.16 1 0
github.com/CCoupel/GhostDrive/internal/sync/dispatcher.go:112.2,113.17 2 6
github.com/CCoupel/GhostDrive/internal/sync/dispatcher.go:117.71,118.16 1 4
github.com/CCoupel/GhostDrive/internal/sync/dispatcher.go:119.20,126.65 2 2
github.com/CCoupel/GhostDrive/internal/sync/dispatcher.go:126.65,128.4 1 0
github.com/CCoupel/GhostDrive/internal/sync/dispatcher.go:130.22,137.67 2 2
github.com/CCoupel/GhostDrive/internal/sync/dispatcher.go:137.67,139.4 1 0
github.com/CCoupel/GhostDrive/internal/sync/dispatcher.go:141.3,141.67 1 2
github.com/CCoupel/GhostDrive/internal/sync/dispatcher.go:141.67,143.4 1 0
github.com/CCoupel/GhostDrive/internal/sync/dispatcher.go:145.20,146.61 1 0
github.com/CCoupel/GhostDrive/internal/sync/dispatcher.go:146.61,152.4 2 0
github.com/CCoupel/GhostDrive/internal/sync/dispatcher.go:154.19,155.64 1 0
github.com/CCoupel/GhostDrive/internal/sync/dispatcher.go:155.64,161.4 2 0
github.com/CCoupel/GhostDrive/internal/sync/dispatcher.go:163.10,164.64 1 0
github.com/CCoupel/GhostDrive/internal/sync/dispatcher.go:167.2,167.12 1 4
github.com/CCoupel/GhostDrive/internal/sync/download.go:17.108,18.74 1 8
github.com/CCoupel/GhostDrive/internal/sync/download.go:18.74,21.3 2 0
github.com/CCoupel/GhostDrive/internal/sync/download.go:22.2,22.72 1 8
github.com/CCoupel/GhostDrive/internal/sync/download.go:22.72,25.3 2 0
github.com/CCoupel/GhostDrive/internal/sync/download.go:28.2,35.38 3 8
github.com/CCoupel/GhostDrive/internal/sync/download.go:35.38,38.50 3 2
github.com/CCoupel/GhostDrive/internal/sync/download.go:38.50,40.4 1 1
github.com/CCoupel/GhostDrive/internal/sync/download.go:41.3,49.16 3 1
github.com/CCoupel/GhostDrive/internal/sync/download.go:49.16,51.4 1 1
github.com/CCoupel/GhostDrive/internal/sync/download.go:52.3,52.38 1 1
github.com/CCoupel/GhostDrive/internal/sync/download.go:56.2,61.95 2 8
github.com/CCoupel/GhostDrive/internal/sync/download.go:61.95,65.3 3 2
github.com/CCoupel/GhostDrive/internal/sync/download.go:67.2,67.59 1 6
github.com/CCoupel/GhostDrive/internal/sync/download.go:67.59,71.3 3 0
github.com/CCoupel/GhostDrive/internal/sync/download.go:73.2,73.12 1 6
github.com/CCoupel/GhostDrive/internal/sync/engine.go:44.11,45.20 1 13
github.com/CCoupel/GhostDrive/internal/sync/engine.go:45.20,47.3 1 0
github.com/CCoupel/GhostDrive/internal/sync/engine.go:48.2,61.3 1 13
github.com/CCoupel/GhostDrive/internal/sync/engine.go:66.49,70.2 3 0
github.com/CCoupel/GhostDrive/internal/sync/engine.go:75.51,76.30 1 4
github.com/CCoupel/GhostDrive/internal/sync/engine.go:76.30,78.3 1 1
github.com/CCoupel/GhostDrive/internal/sync/engine.go:80.2,82.25 3 3
github.com/CCoupel/GhostDrive/internal/sync/engine.go:82.25,86.3 3 1
github.com/CCoupel/GhostDrive/internal/sync/engine.go:87.2,91.12 4 2
github.com/CCoupel/GhostDrive/internal/sync/engine.go:95.25,98.25 3 2
github.com/CCoupel/GhostDrive/internal/sync/engine.go:98.25,101.3 2 2
github.com/CCoupel/GhostDrive/internal/sync/engine.go:105.26,108.15 3 1
github.com/CCoupel/GhostDrive/internal/sync/engine.go:108.15,115.3 2 1
github.com/CCoupel/GhostDrive/internal/sync/engine.go:119.27,122.14 3 1
github.com/CCoupel/GhostDrive/internal/sync/engine.go:122.14,129.3 2 1
github.com/CCoupel/GhostDrive/internal/sync/engine.go:133.55,135.2 1 4
github.com/CCoupel/GhostDrive/internal/sync/engine.go:140.45,145.21 4 21
github.com/CCoupel/GhostDrive/internal/sync/engine.go:145.21,147.3 1 0
github.com/CCoupel/GhostDrive/internal/sync/engine.go:148.2,148.23 1 21
github.com/CCoupel/GhostDrive/internal/sync/engine.go:148.23,150.3 1 14
github.com/CCoupel/GhostDrive/internal/sync/engine.go:151.2,151.30 1 21
github.com/CCoupel/GhostDrive/internal/sync/engine.go:151.30,153.3 1 14
github.com/CCoupel/GhostDrive/internal/sync/engine.go:154.2,154.10 1 21
github.com/CCoupel/GhostDrive/internal/sync/engine.go:159.43,161.63 1 2
github.com/CCoupel/GhostDrive/internal/sync/engine.go:161.63,163.3 1 0
github.com/CCoupel/GhostDrive/internal/sync/engine.go:166.2,167.16 2 2
github.com/CCoupel/GhostDrive/internal/sync/engine.go:167.16,170.3 2 0
github.com/CCoupel/GhostDrive/internal/sync/engine.go:172.2,173.16 2 2
github.com/CCoupel/GhostDrive/internal/sync/engine.go:173.16,176.3 2 0
github.com/CCoupel/GhostDrive/internal/sync/engine.go:177.2,181.16 3 2
github.com/CCoupel/GhostDrive/internal/sync/engine.go:181.16,184.3 1 0
github.com/CCoupel/GhostDrive/internal/sync/engine.go:186.2,186.6 1 2
github.com/CCoupel/GhostDrive/internal/sync/engine.go:186.6,187.10 1 4
github.com/CCoupel/GhostDrive/internal/sync/engine.go:188.21,194.10 2 2
github.com/CCoupel/GhostDrive/internal/sync/engine.go:196.28,197.11 1 0
github.com/CCoupel/GhostDrive/internal/sync/engine.go:197.11,199.5 1 0
github.com/CCoupel/GhostDrive/internal/sync/engine.go:200.4,200.20 1 0
github.com/CCoupel/GhostDrive/internal/sync/engine.go:200.20,201.13 1 0
github.com/CCoupel/GhostDrive/internal/sync/engine.go:203.4,204.75 2 0
github.com/CCoupel/GhostDrive/internal/sync/engine.go:204.75,206.5 1 0
github.com/CCoupel/GhostDrive/internal/sync/engine.go:208.34,209.11 1 2
github.com/CCoupel/GhostDrive/internal/sync/engine.go:209.11,214.25 1 2
github.com/CCoupel/GhostDrive/internal/sync/engine.go:214.25,216.6 1 2
github.com/CCoupel/GhostDrive/internal/sync/engine.go:217.5,218.13 2 2
github.com/CCoupel/GhostDrive/internal/sync/engine.go:222.4,222.51 1 0
github.com/CCoupel/GhostDrive/internal/sync/engine.go:222.51,224.25 1 0
github.com/CCoupel/GhostDrive/internal/sync/engine.go:224.25,226.6 1 0
github.com/CCoupel/GhostDrive/internal/sync/engine.go:227.5,227.13 1 0
github.com/CCoupel/GhostDrive/internal/sync/engine.go:229.4,229.50 1 0
github.com/CCoupel/GhostDrive/internal/sync/engine.go:229.50,231.25 1 0
github.com/CCoupel/GhostDrive/internal/sync/engine.go:231.25,233.6 1 0
github.com/CCoupel/GhostDrive/internal/sync/engine.go:234.5,234.13 1 0
github.com/CCoupel/GhostDrive/internal/sync/engine.go:236.4,236.20 1 0
github.com/CCoupel/GhostDrive/internal/sync/engine.go:236.20,237.13 1 0
github.com/CCoupel/GhostDrive/internal/sync/engine.go:239.4,240.76 2 0
github.com/CCoupel/GhostDrive/internal/sync/engine.go:240.76,242.5 1 0
github.com/CCoupel/GhostDrive/internal/sync/engine.go:247.57,249.14 2 6
github.com/CCoupel/GhostDrive/internal/sync/engine.go:249.14,252.3 2 0
github.com/CCoupel/GhostDrive/internal/sync/engine.go:253.2,271.37 11 6
github.com/CCoupel/GhostDrive/internal/sync/engine.go:271.37,273.3 1 0
github.com/CCoupel/GhostDrive/internal/sync/engine.go:275.2,276.16 2 6
github.com/CCoupel/GhostDrive/internal/sync/engine.go:276.16,284.3 3 0
github.com/CCoupel/GhostDrive/internal/sync/engine.go:286.2,290.78 4 6
github.com/CCoupel/GhostDrive/internal/sync/engine.go:290.78,292.3 1 0
github.com/CCoupel/GhostDrive/internal/sync/engine.go:295.2,295.37 1 6
github.com/CCoupel/GhostDrive/internal/sync/engine.go:295.37,297.3 1 0
github.com/CCoupel/GhostDrive/internal/sync/engine.go:299.2,307.12 4 6
github.com/CCoupel/GhostDrive/internal/sync/engine.go:310.85,316.37 6 0
github.com/CCoupel/GhostDrive/internal/sync/engine.go:316.37,318.3 1 0
github.com/CCoupel/GhostDrive/internal/sync/engine.go:319.2,321.18 2 0
github.com/CCoupel/GhostDrive/internal/sync/engine.go:322.59,327.6 1 0
github.com/CCoupel/GhostDrive/internal/sync/engine.go:328.32,333.6 1 0
github.com/CCoupel/GhostDrive/internal/sync/engine.go:335.2,335.12 1 0
github.com/CCoupel/GhostDrive/internal/sync/engine.go:338.86,344.37 6 0
github.com/CCoupel/GhostDrive/internal/sync/engine.go:344.37,346.3 1 0
github.com/CCoupel/GhostDrive/internal/sync/engine.go:347.2,349.18 2 0
github.com/CCoupel/GhostDrive/internal/sync/engine.go:350.59,355.6 1 0
github.com/CCoupel/GhostDrive/internal/sync/engine.go:356.32,361.5 1 0
github.com/CCoupel/GhostDrive/internal/sync/engine.go:363.2,363.12 1 0
github.com/CCoupel/GhostDrive/internal/sync/engine.go:366.46,370.2 3 14
github.com/CCoupel/GhostDrive/internal/sync/engine.go:372.34,376.2 3 3
github.com/CCoupel/GhostDrive/internal/sync/engine.go:378.52,393.2 6 4
github.com/CCoupel/GhostDrive/internal/sync/engine.go:401.34,408.2 4 2
github.com/CCoupel/GhostDrive/internal/sync/engine.go:415.33,417.41 2 2
github.com/CCoupel/GhostDrive/internal/sync/engine.go:417.41,419.3 1 1
github.com/CCoupel/GhostDrive/internal/sync/engine.go:420.2,423.4 2 2
github.com/CCoupel/GhostDrive/internal/sync/queue.go:33.35,35.2 1 4
github.com/CCoupel/GhostDrive/internal/sync/queue.go:38.41,40.2 1 8
github.com/CCoupel/GhostDrive/internal/sync/queue.go:44.36,48.2 3 5
github.com/CCoupel/GhostDrive/internal/sync/queue.go:57.45,61.2 3 12
github.com/CCoupel/GhostDrive/internal/sync/queue.go:65.49,69.31 3 5
github.com/CCoupel/GhostDrive/internal/sync/queue.go:69.31,70.27 1 4
github.com/CCoupel/GhostDrive/internal/sync/queue.go:70.27,74.4 2 0
github.com/CCoupel/GhostDrive/internal/sync/queue.go:75.3,75.21 1 4
github.com/CCoupel/GhostDrive/internal/sync/queue.go:75.21,78.4 2 2
github.com/CCoupel/GhostDrive/internal/sync/queue.go:81.2,81.19 1 3
github.com/CCoupel/GhostDrive/internal/sync/queue.go:86.50,88.26 2 3
github.com/CCoupel/GhostDrive/internal/sync/queue.go:88.26,90.3 1 1
github.com/CCoupel/GhostDrive/internal/sync/queue.go:91.2,92.13 2 2
github.com/CCoupel/GhostDrive/internal/sync/queue.go:96.32,100.2 3 7
github.com/CCoupel/GhostDrive/internal/sync/queue.go:103.41,110.2 6 1
github.com/CCoupel/GhostDrive/internal/sync/reconciler.go:50.90,56.2 1 12
github.com/CCoupel/GhostDrive/internal/sync/reconciler.go:67.94,70.16 2 12
github.com/CCoupel/GhostDrive/internal/sync/reconciler.go:70.16,72.3 1 0
github.com/CCoupel/GhostDrive/internal/sync/reconciler.go:75.2,76.16 2 12
github.com/CCoupel/GhostDrive/internal/sync/reconciler.go:76.16,78.3 1 0
github.com/CCoupel/GhostDrive/internal/sync/reconciler.go:80.2,84.28 3 12
github.com/CCoupel/GhostDrive/internal/sync/reconciler.go:84.28,87.3 2 7
github.com/CCoupel/GhostDrive/internal/sync/reconciler.go:90.2,91.29 2 12
github.com/CCoupel/GhostDrive/internal/sync/reconciler.go:91.29,93.3 1 7
github.com/CCoupel/GhostDrive/internal/sync/reconciler.go:98.2,98.37 1 12
github.com/CCoupel/GhostDrive/internal/sync/reconciler.go:98.37,103.22 4 7
github.com/CCoupel/GhostDrive/internal/sync/reconciler.go:103.22,104.21 1 0
github.com/CCoupel/GhostDrive/internal/sync/reconciler.go:104.21,110.5 1 0
github.com/CCoupel/GhostDrive/internal/sync/reconciler.go:111.4,111.12 1 0
github.com/CCoupel/GhostDrive/internal/sync/reconciler.go:114.3,114.20 1 7
github.com/CCoupel/GhostDrive/internal/sync/reconciler.go:114.20,121.12 2 2
github.com/CCoupel/GhostDrive/internal/sync/reconciler.go:125.3,125.65 1 5
github.com/CCoupel/GhostDrive/internal/sync/reconciler.go:125.65,127.49 1 4
github.com/CCoupel/GhostDrive/internal/sync/reconciler.go:127.49,140.5 2 2
github.com/CCoupel/GhostDrive/internal/sync/reconciler.go:140.10,153.5 2 2
github.com/CCoupel/GhostDrive/internal/sync/reconciler.go:159.2,159.39 1 12
github.com/CCoupel/GhostDrive/internal/sync/reconciler.go:159.39,160.52 1 7
github.com/CCoupel/GhostDrive/internal/sync/reconciler.go:160.52,164.22 3 2
github.com/CCoupel/GhostDrive/internal/sync/reconciler.go:164.22,171.5 1 0
github.com/CCoupel/GhostDrive/internal/sync/reconciler.go:171.10,177.5 1 2
github.com/CCoupel/GhostDrive/internal/sync/reconciler.go:181.2,181.21 1 12
github.com/CCoupel/GhostDrive/internal/sync/reconciler.go:185.110,187.16 2 12
github.com/CCoupel/GhostDrive/internal/sync/reconciler.go:187.16,189.3 1 0
github.com/CCoupel/GhostDrive/internal/sync/reconciler.go:191.2,192.28 2 12
github.com/CCoupel/GhostDrive/internal/sync/reconciler.go:192.28,194.14 2 7
github.com/CCoupel/GhostDrive/internal/sync/reconciler.go:194.14,196.18 2 0
github.com/CCoupel/GhostDrive/internal/sync/reconciler.go:196.18,198.5 1 0
github.com/CCoupel/GhostDrive/internal/sync/reconciler.go:199.4,199.35 1 0
github.com/CCoupel/GhostDrive/internal/sync/reconciler.go:202.2,202.20 1 12
github.com/CCoupel/GhostDrive/internal/sync/reconciler.go:206.66,208.88 2 12
github.com/CCoupel/GhostDrive/internal/sync/reconciler.go:208.88,209.17 1 19
github.com/CCoupel/GhostDrive/internal/sync/reconciler.go:209.17,211.4 1 0
github.com/CCoupel/GhostDrive/internal/sync/reconciler.go:212.3,212.25 1 19
github.com/CCoupel/GhostDrive/internal/sync/reconciler.go:212.25,214.4 1 12
github.com/CCoupel/GhostDrive/internal/sync/reconciler.go:215.3,216.17 2 7
github.com/CCoupel/GhostDrive/internal/sync/reconciler.go:216.17,218.4 1 0
github.com/CCoupel/GhostDrive/internal/sync/reconciler.go:219.3,220.13 2 7
github.com/CCoupel/GhostDrive/internal/sync/reconciler.go:222.2,222.20 1 12
github.com/CCoupel/GhostDrive/internal/sync/reconciler.go:227.70,231.2 3 7
github.com/CCoupel/GhostDrive/internal/sync/reconciler.go:234.101,235.30 1 5
github.com/CCoupel/GhostDrive/internal/sync/reconciler.go:235.30,237.3 1 1
github.com/CCoupel/GhostDrive/internal/sync/reconciler.go:239.2,239.80 1 4
github.com/CCoupel/GhostDrive/internal/sync/reconciler.go:239.80,241.3 1 1
github.com/CCoupel/GhostDrive/internal/sync/reconciler.go:242.2,242.13 1 3
github.com/CCoupel/GhostDrive/internal/sync/reconciler.go:246.55,247.21 1 4
github.com/CCoupel/GhostDrive/internal/sync/reconciler.go:247.21,249.3 1 1
github.com/CCoupel/GhostDrive/internal/sync/reconciler.go:251.2,252.16 2 3
github.com/CCoupel/GhostDrive/internal/sync/reconciler.go:252.16,254.3 1 0
github.com/CCoupel/GhostDrive/internal/sync/reconciler.go:255.2,264.32 3 3
github.com/CCoupel/GhostDrive/internal/sync/upload.go:17.106,18.74 1 6
github.com/CCoupel/GhostDrive/internal/sync/upload.go:18.74,21.3 2 0
github.com/CCoupel/GhostDrive/internal/sync/upload.go:22.2,22.51 1 6
github.com/CCoupel/GhostDrive/internal/sync/upload.go:22.51,25.3 2 1
github.com/CCoupel/GhostDrive/internal/sync/upload.go:27.2,32.38 2 5
github.com/CCoupel/GhostDrive/internal/sync/upload.go:32.38,35.50 3 2
github.com/CCoupel/GhostDrive/internal/sync/upload.go:35.50,37.4 1 1
github.com/CCoupel/GhostDrive/internal/sync/upload.go:38.3,46.16 3 1
github.com/CCoupel/GhostDrive/internal/sync/upload.go:46.16,48.4 1 1
github.com/CCoupel/GhostDrive/internal/sync/upload.go:49.3,49.38 1 1
github.com/CCoupel/GhostDrive/internal/sync/upload.go:52.2,52.87 1 5
github.com/CCoupel/GhostDrive/internal/sync/upload.go:52.87,55.3 2 1
github.com/CCoupel/GhostDrive/internal/sync/upload.go:56.2,56.12 1 4
github.com/CCoupel/GhostDrive/internal/sync/upload.go:60.61,66.2 1 4
github.com/CCoupel/GhostDrive/internal/sync/upload.go:70.59,72.21 2 14
github.com/CCoupel/GhostDrive/internal/sync/upload.go:72.21,74.94 2 4
github.com/CCoupel/GhostDrive/internal/sync/upload.go:74.94,76.4 1 0
github.com/CCoupel/GhostDrive/internal/sync/upload.go:78.2,78.12 1 14
github.com/CCoupel/GhostDrive/internal/sync/watcher.go:23.47,25.16 2 7
github.com/CCoupel/GhostDrive/internal/sync/watcher.go:25.16,27.3 1 0
github.com/CCoupel/GhostDrive/internal/sync/watcher.go:28.2,28.44 1 7
github.com/CCoupel/GhostDrive/internal/sync/watcher.go:33.80,34.45 1 7
github.com/CCoupel/GhostDrive/internal/sync/watcher.go:34.45,36.3 1 1
github.com/CCoupel/GhostDrive/internal/sync/watcher.go:38.2,40.12 2 6
github.com/CCoupel/GhostDrive/internal/sync/watcher.go:40.12,49.39 5 6
github.com/CCoupel/GhostDrive/internal/sync/watcher.go:49.39,50.11 1 3
github.com/CCoupel/GhostDrive/internal/sync/watcher.go:51.19,51.19 0 3
github.com/CCoupel/GhostDrive/internal/sync/watcher.go:52.22,52.22 0 0
github.com/CCoupel/GhostDrive/internal/sync/watcher.go:56.3,56.7 1 6
github.com/CCoupel/GhostDrive/internal/sync/watcher.go:56.7,57.11 1 10
github.com/CCoupel/GhostDrive/internal/sync/watcher.go:58.22,59.31 1 6
github.com/CCoupel/GhostDrive/internal/sync/watcher.go:59.31,61.6 1 3
github.com/CCoupel/GhostDrive/internal/sync/watcher.go:62.5,62.11 1 6
github.com/CCoupel/GhostDrive/internal/sync/watcher.go:64.39,65.12 1 0
github.com/CCoupel/GhostDrive/internal/sync/watcher.go:65.12,67.6 1 0
github.com/CCoupel/GhostDrive/internal/sync/watcher.go:68.5,68.12 1 0
github.com/CCoupel/GhostDrive/internal/sync/watcher.go:70.43,71.12 1 4
github.com/CCoupel/GhostDrive/internal/sync/watcher.go:71.12,73.6 1 0
github.com/CCoupel/GhostDrive/internal/sync/watcher.go:75.5,77.22 3 4
github.com/CCoupel/GhostDrive/internal/sync/watcher.go:77.22,78.14 1 0
github.com/CCoupel/GhostDrive/internal/sync/watcher.go:81.5,81.43 1 4
github.com/CCoupel/GhostDrive/internal/sync/watcher.go:81.43,86.6 3 1
github.com/CCoupel/GhostDrive/internal/sync/watcher.go:86.11,88.6 1 3
github.com/CCoupel/GhostDrive/internal/sync/watcher.go:90.5,94.69 4 4
github.com/CCoupel/GhostDrive/internal/sync/watcher.go:94.69,95.13 1 3
github.com/CCoupel/GhostDrive/internal/sync/watcher.go:96.32,97.13 1 0
github.com/CCoupel/GhostDrive/internal/sync/watcher.go:98.14,98.14 0 3
github.com/CCoupel/GhostDrive/internal/sync/watcher.go:100.6,105.8 1 3
github.com/CCoupel/GhostDrive/internal/sync/watcher.go:111.2,111.16 1 6
github.com/CCoupel/GhostDrive/internal/sync/watcher.go:115.32,117.2 1 3
github.com/CCoupel/GhostDrive/internal/sync/watcher.go:120.56,121.9 1 4
github.com/CCoupel/GhostDrive/internal/sync/watcher.go:122.31,123.34 1 1
github.com/CCoupel/GhostDrive/internal/sync/watcher.go:124.30,125.35 1 2
github.com/CCoupel/GhostDrive/internal/sync/watcher.go:126.31,127.34 1 1
github.com/CCoupel/GhostDrive/internal/sync/watcher.go:128.31,129.34 1 0
github.com/CCoupel/GhostDrive/internal/sync/watcher.go:130.10,131.12 1 0
github.com/CCoupel/GhostDrive/plugins/webdav/auth.go:40.49,42.38 2 53
github.com/CCoupel/GhostDrive/plugins/webdav/auth.go:42.38,44.3 1 0
github.com/CCoupel/GhostDrive/plugins/webdav/auth.go:45.2,49.3 2 53
github.com/CCoupel/GhostDrive/plugins/webdav/auth.go:56.51,57.18 1 155
github.com/CCoupel/GhostDrive/plugins/webdav/auth.go:58.18,59.55 1 1
github.com/CCoupel/GhostDrive/plugins/webdav/auth.go:60.10,62.52 2 154
github.com/CCoupel/GhostDrive/plugins/webdav/webdav.go:140.21,140.42 1 66
github.com/CCoupel/GhostDrive/plugins/webdav/webdav.go:145.33,145.52 1 1
github.com/CCoupel/GhostDrive/plugins/webdav/webdav.go:150.55,169.2 1 1
github.com/CCoupel/GhostDrive/plugins/webdav/webdav.go:189.60,190.23 1 55
github.com/CCoupel/GhostDrive/plugins/webdav/webdav.go:190.23,192.3 1 0
github.com/CCoupel/GhostDrive/plugins/webdav/webdav.go:195.2,196.18 2 55
github.com/CCoupel/GhostDrive/plugins/webdav/webdav.go:196.18,198.3 1 1
github.com/CCoupel/GhostDrive/plugins/webdav/webdav.go:199.2,200.66 2 54
github.com/CCoupel/GhostDrive/plugins/webdav/webdav.go:200.66,202.3 1 1
github.com/CCoupel/GhostDrive/plugins/webdav/webdav.go:205.2,206.16 2 53
github.com/CCoupel/GhostDrive/plugins/webdav/webdav.go:206.16,208.3 1 0
github.com/CCoupel/GhostDrive/plugins/webdav/webdav.go:209.2,215.43 2 53
github.com/CCoupel/GhostDrive/plugins/webdav/webdav.go:215.43,217.3 1 0
github.com/CCoupel/GhostDrive/plugins/webdav/webdav.go:219.2,219.14 1 53
github.com/CCoupel/GhostDrive/plugins/webdav/webdav.go:220.17,221.26 1 52
github.com/CCoupel/GhostDrive/plugins/webdav/webdav.go:221.26,223.4 1 0
github.com/CCoupel/GhostDrive/plugins/webdav/webdav.go:224.18,225.23 1 1
github.com/CCoupel/GhostDrive/plugins/webdav/webdav.go:225.23,227.4 1 0
github.com/CCoupel/GhostDrive/plugins/webdav/webdav.go:228.10,229.100 1 0
github.com/CCoupel/GhostDrive/plugins/webdav/webdav.go:234.2,235.49 2 53
github.com/CCoupel/GhostDrive/plugins/webdav/webdav.go:235.49,236.61 1 0
github.com/CCoupel/GhostDrive/plugins/webdav/webdav.go:236.61,238.4 1 0
github.com/CCoupel/GhostDrive/plugins/webdav/webdav.go:239.8,239.53 1 53
github.com/CCoupel/GhostDrive/plugins/webdav/webdav.go:239.53,240.61 1 46
github.com/CCoupel/GhostDrive/plugins/webdav/webdav.go:240.61,242.4 1 46
github.com/CCoupel/GhostDrive/plugins/webdav/webdav.go:245.2,246.49 2 53
github.com/CCoupel/GhostDrive/plugins/webdav/webdav.go:246.49,247.61 1 0
github.com/CCoupel/GhostDrive/plugins/webdav/webdav.go:247.61,249.4 1 0
github.com/CCoupel/GhostDrive/plugins/webdav/webdav.go:251.2,251.23 1 53
github.com/CCoupel/GhostDrive/plugins/webdav/webdav.go:251.23,253.3 1 46
github.com/CCoupel/GhostDrive/plugins/webdav/webdav.go:255.2,256.51 2 53
github.com/CCoupel/GhostDrive/plugins/webdav/webdav.go:256.51,257.75 1 0
github.com/CCoupel/GhostDrive/plugins/webdav/webdav.go:257.75,259.4 1 0
github.com/CCoupel/GhostDrive/plugins/webdav/webdav.go:264.2,265.23 2 53
github.com/CCoupel/GhostDrive/plugins/webdav/webdav.go:265.23,267.3 1 52
github.com/CCoupel/GhostDrive/plugins/webdav/webdav.go:268.2,270.23 3 53
github.com/CCoupel/GhostDrive/plugins/webdav/webdav.go:270.23,271.55 1 2
github.com/CCoupel/GhostDrive/plugins/webdav/webdav.go:271.55,272.17 1 2
github.com/CCoupel/GhostDrive/plugins/webdav/webdav.go:272.17,275.5 2 2
github.com/CCoupel/GhostDrive/plugins/webdav/webdav.go:280.2,285.16 3 53
github.com/CCoupel/GhostDrive/plugins/webdav/webdav.go:285.16,287.3 1 0
github.com/CCoupel/GhostDrive/plugins/webdav/webdav.go:288.2,293.16 5 53
github.com/CCoupel/GhostDrive/plugins/webdav/webdav.go:293.16,295.3 1 1
github.com/CCoupel/GhostDrive/plugins/webdav/webdav.go:296.2,298.48 2 52
github.com/CCoupel/GhostDrive/plugins/webdav/webdav.go:298.48,300.3 1 0
github.com/CCoupel/GhostDrive/plugins/webdav/webdav.go:301.2,301.28 1 52
github.com/CCoupel/GhostDrive/plugins/webdav/webdav.go:301.28,303.3 1 0
github.com/CCoupel/GhostDrive/plugins/webdav/webdav.go:306.2,317.12 12 52
github.com/CCoupel/GhostDrive/plugins/webdav/webdav.go:322.38,328.2 5 54
github.com/CCoupel/GhostDrive/plugins/webdav/webdav.go:332.38,336.2 3 166
github.com/CCoupel/GhostDrive/plugins/webdav/webdav.go:343.55,349.22 5 101
github.com/CCoupel/GhostDrive/plugins/webdav/webdav.go:349.22,351.3 1 45
github.com/CCoupel/GhostDrive/plugins/webdav/webdav.go:352.2,354.31 3 56
github.com/CCoupel/GhostDrive/plugins/webdav/webdav.go:354.31,356.3 1 58
github.com/CCoupel/GhostDrive/plugins/webdav/webdav.go:357.2,357.51 1 56
github.com/CCoupel/GhostDrive/plugins/webdav/webdav.go:362.53,370.20 6 67
github.com/CCoupel/GhostDrive/plugins/webdav/webdav.go:370.20,372.3 1 63
github.com/CCoupel/GhostDrive/plugins/webdav/webdav.go:373.2,373.25 1 4
github.com/CCoupel/GhostDrive/plugins/webdav/webdav.go:373.25,375.3 1 2
github.com/CCoupel/GhostDrive/plugins/webdav/webdav.go:376.2,377.40 2 2
github.com/CCoupel/GhostDrive/plugins/webdav/webdav.go:377.40,379.3 1 2
github.com/CCoupel/GhostDrive/plugins/webdav/webdav.go:381.2,381.39 1 0
github.com/CCoupel/GhostDrive/plugins/webdav/webdav.go:388.65,395.33 6 102
github.com/CCoupel/GhostDrive/plugins/webdav/webdav.go:395.33,397.3 1 0
github.com/CCoupel/GhostDrive/plugins/webdav/webdav.go:399.2,401.16 3 102
github.com/CCoupel/GhostDrive/plugins/webdav/webdav.go:401.16,403.3 1 8
github.com/CCoupel/GhostDrive/plugins/webdav/webdav.go:404.2,409.22 2 94
github.com/CCoupel/GhostDrive/plugins/webdav/webdav.go:409.22,420.52 6 0
github.com/CCoupel/GhostDrive/plugins/webdav/webdav.go:420.52,422.4 1 0
github.com/CCoupel/GhostDrive/plugins/webdav/webdav.go:424.3,429.25 5 0
github.com/CCoupel/GhostDrive/plugins/webdav/webdav.go:429.25,431.4 1 0
github.com/CCoupel/GhostDrive/plugins/webdav/webdav.go:432.3,434.18 3 0
github.com/CCoupel/GhostDrive/plugins/webdav/webdav.go:434.18,436.4 1 0
github.com/CCoupel/GhostDrive/plugins/webdav/webdav.go:437.3,438.20 2 0
github.com/CCoupel/GhostDrive/plugins/webdav/webdav.go:441.2,441.18 1 94
github.com/CCoupel/GhostDrive/plugins/webdav/webdav.go:447.96,450.16 3 55
github.com/CCoupel/GhostDrive/plugins/webdav/webdav.go:450.16,452.3 1 0
github.com/CCoupel/GhostDrive/plugins/webdav/webdav.go:453.2,456.46 3 55
github.com/CCoupel/GhostDrive/plugins/webdav/webdav.go:456.46,458.3 1 0
github.com/CCoupel/GhostDrive/plugins/webdav/webdav.go:460.2,461.16 2 55
github.com/CCoupel/GhostDrive/plugins/webdav/webdav.go:461.16,463.3 1 7
github.com/CCoupel/GhostDrive/plugins/webdav/webdav.go:464.2,466.44 2 48
github.com/CCoupel/GhostDrive/plugins/webdav/webdav.go:466.44,468.3 1 4
github.com/CCoupel/GhostDrive/plugins/webdav/webdav.go:469.2,469.47 1 44
github.com/CCoupel/GhostDrive/plugins/webdav/webdav.go:469.47,471.3 1 1
github.com/CCoupel/GhostDrive/plugins/webdav/webdav.go:473.2,473.33 1 43
github.com/CCoupel/GhostDrive/plugins/webdav/webdav.go:477.58,479.57 2 43
github.com/CCoupel/GhostDrive/plugins/webdav/webdav.go:479.57,481.3 1 0
github.com/CCoupel/GhostDrive/plugins/webdav/webdav.go:482.2,482.17 1 43
github.com/CCoupel/GhostDrive/plugins/webdav/webdav.go:488.94,490.16 2 3
github.com/CCoupel/GhostDrive/plugins/webdav/webdav.go:490.16,492.3 1 0
github.com/CCoupel/GhostDrive/plugins/webdav/webdav.go:493.2,497.16 4 3
github.com/CCoupel/GhostDrive/plugins/webdav/webdav.go:497.16,499.3 1 0
github.com/CCoupel/GhostDrive/plugins/webdav/webdav.go:500.2,502.47 2 3
github.com/CCoupel/GhostDrive/plugins/webdav/webdav.go:502.47,504.3 1 0
github.com/CCoupel/GhostDrive/plugins/webdav/webdav.go:506.2,507.16 2 3
github.com/CCoupel/GhostDrive/plugins/webdav/webdav.go:507.16,509.3 1 0
github.com/CCoupel/GhostDrive/plugins/webdav/webdav.go:510.2,513.49 3 3
github.com/CCoupel/GhostDrive/plugins/webdav/webdav.go:513.49,515.3 1 0
github.com/CCoupel/GhostDrive/plugins/webdav/webdav.go:516.2,516.17 1 3
github.com/CCoupel/GhostDrive/plugins/webdav/webdav.go:522.82,524.31 2 30
github.com/CCoupel/GhostDrive/plugins/webdav/webdav.go:524.31,526.3 1 0
github.com/CCoupel/GhostDrive/plugins/webdav/webdav.go:528.2,533.35 2 30
github.com/CCoupel/GhostDrive/plugins/webdav/webdav.go:533.35,535.42 1 58
github.com/CCoupel/GhostDrive/plugins/webdav/webdav.go:535.42,536.12 1 28
github.com/CCoupel/GhostDrive/plugins/webdav/webdav.go:538.3,540.28 3 30
github.com/CCoupel/GhostDrive/plugins/webdav/webdav.go:540.28,542.4 1 28
github.com/CCoupel/GhostDrive/plugins/webdav/webdav.go:543.3,543.27 1 30
github.com/CCoupel/GhostDrive/plugins/webdav/webdav.go:543.27,545.4 1 30
github.com/CCoupel/GhostDrive/plugins/webdav/webdav.go:546.3,547.23 2 30
github.com/CCoupel/GhostDrive/plugins/webdav/webdav.go:550.2,550.11 1 30
github.com/CCoupel/GhostDrive/plugins/webdav/webdav.go:560.110,561.22 1 26
github.com/CCoupel/GhostDrive/plugins/webdav/webdav.go:561.22,563.3 1 1
github.com/CCoupel/GhostDrive/plugins/webdav/webdav.go:564.2,564.34 1 25
github.com/CCoupel/GhostDrive/plugins/webdav/webdav.go:564.34,566.3 1 1
github.com/CCoupel/GhostDrive/plugins/webdav/webdav.go:568.2,569.16 2 24
github.com/CCoupel/GhostDrive/plugins/webdav/webdav.go:569.16,571.3 1 0
github.com/CCoupel/GhostDrive/plugins/webdav/webdav.go:572.2,575.16 3 24
github.com/CCoupel/GhostDrive/plugins/webdav/webdav.go:575.16,577.3 1 0
github.com/CCoupel/GhostDrive/plugins/webdav/webdav.go:578.2,581.21 3 24
github.com/CCoupel/GhostDrive/plugins/webdav/webdav.go:581.21,583.3 1 1
github.com/CCoupel/GhostDrive/plugins/webdav/webdav.go:585.2,586.16 2 24
github.com/CCoupel/GhostDrive/plugins/webdav/webdav.go:586.16,588.3 1 0
github.com/CCoupel/GhostDrive/plugins/webdav/webdav.go:589.2,593.16 3 24
github.com/CCoupel/GhostDrive/plugins/webdav/webdav.go:593.16,595.3 1 0
github.com/CCoupel/GhostDrive/plugins/webdav/webdav.go:596.2,601.36 3 24
github.com/CCoupel/GhostDrive/plugins/webdav/webdav.go:601.36,603.3 1 0
github.com/CCoupel/GhostDrive/plugins/webdav/webdav.go:604.2,604.12 1 24
github.com/CCoupel/GhostDrive/plugins/webdav/webdav.go:610.112,611.22 1 5
github.com/CCoupel/GhostDrive/plugins/webdav/webdav.go:611.22,613.3 1 1
github.com/CCoupel/GhostDrive/plugins/webdav/webdav.go:615.2,616.16 2 4
github.com/CCoupel/GhostDrive/plugins/webdav/webdav.go:616.16,618.3 1 0
github.com/CCoupel/GhostDrive/plugins/webdav/webdav.go:620.2,621.16 2 4
github.com/CCoupel/GhostDrive/plugins/webdav/webdav.go:621.16,623.3 1 0
github.com/CCoupel/GhostDrive/plugins/webdav/webdav.go:624.2,626.25 2 4
github.com/CCoupel/GhostDrive/plugins/webdav/webdav.go:627.27,628.72 1 1
github.com/CCoupel/GhostDrive/plugins/webdav/webdav.go:629.21,629.21 0 3
github.com/CCoupel/GhostDrive/plugins/webdav/webdav.go:631.10,632.88 1 0
github.com/CCoupel/GhostDrive/plugins/webdav/webdav.go:635.2,635.63 1 3
github.com/CCoupel/GhostDrive/plugins/webdav/webdav.go:635.63,637.3 1 0
github.com/CCoupel/GhostDrive/plugins/webdav/webdav.go:639.2,640.16 2 3
github.com/CCoupel/GhostDrive/plugins/webdav/webdav.go:640.16,642.3 1 0
github.com/CCoupel/GhostDrive/plugins/webdav/webdav.go:643.2,647.21 4 3
github.com/CCoupel/GhostDrive/plugins/webdav/webdav.go:647.21,649.3 1 1
github.com/CCoupel/GhostDrive/plugins/webdav/webdav.go:651.2,651.54 1 3
github.com/CCoupel/GhostDrive/plugins/webdav/webdav.go:651.54,653.3 1 0
github.com/CCoupel/GhostDrive/plugins/webdav/webdav.go:654.2,654.12 1 3
github.com/CCoupel/GhostDrive/plugins/webdav/webdav.go:659.68,660.22 1 3
github.com/CCoupel/GhostDrive/plugins/webdav/webdav.go:660.22,662.3 1 1
github.com/CCoupel/GhostDrive/plugins/webdav/webdav.go:664.2,665.16 2 2
github.com/CCoupel/GhostDrive/plugins/webdav/webdav.go:665.16,667.3 1 0
github.com/CCoupel/GhostDrive/plugins/webdav/webdav.go:669.2,670.16 2 2
github.com/CCoupel/GhostDrive/plugins/webdav/webdav.go:670.16,672.3 1 0
github.com/CCoupel/GhostDrive/plugins/webdav/webdav.go:673.2,676.25 3 2
github.com/CCoupel/GhostDrive/plugins/webdav/webdav.go:677.27,678.70 1 1
github.com/CCoupel/GhostDrive/plugins/webdav/webdav.go:679.43,680.13 1 1
github.com/CCoupel/GhostDrive/plugins/webdav/webdav.go:681.10,682.86 1 0
github.com/CCoupel/GhostDrive/plugins/webdav/webdav.go:688.76,689.22 1 3
github.com/CCoupel/GhostDrive/plugins/webdav/webdav.go:689.22,691.3 1 1
github.com/CCoupel/GhostDrive/plugins/webdav/webdav.go:693.2,694.16 2 2
github.com/CCoupel/GhostDrive/plugins/webdav/webdav.go:694.16,696.3 1 0
github.com/CCoupel/GhostDrive/plugins/webdav/webdav.go:697.2,701.16 4 2
github.com/CCoupel/GhostDrive/plugins/webdav/webdav.go:701.16,703.3 1 0
github.com/CCoupel/GhostDrive/plugins/webdav/webdav.go:704.2,707.25 3 2
github.com/CCoupel/GhostDrive/plugins/webdav/webdav.go:708.49,712.69 1 1
github.com/CCoupel/GhostDrive/plugins/webdav/webdav.go:713.48,714.13 1 1
github.com/CCoupel/GhostDrive/plugins/webdav/webdav.go:715.10,716.101 1 0
github.com/CCoupel/GhostDrive/plugins/webdav/webdav.go:725.89,726.22 1 47
github.com/CCoupel/GhostDrive/plugins/webdav/webdav.go:726.22,728.3 1 1
github.com/CCoupel/GhostDrive/plugins/webdav/webdav.go:730.2,731.16 2 46
github.com/CCoupel/GhostDrive/plugins/webdav/webdav.go:731.16,733.3 1 9
github.com/CCoupel/GhostDrive/plugins/webdav/webdav.go:735.2,737.36 3 37
github.com/CCoupel/GhostDrive/plugins/webdav/webdav.go:737.36,740.30 2 61
github.com/CCoupel/GhostDrive/plugins/webdav/webdav.go:740.30,741.12 1 37
github.com/CCoupel/GhostDrive/plugins/webdav/webdav.go:743.3,743.63 1 24
github.com/CCoupel/GhostDrive/plugins/webdav/webdav.go:745.2,745.20 1 37
github.com/CCoupel/GhostDrive/plugins/webdav/webdav.go:750.89,751.22 1 10
github.com/CCoupel/GhostDrive/plugins/webdav/webdav.go:751.22,753.3 1 1
github.com/CCoupel/GhostDrive/plugins/webdav/webdav.go:755.2,756.16 2 9
github.com/CCoupel/GhostDrive/plugins/webdav/webdav.go:756.16,758.3 1 3
github.com/CCoupel/GhostDrive/plugins/webdav/webdav.go:760.2,760.28 1 6
github.com/CCoupel/GhostDrive/plugins/webdav/webdav.go:760.28,762.3 1 0
github.com/CCoupel/GhostDrive/plugins/webdav/webdav.go:764.2,767.60 2 6
github.com/CCoupel/GhostDrive/plugins/webdav/webdav.go:767.60,769.3 1 0
github.com/CCoupel/GhostDrive/plugins/webdav/webdav.go:770.2,771.17 2 6
github.com/CCoupel/GhostDrive/plugins/webdav/webdav.go:776.72,777.22 1 7
github.com/CCoupel/GhostDrive/plugins/webdav/webdav.go:777.22,779.3 1 1
github.com/CCoupel/GhostDrive/plugins/webdav/webdav.go:781.2,782.16 2 6
github.com/CCoupel/GhostDrive/plugins/webdav/webdav.go:782.16,784.3 1 0
github.com/CCoupel/GhostDrive/plugins/webdav/webdav.go:786.2,787.16 2 6
github.com/CCoupel/GhostDrive/plugins/webdav/webdav.go:787.16,789.3 1 0
github.com/CCoupel/GhostDrive/plugins/webdav/webdav.go:790.2,793.25 3 6
github.com/CCoupel/GhostDrive/plugins/webdav/webdav.go:794.26,795.13 1 5
github.com/CCoupel/GhostDrive/plugins/webdav/webdav.go:796.35,798.13 1 1
github.com/CCoupel/GhostDrive/plugins/webdav/webdav.go:799.10,800.90 1 0
github.com/CCoupel/GhostDrive/plugins/webdav/webdav.go:823.98,824.22 1 10
github.com/CCoupel/GhostDrive/plugins/webdav/webdav.go:824.22,826.3 1 1
github.com/CCoupel/GhostDrive/plugins/webdav/webdav.go:828.2,836.12 7 9
github.com/CCoupel/GhostDrive/plugins/webdav/webdav.go:836.12,856.7 7 9
github.com/CCoupel/GhostDrive/plugins/webdav/webdav.go:856.7,857.11 1 39
github.com/CCoupel/GhostDrive/plugins/webdav/webdav.go:858.22,859.11 1 8
github.com/CCoupel/GhostDrive/plugins/webdav/webdav.go:860.19,861.25 1 31
github.com/CCoupel/GhostDrive/plugins/webdav/webdav.go:861.25,863.6 1 0
github.com/CCoupel/GhostDrive/plugins/webdav/webdav.go:865.5,866.19 2 31
github.com/CCoupel/GhostDrive/plugins/webdav/webdav.go:866.19,868.30 2 7
github.com/CCoupel/GhostDrive/plugins/webdav/webdav.go:868.30,871.14 1 3
github.com/CCoupel/GhostDrive/plugins/webdav/webdav.go:875.9,875.9 0 3
github.com/CCoupel/GhostDrive/plugins/webdav/webdav.go:876.15,876.15 0 0
github.com/CCoupel/GhostDrive/plugins/webdav/webdav.go:879.6,879.54 1 7
github.com/CCoupel/GhostDrive/plugins/webdav/webdav.go:879.54,884.7 1 1
github.com/CCoupel/GhostDrive/plugins/webdav/webdav.go:886.6,888.38 3 6
github.com/CCoupel/GhostDrive/plugins/webdav/webdav.go:888.38,890.7 1 2
github.com/CCoupel/GhostDrive/plugins/webdav/webdav.go:891.6,891.14 1 6
github.com/CCoupel/GhostDrive/plugins/webdav/webdav.go:895.5,895.28 1 24
github.com/CCoupel/GhostDrive/plugins/webdav/webdav.go:895.28,897.13 1 1
github.com/CCoupel/GhostDrive/plugins/webdav/webdav.go:901.8,901.8 0 1
github.com/CCoupel/GhostDrive/plugins/webdav/webdav.go:902.14,902.14 0 0
github.com/CCoupel/GhostDrive/plugins/webdav/webdav.go:904.6,905.38 2 1
github.com/CCoupel/GhostDrive/plugins/webdav/webdav.go:908.5,909.32 2 24
github.com/CCoupel/GhostDrive/plugins/webdav/webdav.go:909.32,911.6 1 15
github.com/CCoupel/GhostDrive/plugins/webdav/webdav.go:913.5,916.35 2 24
github.com/CCoupel/GhostDrive/plugins/webdav/webdav.go:916.35,920.17 4 15
github.com/CCoupel/GhostDrive/plugins/webdav/webdav.go:920.17,922.7 1 3
github.com/CCoupel/GhostDrive/plugins/webdav/webdav.go:922.12,922.76 1 12
github.com/CCoupel/GhostDrive/plugins/webdav/webdav.go:922.76,926.7 2 1
github.com/CCoupel/GhostDrive/plugins/webdav/webdav.go:926.12,926.94 1 11
github.com/CCoupel/GhostDrive/plugins/webdav/webdav.go:926.94,928.7 1 2
github.com/CCoupel/GhostDrive/plugins/webdav/webdav.go:929.6,929.22 1 15
github.com/CCoupel/GhostDrive/plugins/webdav/webdav.go:929.22,931.14 2 6
github.com/CCoupel/GhostDrive/plugins/webdav/webdav.go:940.9,940.9 0 6
github.com/CCoupel/GhostDrive/plugins/webdav/webdav.go:941.25,942.14 1 0
github.com/CCoupel/GhostDrive/plugins/webdav/webdav.go:948.5,948.29 1 24
github.com/CCoupel/GhostDrive/plugins/webdav/webdav.go:948.29,949.45 1 12
github.com/CCoupel/GhostDrive/plugins/webdav/webdav.go:949.45,951.14 2 0
github.com/CCoupel/GhostDrive/plugins/webdav/webdav.go:957.9,957.9 0 0
github.com/CCoupel/GhostDrive/plugins/webdav/webdav.go:958.25,959.14 1 0
github.com/CCoupel/GhostDrive/plugins/webdav/webdav.go:964.5,968.34 3 24
github.com/CCoupel/GhostDrive/plugins/webdav/webdav.go:973.2,973.16 1 9
github.com/CCoupel/GhostDrive/plugins/webdav/webdav.go:979.103,980.13 1 36
github.com/CCoupel/GhostDrive/plugins/webdav/webdav.go:980.13,982.3 1 9
github.com/CCoupel/GhostDrive/plugins/webdav/webdav.go:983.2,984.16 2 27
github.com/CCoupel/GhostDrive/plugins/webdav/webdav.go:984.16,986.3 1 19
github.com/CCoupel/GhostDrive/plugins/webdav/webdav.go:987.2,987.13 1 8
github.com/CCoupel/GhostDrive/plugins/webdav/webdav.go:992.99,994.16 2 9
github.com/CCoupel/GhostDrive/plugins/webdav/webdav.go:994.16,996.3 1 1
github.com/CCoupel/GhostDrive/plugins/webdav/webdav.go:997.2,998.29 2 8
github.com/CCoupel/GhostDrive/plugins/webdav/webdav.go:998.29,1000.3 1 3
github.com/CCoupel/GhostDrive/plugins/webdav/webdav.go:1001.2,1001.10 1 8
github.com/CCoupel/GhostDrive/plugins/webdav/webdav.go:1010.80,1011.22 1 4
github.com/CCoupel/GhostDrive/plugins/webdav/webdav.go:1011.22,1013.3 1 1
github.com/CCoupel/GhostDrive/plugins/webdav/webdav.go:1015.2,1020.21 5 3
github.com/CCoupel/GhostDrive/plugins/webdav/webdav.go:1020.21,1022.3 1 0
github.com/CCoupel/GhostDrive/plugins/webdav/webdav.go:1023.2,1023.28 1 3
github.com/CCoupel/GhostDrive/plugins/webdav/webdav.go:1023.28,1025.3 1 0
github.com/CCoupel/GhostDrive/plugins/webdav/webdav.go:1030.2,1030.46 1 3
github.com/CCoupel/GhostDrive/plugins/webdav/webdav.go:1030.46,1032.50 2 3
github.com/CCoupel/GhostDrive/plugins/webdav/webdav.go:1032.50,1033.12 1 2
github.com/CCoupel/GhostDrive/plugins/webdav/webdav.go:1035.3,1037.33 3 1
github.com/CCoupel/GhostDrive/plugins/webdav/webdav.go:1037.33,1038.12 1 0
github.com/CCoupel/GhostDrive/plugins/webdav/webdav.go:1040.3,1040.34 1 1
github.com/CCoupel/GhostDrive/plugins/webdav/webdav.go:1042.2,1042.20 1 2
github.com/CCoupel/GhostDrive/plugins/webdav/webdav.go:1052.100,1053.22 1 7
github.com/CCoupel/GhostDrive/plugins/webdav/webdav.go:1053.22,1055.3 1 1
github.com/CCoupel/GhostDrive/plugins/webdav/webdav.go:1057.2,1058.16 2 6
github.com/CCoupel/GhostDrive/plugins/webdav/webdav.go:1058.16,1060.3 1 0
github.com/CCoupel/GhostDrive/plugins/webdav/webdav.go:1062.2,1065.16 3 6
github.com/CCoupel/GhostDrive/plugins/webdav/webdav.go:1065.16,1067.3 1 1
github.com/CCoupel/GhostDrive/plugins/webdav/webdav.go:1068.2,1070.25 2 5
github.com/CCoupel/GhostDrive/plugins/webdav/webdav.go:1071.27,1072.75 1 1
github.com/CCoupel/GhostDrive/plugins/webdav/webdav.go:1073.33,1075.31 1 3
github.com/CCoupel/GhostDrive/plugins/webdav/webdav.go:1076.21,1079.21 2 1
github.com/CCoupel/GhostDrive/plugins/webdav/webdav.go:1079.21,1081.4 1 0
github.com/CCoupel/GhostDrive/plugins/webdav/webdav.go:1082.3,1082.32 1 1
github.com/CCoupel/GhostDrive/plugins/webdav/webdav.go:1082.32,1084.4 1 0
github.com/CCoupel/GhostDrive/plugins/webdav/webdav.go:1085.3,1086.28 2 1
github.com/CCoupel/GhostDrive/plugins/webdav/webdav.go:1086.28,1088.4 1 0
github.com/CCoupel/GhostDrive/plugins/webdav/webdav.go:1089.3,1089.30 1 1
github.com/CCoupel/GhostDrive/plugins/webdav/webdav.go:1090.10,1091.91 1 0
github.com/CCoupel/GhostDrive/plugins/webdav/webdav.go:1097.37,1097.49 1 1
github.com/CCoupel/GhostDrive/plugins/webdav/webdav.go:1110.61,1113.24 3 2
github.com/CCoupel/GhostDrive/plugins/webdav/webdav.go:1113.24,1115.3 1 2
github.com/CCoupel/GhostDrive/plugins/webdav/webdav.go:1116.2,1116.8 1 2
github.com/CCoupel/GhostDrive/plugins/webdav/webdav.go:1128.62,1131.24 3 2
github.com/CCoupel/GhostDrive/plugins/webdav/webdav.go:1131.24,1133.3 1 2
github.com/CCoupel/GhostDrive/plugins/webdav/webdav.go:1134.2,1134.8 1 2
github.com/CCoupel/GhostDrive/plugins/moosefs/internal/mfsclient/client.go:46.51,49.16 3 38
github.com/CCoupel/GhostDrive/plugins/moosefs/internal/mfsclient/client.go:49.16,51.3 1 1
github.com/CCoupel/GhostDrive/plugins/moosefs/internal/mfsclient/client.go:52.2,52.64 1 37
github.com/CCoupel/GhostDrive/plugins/moosefs/internal/mfsclient/client.go:56.32,59.19 3 37
github.com/CCoupel/GhostDrive/plugins/moosefs/internal/mfsclient/client.go:59.19,61.3 1 0
github.com/CCoupel/GhostDrive/plugins/moosefs/internal/mfsclient/client.go:62.2,65.12 4 37
github.com/CCoupel/GhostDrive/plugins/moosefs/internal/mfsclient/client.go:69.37,73.2 3 1
github.com/CCoupel/GhostDrive/plugins/moosefs/internal/mfsclient/client.go:86.85,87.19 1 176
github.com/CCoupel/GhostDrive/plugins/moosefs/internal/mfsclient/client.go:87.19,89.3 1 0
github.com/CCoupel/GhostDrive/plugins/moosefs/internal/mfsclient/client.go:91.2,91.57 1 176
github.com/CCoupel/GhostDrive/plugins/moosefs/internal/mfsclient/client.go:91.57,93.3 1 0
github.com/CCoupel/GhostDrive/plugins/moosefs/internal/mfsclient/client.go:95.2,95.6 1 176
github.com/CCoupel/GhostDrive/plugins/moosefs/internal/mfsclient/client.go:95.6,97.17 2 176
github.com/CCoupel/GhostDrive/plugins/moosefs/internal/mfsclient/client.go:97.17,99.4 1 0
github.com/CCoupel/GhostDrive/plugins/moosefs/internal/mfsclient/client.go:101.3,101.27 1 176
github.com/CCoupel/GhostDrive/plugins/moosefs/internal/mfsclient/client.go:101.27,102.12 1 0
github.com/CCoupel/GhostDrive/plugins/moosefs/internal/mfsclient/client.go:104.3,104.28 1 176
github.com/CCoupel/GhostDrive/plugins/moosefs/internal/mfsclient/client.go:104.28,106.4 1 0
github.com/CCoupel/GhostDrive/plugins/moosefs/internal/mfsclient/client.go:107.3,107.25 1 176
github.com/CCoupel/GhostDrive/plugins/moosefs/internal/mfsclient/client.go:114.50,115.23 1 4
github.com/CCoupel/GhostDrive/plugins/moosefs/internal/mfsclient/client.go:115.23,117.3 1 0
github.com/CCoupel/GhostDrive/plugins/moosefs/internal/mfsclient/client.go:118.2,120.16 3 4
github.com/CCoupel/GhostDrive/plugins/moosefs/internal/mfsclient/client.go:121.16,122.19 1 2
github.com/CCoupel/GhostDrive/plugins/moosefs/internal/mfsclient/client.go:123.20,124.67 1 2
github.com/CCoupel/GhostDrive/plugins/moosefs/internal/mfsclient/client.go:125.20,126.59 1 0
github.com/CCoupel/GhostDrive/plugins/moosefs/internal/mfsclient/client.go:127.23,128.59 1 0
github.com/CCoupel/GhostDrive/plugins/moosefs/internal/mfsclient/client.go:129.10,130.77 1 0
github.com/CCoupel/GhostDrive/plugins/moosefs/internal/mfsclient/client.go:153.35,176.16 11 36
github.com/CCoupel/GhostDrive/plugins/moosefs/internal/mfsclient/client.go:176.16,178.3 1 0
github.com/CCoupel/GhostDrive/plugins/moosefs/internal/mfsclient/client.go:181.2,181.19 1 36
github.com/CCoupel/GhostDrive/plugins/moosefs/internal/mfsclient/client.go:181.19,182.17 1 0
github.com/CCoupel/GhostDrive/plugins/moosefs/internal/mfsclient/client.go:183.13,185.109 1 0
github.com/CCoupel/GhostDrive/plugins/moosefs/internal/mfsclient/client.go:186.13,187.87 1 0
github.com/CCoupel/GhostDrive/plugins/moosefs/internal/mfsclient/client.go:188.11,189.83 1 0
github.com/CCoupel/GhostDrive/plugins/moosefs/internal/mfsclient/client.go:192.2,192.18 1 36
github.com/CCoupel/GhostDrive/plugins/moosefs/internal/mfsclient/client.go:192.18,194.3 1 0
github.com/CCoupel/GhostDrive/plugins/moosefs/internal/mfsclient/client.go:197.2,198.16 2 36
github.com/CCoupel/GhostDrive/plugins/moosefs/internal/mfsclient/client.go:198.16,200.3 1 0
github.com/CCoupel/GhostDrive/plugins/moosefs/internal/mfsclient/client.go:201.2,202.12 2 36
github.com/CCoupel/GhostDrive/plugins/moosefs/internal/mfsclient/client.go:219.58,226.16 5 1
github.com/CCoupel/GhostDrive/plugins/moosefs/internal/mfsclient/client.go:226.16,228.3 1 0
github.com/CCoupel/GhostDrive/plugins/moosefs/internal/mfsclient/client.go:231.2,231.22 1 1
github.com/CCoupel/GhostDrive/plugins/moosefs/internal/mfsclient/client.go:231.22,233.3 1 0
github.com/CCoupel/GhostDrive/plugins/moosefs/internal/mfsclient/client.go:235.2,236.16 2 1
github.com/CCoupel/GhostDrive/plugins/moosefs/internal/mfsclient/client.go:236.16,238.3 1 0
github.com/CCoupel/GhostDrive/plugins/moosefs/internal/mfsclient/client.go:239.2,240.16 2 1
github.com/CCoupel/GhostDrive/plugins/moosefs/internal/mfsclient/client.go:240.16,242.3 1 0
github.com/CCoupel/GhostDrive/plugins/moosefs/internal/mfsclient/client.go:244.2,244.50 1 1
github.com/CCoupel/GhostDrive/plugins/moosefs/internal/mfsclient/client.go:259.71,271.16 10 2
github.com/CCoupel/GhostDrive/plugins/moosefs/internal/mfsclient/client.go:271.16,273.3 1 0
github.com/CCoupel/GhostDrive/plugins/moosefs/internal/mfsclient/client.go:275.2,275.26 1 2
github.com/CCoupel/GhostDrive/plugins/moosefs/internal/mfsclient/client.go:275.26,278.29 2 1
github.com/CCoupel/GhostDrive/plugins/moosefs/internal/mfsclient/client.go:278.29,280.4 1 1
github.com/CCoupel/GhostDrive/plugins/moosefs/internal/mfsclient/client.go:281.3,281.91 1 0
github.com/CCoupel/GhostDrive/plugins/moosefs/internal/mfsclient/client.go:285.2,285.30 1 1
github.com/CCoupel/GhostDrive/plugins/moosefs/internal/mfsclient/client.go:285.30,287.3 1 0
github.com/CCoupel/GhostDrive/plugins/moosefs/internal/mfsclient/client.go:288.2,289.16 2 1
github.com/CCoupel/GhostDrive/plugins/moosefs/internal/mfsclient/client.go:289.16,291.3 1 0
github.com/CCoupel/GhostDrive/plugins/moosefs/internal/mfsclient/client.go:292.2,292.19 1 1
github.com/CCoupel/GhostDrive/plugins/moosefs/internal/mfsclient/client.go:308.56,316.16 6 17
github.com/CCoupel/GhostDrive/plugins/moosefs/internal/mfsclient/client.go:316.16,318.3 1 0
github.com/CCoupel/GhostDrive/plugins/moosefs/internal/mfsclient/client.go:320.2,320.26 1 17
github.com/CCoupel/GhostDrive/plugins/moosefs/internal/mfsclient/client.go:320.26,322.29 2 3
github.com/CCoupel/GhostDrive/plugins/moosefs/internal/mfsclient/client.go:322.29,324.4 1 3
github.com/CCoupel/GhostDrive/plugins/moosefs/internal/mfsclient/client.go:325.3,325.82 1 0
github.com/CCoupel/GhostDrive/plugins/moosefs/internal/mfsclient/client.go:328.2,328.30 1 14
github.com/CCoupel/GhostDrive/plugins/moosefs/internal/mfsclient/client.go:328.30,330.3 1 0
github.com/CCoupel/GhostDrive/plugins/moosefs/internal/mfsclient/client.go:332.2,333.16 2 14
github.com/CCoupel/GhostDrive/plugins/moosefs/internal/mfsclient/client.go:333.16,335.3 1 0
github.com/CCoupel/GhostDrive/plugins/moosefs/internal/mfsclient/client.go:336.2,337.18 2 14
github.com/CCoupel/GhostDrive/plugins/moosefs/internal/mfsclient/client.go:355.61,369.16 12 3
github.com/CCoupel/GhostDrive/plugins/moosefs/internal/mfsclient/client.go:369.16,371.3 1 0
github.com/CCoupel/GhostDrive/plugins/moosefs/internal/mfsclient/client.go:373.2,373.18 1 3
github.com/CCoupel/GhostDrive/plugins/moosefs/internal/mfsclient/client.go:373.18,376.3 1 0
github.com/CCoupel/GhostDrive/plugins/moosefs/internal/mfsclient/client.go:378.2,381.22 2 3
github.com/CCoupel/GhostDrive/plugins/moosefs/internal/mfsclient/client.go:381.22,383.3 1 0
github.com/CCoupel/GhostDrive/plugins/moosefs/internal/mfsclient/client.go:384.2,388.21 3 3
github.com/CCoupel/GhostDrive/plugins/moosefs/internal/mfsclient/client.go:388.21,392.17 4 2
github.com/CCoupel/GhostDrive/plugins/moosefs/internal/mfsclient/client.go:392.17,393.9 1 0
github.com/CCoupel/GhostDrive/plugins/moosefs/internal/mfsclient/client.go:395.3,395.34 1 2
github.com/CCoupel/GhostDrive/plugins/moosefs/internal/mfsclient/client.go:395.34,400.4 2 0
github.com/CCoupel/GhostDrive/plugins/moosefs/internal/mfsclient/client.go:401.3,405.17 4 2
github.com/CCoupel/GhostDrive/plugins/moosefs/internal/mfsclient/client.go:405.17,407.4 1 0
github.com/CCoupel/GhostDrive/plugins/moosefs/internal/mfsclient/client.go:409.3,411.17 3 2
github.com/CCoupel/GhostDrive/plugins/moosefs/internal/mfsclient/client.go:411.17,413.4 1 0
github.com/CCoupel/GhostDrive/plugins/moosefs/internal/mfsclient/client.go:414.3,417.31 2 2
github.com/CCoupel/GhostDrive/plugins/moosefs/internal/mfsclient/client.go:419.2,419.21 1 3
github.com/CCoupel/GhostDrive/plugins/moosefs/internal/mfsclient/client.go:435.83,451.16 14 22
github.com/CCoupel/GhostDrive/plugins/moosefs/internal/mfsclient/client.go:451.16,453.3 1 0
github.com/CCoupel/GhostDrive/plugins/moosefs/internal/mfsclient/client.go:455.2,455.26 1 22
github.com/CCoupel/GhostDrive/plugins/moosefs/internal/mfsclient/client.go:455.26,457.29 2 0
github.com/CCoupel/GhostDrive/plugins/moosefs/internal/mfsclient/client.go:457.29,459.4 1 0
github.com/CCoupel/GhostDrive/plugins/moosefs/internal/mfsclient/client.go:460.3,460.90 1 0
github.com/CCoupel/GhostDrive/plugins/moosefs/internal/mfsclient/client.go:463.2,463.30 1 22
github.com/CCoupel/GhostDrive/plugins/moosefs/internal/mfsclient/client.go:463.30,465.3 1 0
github.com/CCoupel/GhostDrive/plugins/moosefs/internal/mfsclient/client.go:466.2,467.16 2 22
github.com/CCoupel/GhostDrive/plugins/moosefs/internal/mfsclient/client.go:467.16,469.3 1 0
github.com/CCoupel/GhostDrive/plugins/moosefs/internal/mfsclient/client.go:470.2,470.19 1 22
github.com/CCoupel/GhostDrive/plugins/moosefs/internal/mfsclient/client.go:483.83,498.16 13 4
github.com/CCoupel/GhostDrive/plugins/moosefs/internal/mfsclient/client.go:498.16,500.3 1 0
github.com/CCoupel/GhostDrive/plugins/moosefs/internal/mfsclient/client.go:502.2,502.26 1 4
github.com/CCoupel/GhostDrive/plugins/moosefs/internal/mfsclient/client.go:502.26,504.29 2 0
github.com/CCoupel/GhostDrive/plugins/moosefs/internal/mfsclient/client.go:504.29,506.4 1 0
github.com/CCoupel/GhostDrive/plugins/moosefs/internal/mfsclient/client.go:507.3,507.29 1 0
github.com/CCoupel/GhostDrive/plugins/moosefs/internal/mfsclient/client.go:507.29,510.4 1 0
github.com/CCoupel/GhostDrive/plugins/moosefs/internal/mfsclient/client.go:511.3,511.90 1 0
github.com/CCoupel/GhostDrive/plugins/moosefs/internal/mfsclient/client.go:514.2,514.30 1 4
github.com/CCoupel/GhostDrive/plugins/moosefs/internal/mfsclient/client.go:514.30,516.3 1 0
github.com/CCoupel/GhostDrive/plugins/moosefs/internal/mfsclient/client.go:517.2,518.16 2 4
github.com/CCoupel/GhostDrive/plugins/moosefs/internal/mfsclient/client.go:518.16,520.3 1 0
github.com/CCoupel/GhostDrive/plugins/moosefs/internal/mfsclient/client.go:521.2,521.19 1 4
github.com/CCoupel/GhostDrive/plugins/moosefs/internal/mfsclient/client.go:534.61,546.16 10 2
github.com/CCoupel/GhostDrive/plugins/moosefs/internal/mfsclient/client.go:546.16,548.3 1 0
github.com/CCoupel/GhostDrive/plugins/moosefs/internal/mfsclient/client.go:550.2,550.18 1 2
github.com/CCoupel/GhostDrive/plugins/moosefs/internal/mfsclient/client.go:550.18,552.3 1 0
github.com/CCoupel/GhostDrive/plugins/moosefs/internal/mfsclient/client.go:554.2,554.47 1 2
github.com/CCoupel/GhostDrive/plugins/moosefs/internal/mfsclient/client.go:554.47,556.3 1 1
github.com/CCoupel/GhostDrive/plugins/moosefs/internal/mfsclient/client.go:557.2,557.12 1 1
github.com/CCoupel/GhostDrive/plugins/moosefs/internal/mfsclient/client.go:570.60,582.16 10 2
github.com/CCoupel/GhostDrive/plugins/moosefs/internal/mfsclient/client.go:582.16,584.3 1 0
github.com/CCoupel/GhostDrive/plugins/moosefs/internal/mfsclient/client.go:586.2,586.18 1 2
github.com/CCoupel/GhostDrive/plugins/moosefs/internal/mfsclient/client.go:586.18,588.3 1 0
github.com/CCoupel/GhostDrive/plugins/moosefs/internal/mfsclient/client.go:589.2,589.47 1 2
github.com/CCoupel/GhostDrive/plugins/moosefs/internal/mfsclient/client.go:589.47,591.3 1 1
github.com/CCoupel/GhostDrive/plugins/moosefs/internal/mfsclient/client.go:592.2,592.12 1 1
github.com/CCoupel/GhostDrive/plugins/moosefs/internal/mfsclient/client.go:607.103,621.16 12 0
github.com/CCoupel/GhostDrive/plugins/moosefs/internal/mfsclient/client.go:621.16,623.3 1 0
github.com/CCoupel/GhostDrive/plugins/moosefs/internal/mfsclient/client.go:624.2,624.18 1 0
github.com/CCoupel/GhostDrive/plugins/moosefs/internal/mfsclient/client.go:624.18,626.3 1 0
github.com/CCoupel/GhostDrive/plugins/moosefs/internal/mfsclient/client.go:627.2,627.47 1 0
github.com/CCoupel/GhostDrive/plugins/moosefs/internal/mfsclient/client.go:627.47,629.3 1 0
github.com/CCoupel/GhostDrive/plugins/moosefs/internal/mfsclient/client.go:630.2,630.12 1 0
github.com/CCoupel/GhostDrive/plugins/moosefs/internal/mfsclient/client.go:669.82,682.16 8 33
github.com/CCoupel/GhostDrive/plugins/moosefs/internal/mfsclient/client.go:682.16,684.3 1 0
github.com/CCoupel/GhostDrive/plugins/moosefs/internal/mfsclient/client.go:686.2,686.19 1 33
github.com/CCoupel/GhostDrive/plugins/moosefs/internal/mfsclient/client.go:686.19,688.3 1 1
github.com/CCoupel/GhostDrive/plugins/moosefs/internal/mfsclient/client.go:689.2,690.16 2 32
github.com/CCoupel/GhostDrive/plugins/moosefs/internal/mfsclient/client.go:690.16,692.17 2 0
github.com/CCoupel/GhostDrive/plugins/moosefs/internal/mfsclient/client.go:692.17,694.4 1 0
github.com/CCoupel/GhostDrive/plugins/moosefs/internal/mfsclient/client.go:695.3,696.46 1 0
github.com/CCoupel/GhostDrive/plugins/moosefs/internal/mfsclient/client.go:698.2,698.28 1 32
github.com/CCoupel/GhostDrive/plugins/moosefs/internal/mfsclient/client.go:698.28,700.3 1 0
github.com/CCoupel/GhostDrive/plugins/moosefs/internal/mfsclient/client.go:701.2,703.18 2 32
github.com/CCoupel/GhostDrive/plugins/moosefs/internal/mfsclient/client.go:711.105,737.16 15 14
github.com/CCoupel/GhostDrive/plugins/moosefs/internal/mfsclient/client.go:737.16,739.3 1 0
github.com/CCoupel/GhostDrive/plugins/moosefs/internal/mfsclient/client.go:740.2,741.21 2 14
github.com/CCoupel/GhostDrive/plugins/moosefs/internal/mfsclient/client.go:741.21,744.3 1 0
github.com/CCoupel/GhostDrive/plugins/moosefs/internal/mfsclient/client.go:745.2,745.27 1 14
github.com/CCoupel/GhostDrive/plugins/moosefs/internal/mfsclient/client.go:745.27,748.3 1 0
github.com/CCoupel/GhostDrive/plugins/moosefs/internal/mfsclient/client.go:749.2,750.12 2 14
github.com/CCoupel/GhostDrive/plugins/moosefs/internal/mfsclient/client.go:760.103,779.16 13 18
github.com/CCoupel/GhostDrive/plugins/moosefs/internal/mfsclient/client.go:779.16,781.3 1 0
github.com/CCoupel/GhostDrive/plugins/moosefs/internal/mfsclient/client.go:782.2,782.21 1 18
github.com/CCoupel/GhostDrive/plugins/moosefs/internal/mfsclient/client.go:782.21,785.3 1 0
github.com/CCoupel/GhostDrive/plugins/moosefs/internal/mfsclient/client.go:786.2,786.27 1 18
github.com/CCoupel/GhostDrive/plugins/moosefs/internal/mfsclient/client.go:786.27,789.3 1 1
github.com/CCoupel/GhostDrive/plugins/moosefs/internal/mfsclient/client.go:790.2,790.12 1 17
github.com/CCoupel/GhostDrive/plugins/moosefs/internal/mfsclient/client.go:809.73,815.16 4 17
github.com/CCoupel/GhostDrive/plugins/moosefs/internal/mfsclient/client.go:815.16,817.3 1 0
github.com/CCoupel/GhostDrive/plugins/moosefs/internal/mfsclient/client.go:819.2,822.48 3 17
github.com/CCoupel/GhostDrive/plugins/moosefs/internal/mfsclient/client.go:822.48,824.39 1 34
github.com/CCoupel/GhostDrive/plugins/moosefs/internal/mfsclient/client.go:824.39,825.12 1 1
github.com/CCoupel/GhostDrive/plugins/moosefs/internal/mfsclient/client.go:830.3,830.19 1 33
github.com/CCoupel/GhostDrive/plugins/moosefs/internal/mfsclient/client.go:830.19,832.18 2 16
github.com/CCoupel/GhostDrive/plugins/moosefs/internal/mfsclient/client.go:832.18,835.5 1 1
github.com/CCoupel/GhostDrive/plugins/moosefs/internal/mfsclient/client.go:838.4,838.40 1 15
github.com/CCoupel/GhostDrive/plugins/moosefs/internal/mfsclient/client.go:838.40,839.95 1 2
github.com/CCoupel/GhostDrive/plugins/moosefs/internal/mfsclient/client.go:839.95,842.6 1 1
github.com/CCoupel/GhostDrive/plugins/moosefs/internal/mfsclient/client.go:843.5,843.13 1 2
github.com/CCoupel/GhostDrive/plugins/moosefs/internal/mfsclient/client.go:846.3,856.21 6 30
github.com/CCoupel/GhostDrive/plugins/moosefs/internal/mfsclient/client.go:856.21,860.94 3 7
github.com/CCoupel/GhostDrive/plugins/moosefs/internal/mfsclient/client.go:860.94,863.5 1 0
github.com/CCoupel/GhostDrive/plugins/moosefs/internal/mfsclient/client.go:864.4,864.12 1 7
github.com/CCoupel/GhostDrive/plugins/moosefs/internal/mfsclient/client.go:870.3,871.59 2 23
github.com/CCoupel/GhostDrive/plugins/moosefs/internal/mfsclient/client.go:871.59,873.4 1 7
github.com/CCoupel/GhostDrive/plugins/moosefs/internal/mfsclient/client.go:875.3,876.22 2 23
github.com/CCoupel/GhostDrive/plugins/moosefs/internal/mfsclient/client.go:876.22,881.94 4 9
github.com/CCoupel/GhostDrive/plugins/moosefs/internal/mfsclient/client.go:881.94,884.5 1 0
github.com/CCoupel/GhostDrive/plugins/moosefs/internal/mfsclient/client.go:885.4,885.12 1 9
github.com/CCoupel/GhostDrive/plugins/moosefs/internal/mfsclient/client.go:887.3,890.65 2 14
github.com/CCoupel/GhostDrive/plugins/moosefs/internal/mfsclient/client.go:893.2,893.20 1 2
github.com/CCoupel/GhostDrive/plugins/moosefs/internal/mfsclient/client.go:893.20,896.3 1 2
github.com/CCoupel/GhostDrive/plugins/moosefs/internal/mfsclient/client.go:897.2,898.18 1 0
github.com/CCoupel/GhostDrive/plugins/moosefs/internal/mfsclient/client.go:910.82,911.20 1 4
github.com/CCoupel/GhostDrive/plugins/moosefs/internal/mfsclient/client.go:911.20,913.3 1 2
github.com/CCoupel/GhostDrive/plugins/moosefs/internal/mfsclient/client.go:914.2,915.47 2 2
github.com/CCoupel/GhostDrive/plugins/moosefs/internal/mfsclient/client.go:915.47,918.3 1 1
github.com/CCoupel/GhostDrive/plugins/moosefs/internal/mfsclient/client.go:919.2,919.38 1 1
github.com/CCoupel/GhostDrive/plugins/moosefs/internal/mfsclient/client.go:933.82,938.42 3 22
github.com/CCoupel/GhostDrive/plugins/moosefs/internal/mfsclient/client.go:938.42,947.17 7 22
github.com/CCoupel/GhostDrive/plugins/moosefs/internal/mfsclient/client.go:947.17,949.4 1 0
github.com/CCoupel/GhostDrive/plugins/moosefs/internal/mfsclient/client.go:952.3,952.20 1 22
github.com/CCoupel/GhostDrive/plugins/moosefs/internal/mfsclient/client.go:952.20,954.18 2 0
github.com/CCoupel/GhostDrive/plugins/moosefs/internal/mfsclient/client.go:955.18,956.20 1 0
github.com/CCoupel/GhostDrive/plugins/moosefs/internal/mfsclient/client.go:957.22,958.103 1 0
github.com/CCoupel/GhostDrive/plugins/moosefs/internal/mfsclient/client.go:959.12,960.97 1 0
github.com/CCoupel/GhostDrive/plugins/moosefs/internal/mfsclient/client.go:964.3,965.17 2 22
github.com/CCoupel/GhostDrive/plugins/moosefs/internal/mfsclient/client.go:965.17,967.4 1 0
github.com/CCoupel/GhostDrive/plugins/moosefs/internal/mfsclient/client.go:968.3,968.29 1 22
github.com/CCoupel/GhostDrive/plugins/moosefs/internal/mfsclient/client.go:968.29,974.48 1 1
github.com/CCoupel/GhostDrive/plugins/moosefs/internal/mfsclient/client.go:974.48,976.5 1 1
github.com/CCoupel/GhostDrive/plugins/moosefs/internal/mfsclient/client.go:977.4,977.101 1 0
github.com/CCoupel/GhostDrive/plugins/moosefs/internal/mfsclient/client.go:979.3,979.19 1 21
github.com/CCoupel/GhostDrive/plugins/moosefs/internal/mfsclient/client.go:981.2,981.16 1 22
github.com/CCoupel/GhostDrive/plugins/moosefs/internal/mfsclient/client.go:981.16,983.3 1 0
github.com/CCoupel/GhostDrive/plugins/moosefs/internal/mfsclient/client.go:984.2,984.17 1 22
github.com/CCoupel/GhostDrive/plugins/moosefs/internal/mfsclient/client.go:984.17,986.3 1 1
github.com/CCoupel/GhostDrive/plugins/moosefs/internal/mfsclient/client.go:990.2,990.23 1 21
github.com/CCoupel/GhostDrive/plugins/moosefs/internal/mfsclient/client.go:990.23,992.3 1 6
github.com/CCoupel/GhostDrive/plugins/moosefs/internal/mfsclient/client.go:993.2,993.23 1 15
github.com/CCoupel/GhostDrive/plugins/moosefs/internal/mfsclient/client.go:993.23,996.3 1 0
github.com/CCoupel/GhostDrive/plugins/moosefs/internal/mfsclient/client.go:1008.2,1009.43 2 15
github.com/CCoupel/GhostDrive/plugins/moosefs/internal/mfsclient/client.go:1009.43,1011.21 2 16
github.com/CCoupel/GhostDrive/plugins/moosefs/internal/mfsclient/client.go:1011.21,1013.4 1 0
github.com/CCoupel/GhostDrive/plugins/moosefs/internal/mfsclient/client.go:1014.3,1015.21 2 16
github.com/CCoupel/GhostDrive/plugins/moosefs/internal/mfsclient/client.go:1015.21,1017.47 2 1
github.com/CCoupel/GhostDrive/plugins/moosefs/internal/mfsclient/client.go:1017.47,1021.13 2 1
github.com/CCoupel/GhostDrive/plugins/moosefs/internal/mfsclient/client.go:1023.4,1023.23 1 0
github.com/CCoupel/GhostDrive/plugins/moosefs/internal/mfsclient/client.go:1025.3,1026.21 2 15
github.com/CCoupel/GhostDrive/plugins/moosefs/internal/mfsclient/client.go:1030.2,1030.103 1 0
github.com/CCoupel/GhostDrive/plugins/moosefs/internal/mfsclient/client.go:1064.53,1065.18 1 61
github.com/CCoupel/GhostDrive/plugins/moosefs/internal/mfsclient/client.go:1065.18,1067.3 1 0
github.com/CCoupel/GhostDrive/plugins/moosefs/internal/mfsclient/client.go:1069.2,1084.20 4 61
github.com/CCoupel/GhostDrive/plugins/moosefs/internal/mfsclient/client.go:1085.15,1089.17 3 61
github.com/CCoupel/GhostDrive/plugins/moosefs/internal/mfsclient/client.go:1089.17,1091.4 1 0
github.com/CCoupel/GhostDrive/plugins/moosefs/internal/mfsclient/client.go:1092.3,1093.17 2 61
github.com/CCoupel/GhostDrive/plugins/moosefs/internal/mfsclient/client.go:1093.17,1095.4 1 0
github.com/CCoupel/GhostDrive/plugins/moosefs/internal/mfsclient/client.go:1096.3,1097.17 2 61
github.com/CCoupel/GhostDrive/plugins/moosefs/internal/mfsclient/client.go:1097.17,1099.4 1 0
github.com/CCoupel/GhostDrive/plugins/moosefs/internal/mfsclient/client.go:1100.3,1100.21 1 61
github.com/CCoupel/GhostDrive/plugins/moosefs/internal/mfsclient/client.go:1101.10,1102.18 1 0
github.com/CCoupel/GhostDrive/plugins/moosefs/internal/mfsclient/client.go:1103.13,1104.18 1 61
github.com/CCoupel/GhostDrive/plugins/moosefs/internal/mfsclient/client.go:1107.9,1112.17 2 0
github.com/CCoupel/GhostDrive/plugins/moosefs/internal/mfsclient/client.go:1112.17,1114.4 1 0
github.com/CCoupel/GhostDrive/plugins/moosefs/internal/mfsclient/client.go:1115.3,1116.17 2 0
github.com/CCoupel/GhostDrive/plugins/moosefs/internal/mfsclient/client.go:1116.17,1118.4 1 0
github.com/CCoupel/GhostDrive/plugins/moosefs/internal/mfsclient/client.go:1119.3,1120.17 2 0
github.com/CCoupel/GhostDrive/plugins/moosefs/internal/mfsclient/client.go:1120.17,1122.4 1 0
github.com/CCoupel/GhostDrive/plugins/moosefs/internal/mfsclient/client.go:1123.3,1123.16 1 0
github.com/CCoupel/GhostDrive/plugins/moosefs/internal/mfsclient/client.go:1125.10,1131.17 2 0
github.com/CCoupel/GhostDrive/plugins/moosefs/internal/mfsclient/client.go:1131.17,1133.4 1 0
github.com/CCoupel/GhostDrive/plugins/moosefs/internal/mfsclient/client.go:1134.3,1135.154 2 0
github.com/CCoupel/GhostDrive/plugins/moosefs/internal/mfsclient/client.go:1138.2,1140.36 3 61
github.com/CCoupel/GhostDrive/plugins/moosefs/internal/mfsclient/client.go:1140.36,1142.3 1 59
github.com/CCoupel/GhostDrive/plugins/moosefs/internal/mfsclient/client.go:1144.2,1151.25 2 61
github.com/CCoupel/GhostDrive/plugins/moosefs/internal/mfsclient/client.go:1151.25,1154.17 3 104
github.com/CCoupel/GhostDrive/plugins/moosefs/internal/mfsclient/client.go:1154.17,1156.4 1 0
github.com/CCoupel/GhostDrive/plugins/moosefs/internal/mfsclient/client.go:1157.3,1158.17 2 104
github.com/CCoupel/GhostDrive/plugins/moosefs/internal/mfsclient/client.go:1158.17,1160.4 1 0
github.com/CCoupel/GhostDrive/plugins/moosefs/internal/mfsclient/client.go:1161.3,1161.22 1 104
github.com/CCoupel/GhostDrive/plugins/moosefs/internal/mfsclient/client.go:1161.22,1163.18 2 104
github.com/CCoupel/GhostDrive/plugins/moosefs/internal/mfsclient/client.go:1163.18,1165.5 1 0
github.com/CCoupel/GhostDrive/plugins/moosefs/internal/mfsclient/client.go:1167.3,1167.22 1 104
github.com/CCoupel/GhostDrive/plugins/moosefs/internal/mfsclient/client.go:1167.22,1169.18 2 104
github.com/CCoupel/GhostDrive/plugins/moosefs/internal/mfsclient/client.go:1169.18,1171.5 1 0
github.com/CCoupel/GhostDrive/plugins/moosefs/internal/mfsclient/client.go:1173.3,1173.43 1 104
github.com/CCoupel/GhostDrive/plugins/moosefs/internal/mfsclient/client.go:1180.2,1180.46 1 61
github.com/CCoupel/GhostDrive/plugins/moosefs/internal/mfsclient/client.go:1180.46,1184.3 2 8
github.com/CCoupel/GhostDrive/plugins/moosefs/internal/mfsclient/client.go:1192.2,1194.23 2 61
github.com/CCoupel/GhostDrive/plugins/moosefs/internal/mfsclient/client.go:1194.23,1196.3 1 2
github.com/CCoupel/GhostDrive/plugins/moosefs/internal/mfsclient/client.go:1198.2,1198.18 1 61
github.com/CCoupel/GhostDrive/plugins/moosefs/internal/mfsclient/csclient.go:76.26,81.2 1 47
github.com/CCoupel/GhostDrive/plugins/moosefs/internal/mfsclient/csclient.go:84.44,87.2 2 250
github.com/CCoupel/GhostDrive/plugins/moosefs/internal/mfsclient/csclient.go:91.64,94.42 3 134
github.com/CCoupel/GhostDrive/plugins/moosefs/internal/mfsclient/csclient.go:94.42,99.3 4 77
github.com/CCoupel/GhostDrive/plugins/moosefs/internal/mfsclient/csclient.go:100.2,102.25 2 57
github.com/CCoupel/GhostDrive/plugins/moosefs/internal/mfsclient/csclient.go:108.61,112.30 4 115
github.com/CCoupel/GhostDrive/plugins/moosefs/internal/mfsclient/csclient.go:112.30,114.3 1 114
github.com/CCoupel/GhostDrive/plugins/moosefs/internal/mfsclient/csclient.go:114.8,116.3 1 1
github.com/CCoupel/GhostDrive/plugins/moosefs/internal/mfsclient/csclient.go:121.29,124.31 3 39
github.com/CCoupel/GhostDrive/plugins/moosefs/internal/mfsclient/csclient.go:124.31,125.27 1 23
github.com/CCoupel/GhostDrive/plugins/moosefs/internal/mfsclient/csclient.go:125.27,127.4 1 23
github.com/CCoupel/GhostDrive/plugins/moosefs/internal/mfsclient/csclient.go:129.2,129.38 1 39
github.com/CCoupel/GhostDrive/plugins/moosefs/internal/mfsclient/csclient.go:152.37,153.16 1 4
github.com/CCoupel/GhostDrive/plugins/moosefs/internal/mfsclient/csclient.go:153.16,155.3 1 0
github.com/CCoupel/GhostDrive/plugins/moosefs/internal/mfsclient/csclient.go:156.2,156.64 1 4
github.com/CCoupel/GhostDrive/plugins/moosefs/internal/mfsclient/csclient.go:156.64,158.3 1 2
github.com/CCoupel/GhostDrive/plugins/moosefs/internal/mfsclient/csclient.go:159.2,165.44 2 2
github.com/CCoupel/GhostDrive/plugins/moosefs/internal/mfsclient/csclient.go:177.55,182.16 5 69
github.com/CCoupel/GhostDrive/plugins/moosefs/internal/mfsclient/csclient.go:182.16,184.3 1 7
github.com/CCoupel/GhostDrive/plugins/moosefs/internal/mfsclient/csclient.go:185.2,185.18 1 62
github.com/CCoupel/GhostDrive/plugins/moosefs/internal/mfsclient/csclient.go:195.105,203.64 6 101
github.com/CCoupel/GhostDrive/plugins/moosefs/internal/mfsclient/csclient.go:203.64,205.3 1 2
github.com/CCoupel/GhostDrive/plugins/moosefs/internal/mfsclient/csclient.go:208.2,209.6 2 99
github.com/CCoupel/GhostDrive/plugins/moosefs/internal/mfsclient/csclient.go:209.6,211.17 2 192
github.com/CCoupel/GhostDrive/plugins/moosefs/internal/mfsclient/csclient.go:211.17,213.4 1 2
github.com/CCoupel/GhostDrive/plugins/moosefs/internal/mfsclient/csclient.go:215.3,215.14 1 190
github.com/CCoupel/GhostDrive/plugins/moosefs/internal/mfsclient/csclient.go:216.27,220.26 2 94
github.com/CCoupel/GhostDrive/plugins/moosefs/internal/mfsclient/csclient.go:220.26,222.5 1 0
github.com/CCoupel/GhostDrive/plugins/moosefs/internal/mfsclient/csclient.go:223.4,225.18 3 94
github.com/CCoupel/GhostDrive/plugins/moosefs/internal/mfsclient/csclient.go:225.18,227.5 1 0
github.com/CCoupel/GhostDrive/plugins/moosefs/internal/mfsclient/csclient.go:228.4,229.18 2 94
github.com/CCoupel/GhostDrive/plugins/moosefs/internal/mfsclient/csclient.go:229.18,231.5 1 0
github.com/CCoupel/GhostDrive/plugins/moosefs/internal/mfsclient/csclient.go:232.4,232.40 1 94
github.com/CCoupel/GhostDrive/plugins/moosefs/internal/mfsclient/csclient.go:232.40,235.5 1 0
github.com/CCoupel/GhostDrive/plugins/moosefs/internal/mfsclient/csclient.go:236.4,238.26 3 94
github.com/CCoupel/GhostDrive/plugins/moosefs/internal/mfsclient/csclient.go:238.26,241.5 1 1
github.com/CCoupel/GhostDrive/plugins/moosefs/internal/mfsclient/csclient.go:242.4,242.37 1 93
github.com/CCoupel/GhostDrive/plugins/moosefs/internal/mfsclient/csclient.go:244.29,246.21 1 95
github.com/CCoupel/GhostDrive/plugins/moosefs/internal/mfsclient/csclient.go:246.21,248.5 1 0
github.com/CCoupel/GhostDrive/plugins/moosefs/internal/mfsclient/csclient.go:249.4,250.26 2 95
github.com/CCoupel/GhostDrive/plugins/moosefs/internal/mfsclient/csclient.go:250.26,252.5 1 0
github.com/CCoupel/GhostDrive/plugins/moosefs/internal/mfsclient/csclient.go:253.4,253.22 1 95
github.com/CCoupel/GhostDrive/plugins/moosefs/internal/mfsclient/csclient.go:255.11,260.116 1 1
github.com/CCoupel/GhostDrive/plugins/moosefs/internal/mfsclient/csclient.go:290.117,299.28 5 32
github.com/CCoupel/GhostDrive/plugins/moosefs/internal/mfsclient/csclient.go:299.28,302.3 2 8
github.com/CCoupel/GhostDrive/plugins/moosefs/internal/mfsclient/csclient.go:304.2,304.69 1 32
github.com/CCoupel/GhostDrive/plugins/moosefs/internal/mfsclient/csclient.go:304.69,306.3 1 0
github.com/CCoupel/GhostDrive/plugins/moosefs/internal/mfsclient/csclient.go:315.2,315.6 1 32
github.com/CCoupel/GhostDrive/plugins/moosefs/internal/mfsclient/csclient.go:315.6,317.17 2 37
github.com/CCoupel/GhostDrive/plugins/moosefs/internal/mfsclient/csclient.go:317.17,318.30 1 6
github.com/CCoupel/GhostDrive/plugins/moosefs/internal/mfsclient/csclient.go:318.30,322.5 1 3
github.com/CCoupel/GhostDrive/plugins/moosefs/internal/mfsclient/csclient.go:323.4,323.87 1 3
github.com/CCoupel/GhostDrive/plugins/moosefs/internal/mfsclient/csclient.go:325.3,325.27 1 31
github.com/CCoupel/GhostDrive/plugins/moosefs/internal/mfsclient/csclient.go:325.27,326.12 1 5
github.com/CCoupel/GhostDrive/plugins/moosefs/internal/mfsclient/csclient.go:328.3,328.38 1 26
github.com/CCoupel/GhostDrive/plugins/moosefs/internal/mfsclient/csclient.go:328.38,331.4 1 0
github.com/CCoupel/GhostDrive/plugins/moosefs/internal/mfsclient/csclient.go:332.3,332.24 1 26
github.com/CCoupel/GhostDrive/plugins/moosefs/internal/mfsclient/csclient.go:332.24,335.4 1 0
github.com/CCoupel/GhostDrive/plugins/moosefs/internal/mfsclient/csclient.go:336.3,337.28 2 26
github.com/CCoupel/GhostDrive/plugins/moosefs/internal/mfsclient/csclient.go:337.28,340.4 1 6
github.com/CCoupel/GhostDrive/plugins/moosefs/internal/mfsclient/csclient.go:341.3,341.8 1 20
github.com/CCoupel/GhostDrive/plugins/moosefs/internal/mfsclient/csclient.go:355.2,364.26 8 20
github.com/CCoupel/GhostDrive/plugins/moosefs/internal/mfsclient/csclient.go:364.26,365.23 1 40
github.com/CCoupel/GhostDrive/plugins/moosefs/internal/mfsclient/csclient.go:365.23,365.42 1 20
github.com/CCoupel/GhostDrive/plugins/moosefs/internal/mfsclient/csclient.go:367.2,371.12 2 20
github.com/CCoupel/GhostDrive/plugins/moosefs/internal/mfsclient/csclient.go:371.12,372.7 1 20
github.com/CCoupel/GhostDrive/plugins/moosefs/internal/mfsclient/csclient.go:372.7,374.18 2 23
github.com/CCoupel/GhostDrive/plugins/moosefs/internal/mfsclient/csclient.go:374.18,375.31 1 0
github.com/CCoupel/GhostDrive/plugins/moosefs/internal/mfsclient/csclient.go:375.31,378.6 1 0
github.com/CCoupel/GhostDrive/plugins/moosefs/internal/mfsclient/csclient.go:378.11,380.6 1 0
github.com/CCoupel/GhostDrive/plugins/moosefs/internal/mfsclient/csclient.go:381.5,381.12 1 0
github.com/CCoupel/GhostDrive/plugins/moosefs/internal/mfsclient/csclient.go:381.35,381.35 0 0
github.com/CCoupel/GhostDrive/plugins/moosefs/internal/mfsclient/csclient.go:381.44,381.44 0 0
github.com/CCoupel/GhostDrive/plugins/moosefs/internal/mfsclient/csclient.go:382.5,383.11 2 0
github.com/CCoupel/GhostDrive/plugins/moosefs/internal/mfsclient/csclient.go:385.4,386.25 2 23
github.com/CCoupel/GhostDrive/plugins/moosefs/internal/mfsclient/csclient.go:386.25,387.13 1 3
github.com/CCoupel/GhostDrive/plugins/moosefs/internal/mfsclient/csclient.go:389.4,389.36 1 20
github.com/CCoupel/GhostDrive/plugins/moosefs/internal/mfsclient/csclient.go:389.36,392.12 2 0
github.com/CCoupel/GhostDrive/plugins/moosefs/internal/mfsclient/csclient.go:392.35,392.35 0 0
github.com/CCoupel/GhostDrive/plugins/moosefs/internal/mfsclient/csclient.go:392.44,392.44 0 0
github.com/CCoupel/GhostDrive/plugins/moosefs/internal/mfsclient/csclient.go:393.5,394.11 2 0
github.com/CCoupel/GhostDrive/plugins/moosefs/internal/mfsclient/csclient.go:396.4,396.22 1 20
github.com/CCoupel/GhostDrive/plugins/moosefs/internal/mfsclient/csclient.go:396.22,398.12 2 0
github.com/CCoupel/GhostDrive/plugins/moosefs/internal/mfsclient/csclient.go:398.35,398.35 0 0
github.com/CCoupel/GhostDrive/plugins/moosefs/internal/mfsclient/csclient.go:398.44,398.44 0 0
github.com/CCoupel/GhostDrive/plugins/moosefs/internal/mfsclient/csclient.go:399.5,400.11 2 0
github.com/CCoupel/GhostDrive/plugins/moosefs/internal/mfsclient/csclient.go:402.4,404.26 2 20
github.com/CCoupel/GhostDrive/plugins/moosefs/internal/mfsclient/csclient.go:404.26,407.12 2 1
github.com/CCoupel/GhostDrive/plugins/moosefs/internal/mfsclient/csclient.go:407.35,407.35 0 1
github.com/CCoupel/GhostDrive/plugins/moosefs/internal/mfsclient/csclient.go:407.44,407.44 0 0
github.com/CCoupel/GhostDrive/plugins/moosefs/internal/mfsclient/csclient.go:408.5,409.11 2 1
github.com/CCoupel/GhostDrive/plugins/moosefs/internal/mfsclient/csclient.go:423.4,425.10 3 19
github.com/CCoupel/GhostDrive/plugins/moosefs/internal/mfsclient/csclient.go:430.2,431.22 2 20
github.com/CCoupel/GhostDrive/plugins/moosefs/internal/mfsclient/csclient.go:431.22,433.10 1 31
github.com/CCoupel/GhostDrive/plugins/moosefs/internal/mfsclient/csclient.go:434.26,437.14 3 0
github.com/CCoupel/GhostDrive/plugins/moosefs/internal/mfsclient/csclient.go:438.11,438.11 0 31
github.com/CCoupel/GhostDrive/plugins/moosefs/internal/mfsclient/csclient.go:441.3,447.18 6 31
github.com/CCoupel/GhostDrive/plugins/moosefs/internal/mfsclient/csclient.go:447.18,449.4 1 18
github.com/CCoupel/GhostDrive/plugins/moosefs/internal/mfsclient/csclient.go:450.3,464.75 12 31
github.com/CCoupel/GhostDrive/plugins/moosefs/internal/mfsclient/csclient.go:464.75,473.11 5 0
github.com/CCoupel/GhostDrive/plugins/moosefs/internal/mfsclient/csclient.go:474.36,475.25 1 0
github.com/CCoupel/GhostDrive/plugins/moosefs/internal/mfsclient/csclient.go:475.25,477.6 1 0
github.com/CCoupel/GhostDrive/plugins/moosefs/internal/mfsclient/csclient.go:478.5,478.20 1 0
github.com/CCoupel/GhostDrive/plugins/moosefs/internal/mfsclient/csclient.go:479.19,480.20 1 0
github.com/CCoupel/GhostDrive/plugins/moosefs/internal/mfsclient/csclient.go:483.3,483.16 1 31
github.com/CCoupel/GhostDrive/plugins/moosefs/internal/mfsclient/csclient.go:487.2,487.9 1 20
github.com/CCoupel/GhostDrive/plugins/moosefs/internal/mfsclient/csclient.go:488.25,491.13 3 1
github.com/CCoupel/GhostDrive/plugins/moosefs/internal/mfsclient/csclient.go:492.10,492.10 0 19
github.com/CCoupel/GhostDrive/plugins/moosefs/internal/mfsclient/csclient.go:496.2,500.71 4 19
github.com/CCoupel/GhostDrive/plugins/moosefs/internal/mfsclient/csclient.go:500.71,502.13 2 0
github.com/CCoupel/GhostDrive/plugins/moosefs/internal/mfsclient/csclient.go:502.13,502.30 1 0
github.com/CCoupel/GhostDrive/plugins/moosefs/internal/mfsclient/csclient.go:503.3,503.75 1 0
github.com/CCoupel/GhostDrive/plugins/moosefs/internal/mfsclient/csclient.go:507.2,510.22 2 19
github.com/CCoupel/GhostDrive/plugins/moosefs/internal/mfsclient/ecclient.go:22.34,24.2 1 86
github.com/CCoupel/GhostDrive/plugins/moosefs/internal/mfsclient/ecclient.go:28.47,29.22 1 85
github.com/CCoupel/GhostDrive/plugins/moosefs/internal/mfsclient/ecclient.go:29.22,31.3 1 80
github.com/CCoupel/GhostDrive/plugins/moosefs/internal/mfsclient/ecclient.go:32.2,32.38 1 5
github.com/CCoupel/GhostDrive/plugins/moosefs/internal/mfsclient/ecclient.go:58.19,65.30 3 81
github.com/CCoupel/GhostDrive/plugins/moosefs/internal/mfsclient/ecclient.go:65.30,67.29 2 81
github.com/CCoupel/GhostDrive/plugins/moosefs/internal/mfsclient/ecclient.go:67.29,69.4 1 1
github.com/CCoupel/GhostDrive/plugins/moosefs/internal/mfsclient/ecclient.go:69.9,71.4 1 80
github.com/CCoupel/GhostDrive/plugins/moosefs/internal/mfsclient/ecclient.go:73.2,73.24 1 81
github.com/CCoupel/GhostDrive/plugins/moosefs/internal/mfsclient/ecclient.go:73.24,75.3 1 0
github.com/CCoupel/GhostDrive/plugins/moosefs/internal/mfsclient/ecclient.go:79.2,87.40 5 81
github.com/CCoupel/GhostDrive/plugins/moosefs/internal/mfsclient/ecclient.go:87.40,92.3 1 1
github.com/CCoupel/GhostDrive/plugins/moosefs/internal/mfsclient/ecclient.go:96.2,103.43 4 80
github.com/CCoupel/GhostDrive/plugins/moosefs/internal/mfsclient/ecclient.go:103.43,105.21 2 83
github.com/CCoupel/GhostDrive/plugins/moosefs/internal/mfsclient/ecclient.go:105.21,108.4 1 0
github.com/CCoupel/GhostDrive/plugins/moosefs/internal/mfsclient/ecclient.go:110.3,111.21 2 83
github.com/CCoupel/GhostDrive/plugins/moosefs/internal/mfsclient/ecclient.go:111.21,113.47 2 4
github.com/CCoupel/GhostDrive/plugins/moosefs/internal/mfsclient/ecclient.go:113.47,116.13 2 3
github.com/CCoupel/GhostDrive/plugins/moosefs/internal/mfsclient/ecclient.go:118.4,119.37 1 1
github.com/CCoupel/GhostDrive/plugins/moosefs/internal/mfsclient/ecclient.go:122.3,123.21 2 79
github.com/CCoupel/GhostDrive/plugins/moosefs/internal/mfsclient/ecclient.go:127.2,128.26 1 0
github.com/CCoupel/GhostDrive/plugins/moosefs/internal/mfsclient/protocol.go:162.62,164.2 1 123
github.com/CCoupel/GhostDrive/plugins/moosefs/internal/mfsclient/protocol.go:193.35,194.11 1 7
github.com/CCoupel/GhostDrive/plugins/moosefs/internal/mfsclient/protocol.go:195.16,196.14 1 0
github.com/CCoupel/GhostDrive/plugins/moosefs/internal/mfsclient/protocol.go:197.20,198.18 1 0
github.com/CCoupel/GhostDrive/plugins/moosefs/internal/mfsclient/protocol.go:199.20,200.18 1 0
github.com/CCoupel/GhostDrive/plugins/moosefs/internal/mfsclient/protocol.go:201.20,202.18 1 0
github.com/CCoupel/GhostDrive/plugins/moosefs/internal/mfsclient/protocol.go:203.23,204.21 1 0
github.com/CCoupel/GhostDrive/plugins/moosefs/internal/mfsclient/protocol.go:205.27,206.23 1 0
github.com/CCoupel/GhostDrive/plugins/moosefs/internal/mfsclient/protocol.go:207.27,208.23 1 6
github.com/CCoupel/GhostDrive/plugins/moosefs/internal/mfsclient/protocol.go:209.28,210.24 1 0
github.com/CCoupel/GhostDrive/plugins/moosefs/internal/mfsclient/protocol.go:211.28,212.24 1 1
github.com/CCoupel/GhostDrive/plugins/moosefs/internal/mfsclient/protocol.go:213.19,214.15 1 0
github.com/CCoupel/GhostDrive/plugins/moosefs/internal/mfsclient/protocol.go:215.19,216.17 1 0
github.com/CCoupel/GhostDrive/plugins/moosefs/internal/mfsclient/protocol.go:217.10,218.19 1 0
github.com/CCoupel/GhostDrive/plugins/moosefs/internal/mfsclient/protocol.go:280.29,280.59 1 3
github.com/CCoupel/GhostDrive/plugins/moosefs/internal/mfsclient/protocol.go:312.66,317.43 4 780
github.com/CCoupel/GhostDrive/plugins/moosefs/internal/mfsclient/protocol.go:317.43,319.3 1 2
github.com/CCoupel/GhostDrive/plugins/moosefs/internal/mfsclient/protocol.go:320.2,320.22 1 778
github.com/CCoupel/GhostDrive/plugins/moosefs/internal/mfsclient/protocol.go:320.22,321.48 1 769
github.com/CCoupel/GhostDrive/plugins/moosefs/internal/mfsclient/protocol.go:321.48,323.4 1 0
github.com/CCoupel/GhostDrive/plugins/moosefs/internal/mfsclient/protocol.go:325.2,325.12 1 778
github.com/CCoupel/GhostDrive/plugins/moosefs/internal/mfsclient/protocol.go:335.71,337.49 2 855
github.com/CCoupel/GhostDrive/plugins/moosefs/internal/mfsclient/protocol.go:337.49,339.3 1 71
github.com/CCoupel/GhostDrive/plugins/moosefs/internal/mfsclient/protocol.go:341.2,344.30 3 771
github.com/CCoupel/GhostDrive/plugins/moosefs/internal/mfsclient/protocol.go:344.30,346.3 1 1
github.com/CCoupel/GhostDrive/plugins/moosefs/internal/mfsclient/protocol.go:348.2,348.16 1 770
github.com/CCoupel/GhostDrive/plugins/moosefs/internal/mfsclient/protocol.go:348.16,350.54 2 761
github.com/CCoupel/GhostDrive/plugins/moosefs/internal/mfsclient/protocol.go:350.54,352.4 1 0
github.com/CCoupel/GhostDrive/plugins/moosefs/internal/mfsclient/protocol.go:354.2,354.26 1 770
github.com/CCoupel/GhostDrive/plugins/moosefs/internal/mfsclient/protocol.go:360.43,362.2 1 513
github.com/CCoupel/GhostDrive/plugins/moosefs/internal/mfsclient/protocol.go:365.45,369.2 3 456
github.com/CCoupel/GhostDrive/plugins/moosefs/internal/mfsclient/protocol.go:372.45,376.2 3 2434
github.com/CCoupel/GhostDrive/plugins/moosefs/internal/mfsclient/protocol.go:379.45,383.2 3 690
github.com/CCoupel/GhostDrive/plugins/moosefs/internal/mfsclient/protocol.go:386.43,390.2 3 0
github.com/CCoupel/GhostDrive/plugins/moosefs/internal/mfsclient/protocol.go:394.47,397.2 2 32
github.com/CCoupel/GhostDrive/plugins/moosefs/internal/mfsclient/protocol.go:403.45,408.2 4 0
github.com/CCoupel/GhostDrive/plugins/moosefs/internal/mfsclient/protocol.go:414.55,415.19 1 18
github.com/CCoupel/GhostDrive/plugins/moosefs/internal/mfsclient/protocol.go:415.19,417.3 1 0
github.com/CCoupel/GhostDrive/plugins/moosefs/internal/mfsclient/protocol.go:418.2,418.29 1 18
github.com/CCoupel/GhostDrive/plugins/moosefs/internal/mfsclient/protocol.go:422.57,423.20 1 262
github.com/CCoupel/GhostDrive/plugins/moosefs/internal/mfsclient/protocol.go:423.20,425.3 1 0
github.com/CCoupel/GhostDrive/plugins/moosefs/internal/mfsclient/protocol.go:426.2,426.62 1 262
github.com/CCoupel/GhostDrive/plugins/moosefs/internal/mfsclient/protocol.go:431.57,432.20 1 1372
github.com/CCoupel/GhostDrive/plugins/moosefs/internal/mfsclient/protocol.go:432.20,434.3 1 0
github.com/CCoupel/GhostDrive/plugins/moosefs/internal/mfsclient/protocol.go:435.2,435.62 1 1372
github.com/CCoupel/GhostDrive/plugins/moosefs/internal/mfsclient/protocol.go:439.57,440.20 1 324
github.com/CCoupel/GhostDrive/plugins/moosefs/internal/mfsclient/protocol.go:440.20,442.3 1 0
github.com/CCoupel/GhostDrive/plugins/moosefs/internal/mfsclient/protocol.go:443.2,443.62 1 324
github.com/CCoupel/GhostDrive/plugins/moosefs/internal/mfsclient/protocol.go:447.55,450.2 2 0
github.com/CCoupel/GhostDrive/plugins/moosefs/internal/mfsclient/protocol.go:454.59,455.19 1 32
github.com/CCoupel/GhostDrive/plugins/moosefs/internal/mfsclient/protocol.go:455.19,457.3 1 0
github.com/CCoupel/GhostDrive/plugins/moosefs/internal/mfsclient/protocol.go:458.2,460.25 3 32
github.com/CCoupel/GhostDrive/plugins/moosefs/internal/mfsclient/protocol.go:460.25,462.3 1 0
github.com/CCoupel/GhostDrive/plugins/moosefs/internal/mfsclient/protocol.go:463.2,463.55 1 32
github.com/CCoupel/GhostDrive/plugins/moosefs/internal/mfsclient/protocol.go:470.57,471.20 1 0
github.com/CCoupel/GhostDrive/plugins/moosefs/internal/mfsclient/protocol.go:471.20,473.3 1 0
github.com/CCoupel/GhostDrive/plugins/moosefs/internal/mfsclient/protocol.go:474.2,476.25 3 0
github.com/CCoupel/GhostDrive/plugins/moosefs/internal/mfsclient/protocol.go:476.25,478.3 1 0
github.com/CCoupel/GhostDrive/plugins/moosefs/internal/mfsclient/protocol.go:479.2,479.55 1 0
github.com/CCoupel/GhostDrive/plugins/moosefs/internal/mfsclient/protocol.go:494.62,496.33 2 14
github.com/CCoupel/GhostDrive/plugins/moosefs/internal/mfsclient/protocol.go:496.33,499.3 1 0
github.com/CCoupel/GhostDrive/plugins/moosefs/internal/mfsclient/protocol.go:501.2,505.16 4 14
github.com/CCoupel/GhostDrive/plugins/moosefs/internal/mfsclient/protocol.go:505.16,507.3 1 0
github.com/CCoupel/GhostDrive/plugins/moosefs/internal/mfsclient/protocol.go:508.2,509.16 2 14
github.com/CCoupel/GhostDrive/plugins/moosefs/internal/mfsclient/protocol.go:509.16,511.3 1 0
github.com/CCoupel/GhostDrive/plugins/moosefs/internal/mfsclient/protocol.go:512.2,513.16 2 14
github.com/CCoupel/GhostDrive/plugins/moosefs/internal/mfsclient/protocol.go:513.16,515.3 1 0
github.com/CCoupel/GhostDrive/plugins/moosefs/internal/mfsclient/protocol.go:516.2,517.16 2 14
github.com/CCoupel/GhostDrive/plugins/moosefs/internal/mfsclient/protocol.go:517.16,519.3 1 0
github.com/CCoupel/GhostDrive/plugins/moosefs/internal/mfsclient/protocol.go:520.2,521.16 2 14
github.com/CCoupel/GhostDrive/plugins/moosefs/internal/mfsclient/protocol.go:521.16,523.3 1 0
github.com/CCoupel/GhostDrive/plugins/moosefs/internal/mfsclient/protocol.go:524.2,525.16 2 14
github.com/CCoupel/GhostDrive/plugins/moosefs/internal/mfsclient/protocol.go:525.16,527.3 1 0
github.com/CCoupel/GhostDrive/plugins/moosefs/internal/mfsclient/protocol.go:528.2,529.16 2 14
github.com/CCoupel/GhostDrive/plugins/moosefs/internal/mfsclient/protocol.go:529.16,531.3 1 0
github.com/CCoupel/GhostDrive/plugins/moosefs/internal/mfsclient/protocol.go:532.2,533.16 2 14
github.com/CCoupel/GhostDrive/plugins/moosefs/internal/mfsclient/protocol.go:533.16,535.3 1 0
github.com/CCoupel/GhostDrive/plugins/moosefs/internal/mfsclient/protocol.go:536.2,537.16 2 14
github.com/CCoupel/GhostDrive/plugins/moosefs/internal/mfsclient/protocol.go:537.16,539.3 1 0
github.com/CCoupel/GhostDrive/plugins/moosefs/internal/mfsclient/protocol.go:543.2,543.24 1 14
github.com/CCoupel/GhostDrive/plugins/moosefs/internal/mfsclient/protocol.go:543.24,545.3 1 0
github.com/CCoupel/GhostDrive/plugins/moosefs/internal/mfsclient/protocol.go:548.2,549.21 2 14
github.com/CCoupel/GhostDrive/plugins/moosefs/internal/mfsclient/protocol.go:556.43,556.71 1 45
github.com/CCoupel/GhostDrive/plugins/loader/grpc_loader.go:102.34,104.2 1 8
github.com/CCoupel/GhostDrive/plugins/loader/grpc_loader.go:112.63,114.22 2 12
github.com/CCoupel/GhostDrive/plugins/loader/grpc_loader.go:114.22,116.3 1 8
github.com/CCoupel/GhostDrive/plugins/loader/grpc_loader.go:117.2,120.3 1 12
github.com/CCoupel/GhostDrive/plugins/loader/grpc_loader.go:132.52,139.16 5 11
github.com/CCoupel/GhostDrive/plugins/loader/grpc_loader.go:139.16,141.3 1 0
github.com/CCoupel/GhostDrive/plugins/loader/grpc_loader.go:143.2,143.31 1 11
github.com/CCoupel/GhostDrive/plugins/loader/grpc_loader.go:143.31,145.3 1 8
github.com/CCoupel/GhostDrive/plugins/loader/grpc_loader.go:146.2,146.12 1 11
github.com/CCoupel/GhostDrive/plugins/loader/grpc_loader.go:160.46,165.16 3 8
github.com/CCoupel/GhostDrive/plugins/loader/grpc_loader.go:165.16,176.3 5 4
github.com/CCoupel/GhostDrive/plugins/loader/grpc_loader.go:178.2,188.61 5 4
github.com/CCoupel/GhostDrive/plugins/loader/grpc_loader.go:188.61,190.22 2 3
github.com/CCoupel/GhostDrive/plugins/loader/grpc_loader.go:190.22,193.4 2 0
github.com/CCoupel/GhostDrive/plugins/loader/grpc_loader.go:194.3,197.11 4 3
github.com/CCoupel/GhostDrive/plugins/loader/grpc_loader.go:202.2,218.81 7 4
github.com/CCoupel/GhostDrive/plugins/loader/grpc_loader.go:223.99,251.16 8 11
github.com/CCoupel/GhostDrive/plugins/loader/grpc_loader.go:251.16,254.3 2 4
github.com/CCoupel/GhostDrive/plugins/loader/grpc_loader.go:256.2,257.16 2 7
github.com/CCoupel/GhostDrive/plugins/loader/grpc_loader.go:257.16,260.3 2 0
github.com/CCoupel/GhostDrive/plugins/loader/grpc_loader.go:262.2,263.9 2 7
github.com/CCoupel/GhostDrive/plugins/loader/grpc_loader.go:263.9,266.3 2 0
github.com/CCoupel/GhostDrive/plugins/loader/grpc_loader.go:268.2,268.29 1 7
github.com/CCoupel/GhostDrive/plugins/loader/grpc_loader.go:276.72,279.53 2 0
github.com/CCoupel/GhostDrive/plugins/loader/grpc_loader.go:279.53,281.10 1 0
github.com/CCoupel/GhostDrive/plugins/loader/grpc_loader.go:282.21,283.10 1 0
github.com/CCoupel/GhostDrive/plugins/loader/grpc_loader.go:284.41,284.41 0 0
github.com/CCoupel/GhostDrive/plugins/loader/grpc_loader.go:288.3,288.10 1 0
github.com/CCoupel/GhostDrive/plugins/loader/grpc_loader.go:289.21,290.10 1 0
github.com/CCoupel/GhostDrive/plugins/loader/grpc_loader.go:291.11,291.11 0 0
github.com/CCoupel/GhostDrive/plugins/loader/grpc_loader.go:294.3,301.10 5 0
github.com/CCoupel/GhostDrive/plugins/loader/grpc_loader.go:302.21,303.10 1 0
github.com/CCoupel/GhostDrive/plugins/loader/grpc_loader.go:304.38,304.38 0 0
github.com/CCoupel/GhostDrive/plugins/loader/grpc_loader.go:307.3,308.17 2 0
github.com/CCoupel/GhostDrive/plugins/loader/grpc_loader.go:308.17,318.12 6 0
github.com/CCoupel/GhostDrive/plugins/loader/grpc_loader.go:322.3,329.69 6 0
github.com/CCoupel/GhostDrive/plugins/loader/grpc_loader.go:329.69,329.90 1 0
github.com/CCoupel/GhostDrive/plugins/loader/grpc_loader.go:331.3,333.15 2 0
github.com/CCoupel/GhostDrive/plugins/loader/grpc_loader.go:337.2,343.15 5 0
github.com/CCoupel/GhostDrive/plugins/loader/grpc_loader.go:347.80,349.12 2 0
github.com/CCoupel/GhostDrive/plugins/loader/grpc_loader.go:349.12,351.7 2 0
github.com/CCoupel/GhostDrive/plugins/loader/grpc_loader.go:351.7,352.11 1 0
github.com/CCoupel/GhostDrive/plugins/loader/grpc_loader.go:353.22,354.11 1 0
github.com/CCoupel/GhostDrive/plugins/loader/grpc_loader.go:355.46,356.24 1 0
github.com/CCoupel/GhostDrive/plugins/loader/grpc_loader.go:356.24,358.6 1 0
github.com/CCoupel/GhostDrive/plugins/loader/grpc_loader.go:362.2,362.11 1 0
github.com/CCoupel/GhostDrive/plugins/loader/grpc_loader.go:366.39,369.37 2 9
github.com/CCoupel/GhostDrive/plugins/loader/grpc_loader.go:369.37,371.3 1 3
github.com/CCoupel/GhostDrive/plugins/loader/grpc_loader.go:372.2,378.37 5 9
github.com/CCoupel/GhostDrive/plugins/loader/grpc_loader.go:378.37,380.34 1 6
github.com/CCoupel/GhostDrive/plugins/loader/grpc_loader.go:380.34,382.4 1 4
github.com/CCoupel/GhostDrive/plugins/loader/grpc_loader.go:383.3,383.26 1 6
github.com/CCoupel/GhostDrive/plugins/loader/grpc_loader.go:383.26,385.4 1 0
github.com/CCoupel/GhostDrive/plugins/loader/grpc_loader.go:386.3,386.48 1 6
github.com/CCoupel/GhostDrive/plugins/loader/grpc_loader.go:389.2,390.12 2 9
github.com/CCoupel/GhostDrive/plugins/loader/grpc_loader.go:395.72,400.30 4 0
github.com/CCoupel/GhostDrive/plugins/loader/grpc_loader.go:400.30,401.27 1 0
github.com/CCoupel/GhostDrive/plugins/loader/grpc_loader.go:401.27,403.4 1 0
github.com/CCoupel/GhostDrive/plugins/loader/grpc_loader.go:405.2,405.15 1 0
github.com/CCoupel/GhostDrive/plugins/loader/grpc_loader.go:409.54,414.30 4 11
github.com/CCoupel/GhostDrive/plugins/loader/grpc_loader.go:414.30,416.44 2 7
github.com/CCoupel/GhostDrive/plugins/loader/grpc_loader.go:416.44,419.4 1 7
github.com/CCoupel/GhostDrive/plugins/loader/grpc_loader.go:420.3,426.5 1 7
github.com/CCoupel/GhostDrive/plugins/loader/grpc_loader.go:428.2,428.15 1 11
github.com/CCoupel/GhostDrive/plugins/loader/grpc_loader.go:454.59,458.9 4 0
github.com/CCoupel/GhostDrive/plugins/loader/grpc_loader.go:458.9,460.3 1 0
github.com/CCoupel/GhostDrive/plugins/loader/grpc_loader.go:461.2,461.25 1 0
github.com/CCoupel/GhostDrive/plugins/loader/grpc_loader.go:461.25,463.3 1 0
github.com/CCoupel/GhostDrive/plugins/loader/grpc_loader.go:464.2,464.12 1 0
github.com/CCoupel/GhostDrive/plugins/loader/grpc_loader.go:475.39,476.73 1 15
github.com/CCoupel/GhostDrive/plugins/loader/grpc_loader.go:476.73,478.3 1 5
github.com/CCoupel/GhostDrive/plugins/loader/grpc_loader.go:479.2,479.18 1 10
github.com/CCoupel/GhostDrive/plugins/loader/grpc_loader.go:484.45,487.15 3 8
github.com/CCoupel/GhostDrive/plugins/loader/grpc_loader.go:487.15,489.3 1 8
github.com/CCoupel/GhostDrive/plugins/loader/grpc_loader.go:490.2,490.13 1 0
github.com/CCoupel/GhostDrive/plugins/loader/grpc_loader.go:494.41,496.2 1 11
github.com/CCoupel/GhostDrive/plugins/loader/proc_other.go:8.36,8.37 0 11
