mode: set
github.com/CCoupel/GhostDrive/main.go:20.13,22.16 2 0
github.com/CCoupel/GhostDrive/main.go:22.16,24.3 1 0
github.com/CCoupel/GhostDrive/main.go:25.2,25.9 1 0
github.com/CCoupel/GhostDrive/main.go:25.9,28.3 2 0
github.com/CCoupel/GhostDrive/main.go:30.2,36.16 4 0
github.com/CCoupel/GhostDrive/main.go:36.16,38.3 1 0
github.com/CCoupel/GhostDrive/main.go:40.2,58.17 1 0
github.com/CCoupel/GhostDrive/main.go:58.17,60.3 1 0
github.com/CCoupel/GhostDrive/tray_other.go:9.30,9.31 0 0
github.com/CCoupel/GhostDrive/frontend/node_modules/flatted/golang/pkg/flatted/flatted.go:16.68,21.30 4 0
github.com/CCoupel/GhostDrive/frontend/node_modules/flatted/golang/pkg/flatted/flatted.go:21.30,27.3 5 0
github.com/CCoupel/GhostDrive/frontend/node_modules/flatted/golang/pkg/flatted/flatted.go:29.2,29.28 1 0
github.com/CCoupel/GhostDrive/frontend/node_modules/flatted/golang/pkg/flatted/flatted.go:29.28,30.15 1 0
github.com/CCoupel/GhostDrive/frontend/node_modules/flatted/golang/pkg/flatted/flatted.go:30.15,32.4 1 0
github.com/CCoupel/GhostDrive/frontend/node_modules/flatted/golang/pkg/flatted/flatted.go:33.3,35.100 3 0
github.com/CCoupel/GhostDrive/frontend/node_modules/flatted/golang/pkg/flatted/flatted.go:35.100,36.32 1 0
github.com/CCoupel/GhostDrive/frontend/node_modules/flatted/golang/pkg/flatted/flatted.go:36.32,37.31 1 0
github.com/CCoupel/GhostDrive/frontend/node_modules/flatted/golang/pkg/flatted/flatted.go:37.31,38.16 1 0
github.com/CCoupel/GhostDrive/frontend/node_modules/flatted/golang/pkg/flatted/flatted.go:38.16,40.7 1 0
github.com/CCoupel/GhostDrive/frontend/node_modules/flatted/golang/pkg/flatted/flatted.go:41.11,43.59 2 0
github.com/CCoupel/GhostDrive/frontend/node_modules/flatted/golang/pkg/flatted/flatted.go:43.59,45.7 1 0
github.com/CCoupel/GhostDrive/frontend/node_modules/flatted/golang/pkg/flatted/flatted.go:48.4,48.19 1 0
github.com/CCoupel/GhostDrive/frontend/node_modules/flatted/golang/pkg/flatted/flatted.go:50.3,50.11 1 0
github.com/CCoupel/GhostDrive/frontend/node_modules/flatted/golang/pkg/flatted/flatted.go:53.2,53.31 1 0
github.com/CCoupel/GhostDrive/frontend/node_modules/flatted/golang/pkg/flatted/flatted.go:53.31,55.20 2 0
github.com/CCoupel/GhostDrive/frontend/node_modules/flatted/golang/pkg/flatted/flatted.go:55.20,57.4 1 0
github.com/CCoupel/GhostDrive/frontend/node_modules/flatted/golang/pkg/flatted/flatted.go:58.3,58.38 1 0
github.com/CCoupel/GhostDrive/frontend/node_modules/flatted/golang/pkg/flatted/flatted.go:58.38,60.4 1 0
github.com/CCoupel/GhostDrive/frontend/node_modules/flatted/golang/pkg/flatted/flatted.go:62.3,62.47 1 0
github.com/CCoupel/GhostDrive/frontend/node_modules/flatted/golang/pkg/flatted/flatted.go:62.47,64.4 1 0
github.com/CCoupel/GhostDrive/frontend/node_modules/flatted/golang/pkg/flatted/flatted.go:65.3,65.20 1 0
github.com/CCoupel/GhostDrive/frontend/node_modules/flatted/golang/pkg/flatted/flatted.go:66.37,68.34 2 0
github.com/CCoupel/GhostDrive/frontend/node_modules/flatted/golang/pkg/flatted/flatted.go:68.34,70.5 1 0
github.com/CCoupel/GhostDrive/frontend/node_modules/flatted/golang/pkg/flatted/flatted.go:71.4,71.14 1 0
github.com/CCoupel/GhostDrive/frontend/node_modules/flatted/golang/pkg/flatted/flatted.go:72.20,75.41 3 0
github.com/CCoupel/GhostDrive/frontend/node_modules/flatted/golang/pkg/flatted/flatted.go:75.41,77.5 1 0
github.com/CCoupel/GhostDrive/frontend/node_modules/flatted/golang/pkg/flatted/flatted.go:79.4,80.29 2 0
github.com/CCoupel/GhostDrive/frontend/node_modules/flatted/golang/pkg/flatted/flatted.go:80.29,82.20 2 0
github.com/CCoupel/GhostDrive/frontend/node_modules/flatted/golang/pkg/flatted/flatted.go:82.20,84.34 2 0
github.com/CCoupel/GhostDrive/frontend/node_modules/flatted/golang/pkg/flatted/flatted.go:84.34,85.20 1 0
github.com/CCoupel/GhostDrive/frontend/node_modules/flatted/golang/pkg/flatted/flatted.go:85.20,87.13 2 0
github.com/CCoupel/GhostDrive/frontend/node_modules/flatted/golang/pkg/flatted/flatted.go:90.6,90.16 1 0
github.com/CCoupel/GhostDrive/frontend/node_modules/flatted/golang/pkg/flatted/flatted.go:90.16,91.15 1 0
github.com/CCoupel/GhostDrive/frontend/node_modules/flatted/golang/pkg/flatted/flatted.go:94.5,94.53 1 0
github.com/CCoupel/GhostDrive/frontend/node_modules/flatted/golang/pkg/flatted/flatted.go:96.4,96.14 1 0
github.com/CCoupel/GhostDrive/frontend/node_modules/flatted/golang/pkg/flatted/flatted.go:97.23,100.39 3 0
github.com/CCoupel/GhostDrive/frontend/node_modules/flatted/golang/pkg/flatted/flatted.go:100.39,102.28 2 0
github.com/CCoupel/GhostDrive/frontend/node_modules/flatted/golang/pkg/flatted/flatted.go:102.28,103.14 1 0
github.com/CCoupel/GhostDrive/frontend/node_modules/flatted/golang/pkg/flatted/flatted.go:105.5,106.48 2 0
github.com/CCoupel/GhostDrive/frontend/node_modules/flatted/golang/pkg/flatted/flatted.go:106.48,108.6 1 0
github.com/CCoupel/GhostDrive/frontend/node_modules/flatted/golang/pkg/flatted/flatted.go:109.5,109.48 1 0
github.com/CCoupel/GhostDrive/frontend/node_modules/flatted/golang/pkg/flatted/flatted.go:111.4,111.14 1 0
github.com/CCoupel/GhostDrive/frontend/node_modules/flatted/golang/pkg/flatted/flatted.go:112.11,113.12 1 0
github.com/CCoupel/GhostDrive/frontend/node_modules/flatted/golang/pkg/flatted/flatted.go:117.2,119.34 3 0
github.com/CCoupel/GhostDrive/frontend/node_modules/flatted/golang/pkg/flatted/flatted.go:119.34,121.3 1 0
github.com/CCoupel/GhostDrive/frontend/node_modules/flatted/golang/pkg/flatted/flatted.go:123.2,126.33 4 0
github.com/CCoupel/GhostDrive/frontend/node_modules/flatted/golang/pkg/flatted/flatted.go:126.33,128.3 1 0
github.com/CCoupel/GhostDrive/frontend/node_modules/flatted/golang/pkg/flatted/flatted.go:128.8,128.37 1 0
github.com/CCoupel/GhostDrive/frontend/node_modules/flatted/golang/pkg/flatted/flatted.go:128.37,130.3 1 0
github.com/CCoupel/GhostDrive/frontend/node_modules/flatted/golang/pkg/flatted/flatted.go:132.2,132.18 1 0
github.com/CCoupel/GhostDrive/frontend/node_modules/flatted/golang/pkg/flatted/flatted.go:132.18,134.3 1 0
github.com/CCoupel/GhostDrive/frontend/node_modules/flatted/golang/pkg/flatted/flatted.go:134.8,136.3 1 0
github.com/CCoupel/GhostDrive/frontend/node_modules/flatted/golang/pkg/flatted/flatted.go:138.2,138.16 1 0
github.com/CCoupel/GhostDrive/frontend/node_modules/flatted/golang/pkg/flatted/flatted.go:138.16,140.3 1 0
github.com/CCoupel/GhostDrive/frontend/node_modules/flatted/golang/pkg/flatted/flatted.go:141.2,141.23 1 0
github.com/CCoupel/GhostDrive/frontend/node_modules/flatted/golang/pkg/flatted/flatted.go:145.79,147.65 2 0
github.com/CCoupel/GhostDrive/frontend/node_modules/flatted/golang/pkg/flatted/flatted.go:147.65,149.3 1 0
github.com/CCoupel/GhostDrive/frontend/node_modules/flatted/golang/pkg/flatted/flatted.go:151.2,152.25 2 0
github.com/CCoupel/GhostDrive/frontend/node_modules/flatted/golang/pkg/flatted/flatted.go:152.25,153.30 1 0
github.com/CCoupel/GhostDrive/frontend/node_modules/flatted/golang/pkg/flatted/flatted.go:153.30,155.4 1 0
github.com/CCoupel/GhostDrive/frontend/node_modules/flatted/golang/pkg/flatted/flatted.go:156.3,156.31 1 0
github.com/CCoupel/GhostDrive/frontend/node_modules/flatted/golang/pkg/flatted/flatted.go:156.31,157.29 1 0
github.com/CCoupel/GhostDrive/frontend/node_modules/flatted/golang/pkg/flatted/flatted.go:157.29,159.5 1 0
github.com/CCoupel/GhostDrive/frontend/node_modules/flatted/golang/pkg/flatted/flatted.go:160.4,160.14 1 0
github.com/CCoupel/GhostDrive/frontend/node_modules/flatted/golang/pkg/flatted/flatted.go:162.3,162.38 1 0
github.com/CCoupel/GhostDrive/frontend/node_modules/flatted/golang/pkg/flatted/flatted.go:162.38,163.27 1 0
github.com/CCoupel/GhostDrive/frontend/node_modules/flatted/golang/pkg/flatted/flatted.go:163.27,165.5 1 0
github.com/CCoupel/GhostDrive/frontend/node_modules/flatted/golang/pkg/flatted/flatted.go:166.4,166.12 1 0
github.com/CCoupel/GhostDrive/frontend/node_modules/flatted/golang/pkg/flatted/flatted.go:168.3,168.11 1 0
github.com/CCoupel/GhostDrive/frontend/node_modules/flatted/golang/pkg/flatted/flatted.go:171.2,172.30 2 0
github.com/CCoupel/GhostDrive/frontend/node_modules/flatted/golang/pkg/flatted/flatted.go:172.30,174.3 1 0
github.com/CCoupel/GhostDrive/frontend/node_modules/flatted/golang/pkg/flatted/flatted.go:176.2,177.28 2 0
github.com/CCoupel/GhostDrive/frontend/node_modules/flatted/golang/pkg/flatted/flatted.go:177.28,178.37 1 0
github.com/CCoupel/GhostDrive/frontend/node_modules/flatted/golang/pkg/flatted/flatted.go:178.37,180.4 1 0
github.com/CCoupel/GhostDrive/frontend/node_modules/flatted/golang/pkg/flatted/flatted.go:180.9,182.4 1 0
github.com/CCoupel/GhostDrive/frontend/node_modules/flatted/golang/pkg/flatted/flatted.go:185.2,185.21 1 0
github.com/CCoupel/GhostDrive/frontend/node_modules/flatted/golang/pkg/flatted/flatted.go:185.21,187.3 1 0
github.com/CCoupel/GhostDrive/frontend/node_modules/flatted/golang/pkg/flatted/flatted.go:189.2,191.78 3 0
github.com/CCoupel/GhostDrive/frontend/node_modules/flatted/golang/pkg/flatted/flatted.go:191.78,195.21 4 0
github.com/CCoupel/GhostDrive/frontend/node_modules/flatted/golang/pkg/flatted/flatted.go:195.21,197.4 1 0
github.com/CCoupel/GhostDrive/frontend/node_modules/flatted/golang/pkg/flatted/flatted.go:198.3,198.18 1 0
github.com/CCoupel/GhostDrive/frontend/node_modules/flatted/golang/pkg/flatted/flatted.go:201.2,201.20 1 0
github.com/CCoupel/GhostDrive/frontend/node_modules/flatted/golang/pkg/flatted/flatted.go:201.20,203.3 1 0
github.com/CCoupel/GhostDrive/frontend/node_modules/flatted/golang/pkg/flatted/flatted.go:204.2,204.19 1 0
github.com/CCoupel/GhostDrive/frontend/node_modules/flatted/golang/pkg/flatted/flatted.go:207.75,208.34 1 0
github.com/CCoupel/GhostDrive/frontend/node_modules/flatted/golang/pkg/flatted/flatted.go:208.34,209.25 1 0
github.com/CCoupel/GhostDrive/frontend/node_modules/flatted/golang/pkg/flatted/flatted.go:209.25,211.4 1 0
github.com/CCoupel/GhostDrive/frontend/node_modules/flatted/golang/pkg/flatted/flatted.go:212.8,212.48 1 0
github.com/CCoupel/GhostDrive/frontend/node_modules/flatted/golang/pkg/flatted/flatted.go:212.48,214.20 2 0
github.com/CCoupel/GhostDrive/frontend/node_modules/flatted/golang/pkg/flatted/flatted.go:214.20,216.4 1 0
github.com/CCoupel/GhostDrive/frontend/node_modules/flatted/golang/pkg/flatted/flatted.go:217.3,218.26 2 0
github.com/CCoupel/GhostDrive/frontend/node_modules/flatted/golang/pkg/flatted/flatted.go:218.26,220.4 1 0
github.com/CCoupel/GhostDrive/frontend/node_modules/flatted/golang/pkg/flatted/flatted.go:222.2,222.28 1 0
github.com/CCoupel/GhostDrive/frontend/node_modules/flatted/golang/pkg/flatted/flatted.go:225.61,226.34 1 0
github.com/CCoupel/GhostDrive/frontend/node_modules/flatted/golang/pkg/flatted/flatted.go:226.34,227.25 1 0
github.com/CCoupel/GhostDrive/frontend/node_modules/flatted/golang/pkg/flatted/flatted.go:227.25,228.38 1 0
github.com/CCoupel/GhostDrive/frontend/node_modules/flatted/golang/pkg/flatted/flatted.go:228.38,231.5 2 0
github.com/CCoupel/GhostDrive/frontend/node_modules/flatted/golang/pkg/flatted/flatted.go:233.3,233.13 1 0
github.com/CCoupel/GhostDrive/frontend/node_modules/flatted/golang/pkg/flatted/flatted.go:235.2,235.41 1 0
github.com/CCoupel/GhostDrive/frontend/node_modules/flatted/golang/pkg/flatted/flatted.go:235.41,236.23 1 0
github.com/CCoupel/GhostDrive/frontend/node_modules/flatted/golang/pkg/flatted/flatted.go:236.23,237.38 1 0
github.com/CCoupel/GhostDrive/frontend/node_modules/flatted/golang/pkg/flatted/flatted.go:237.38,240.5 2 0
github.com/CCoupel/GhostDrive/frontend/node_modules/flatted/golang/pkg/flatted/flatted.go:242.3,242.11 1 0
github.com/CCoupel/GhostDrive/frontend/node_modules/flatted/golang/pkg/flatted/flatted.go:244.2,244.14 1 0
github.com/CCoupel/GhostDrive/frontend/node_modules/flatted/golang/pkg/flatted/flatted.go:247.60,249.78 2 0
github.com/CCoupel/GhostDrive/frontend/node_modules/flatted/golang/pkg/flatted/flatted.go:249.78,251.16 2 0
github.com/CCoupel/GhostDrive/frontend/node_modules/flatted/golang/pkg/flatted/flatted.go:251.16,254.4 2 0
github.com/CCoupel/GhostDrive/frontend/node_modules/flatted/golang/pkg/flatted/flatted.go:256.2,256.14 1 0
github.com/CCoupel/GhostDrive/frontend/node_modules/flatted/golang/pkg/flatted/flatted.go:260.37,262.16 2 0
github.com/CCoupel/GhostDrive/frontend/node_modules/flatted/golang/pkg/flatted/flatted.go:262.16,264.3 1 0
github.com/CCoupel/GhostDrive/frontend/node_modules/flatted/golang/pkg/flatted/flatted.go:265.2,267.17 3 0
github.com/CCoupel/GhostDrive/frontend/node_modules/flatted/golang/pkg/flatted/flatted.go:271.39,273.16 2 0
github.com/CCoupel/GhostDrive/frontend/node_modules/flatted/golang/pkg/flatted/flatted.go:273.16,275.3 1 0
github.com/CCoupel/GhostDrive/frontend/node_modules/flatted/golang/pkg/flatted/flatted.go:276.2,276.30 1 0
github.com/CCoupel/GhostDrive/cmd/ghostdrive/main.go:9.14,9.15 0 0
github.com/CCoupel/GhostDrive/plugins/sdk/go/plugin.go:26.64,30.2 1 0
github.com/CCoupel/GhostDrive/plugins/sdk/go/plugin.go:34.69,40.2 1 0
github.com/CCoupel/GhostDrive/plugins/registry.go:23.59,27.2 3 1
github.com/CCoupel/GhostDrive/plugins/registry.go:31.47,35.9 4 1
github.com/CCoupel/GhostDrive/plugins/registry.go:35.9,37.3 1 1
github.com/CCoupel/GhostDrive/plugins/registry.go:38.2,38.23 1 1
github.com/CCoupel/GhostDrive/plugins/registry.go:42.28,47.2 4 0
github.com/CCoupel/GhostDrive/plugins/registry.go:51.30,55.29 4 1
github.com/CCoupel/GhostDrive/plugins/registry.go:55.29,57.3 1 1
github.com/CCoupel/GhostDrive/plugins/registry.go:58.2,59.14 2 1
github.com/CCoupel/GhostDrive/internal/singleinstance/lock_unix.go:19.30,22.16 3 0
github.com/CCoupel/GhostDrive/internal/singleinstance/lock_unix.go:22.16,24.3 1 0
github.com/CCoupel/GhostDrive/internal/singleinstance/lock_unix.go:25.2,25.75 1 0
github.com/CCoupel/GhostDrive/internal/singleinstance/lock_unix.go:25.75,26.30 1 0
github.com/CCoupel/GhostDrive/internal/singleinstance/lock_unix.go:26.30,28.4 1 0
github.com/CCoupel/GhostDrive/internal/singleinstance/lock_unix.go:29.3,29.20 1 0
github.com/CCoupel/GhostDrive/internal/singleinstance/lock_unix.go:31.2,32.18 2 0
github.com/CCoupel/GhostDrive/internal/backends/manager.go:25.67,26.20 1 1
github.com/CCoupel/GhostDrive/internal/backends/manager.go:26.20,28.3 1 1
github.com/CCoupel/GhostDrive/internal/backends/manager.go:29.2,33.3 1 1
github.com/CCoupel/GhostDrive/internal/backends/manager.go:38.62,39.17 1 0
github.com/CCoupel/GhostDrive/internal/backends/manager.go:39.17,41.3 1 0
github.com/CCoupel/GhostDrive/internal/backends/manager.go:43.2,44.16 2 0
github.com/CCoupel/GhostDrive/internal/backends/manager.go:44.16,46.3 1 0
github.com/CCoupel/GhostDrive/internal/backends/manager.go:48.2,48.38 1 0
github.com/CCoupel/GhostDrive/internal/backends/manager.go:48.38,50.3 1 0
github.com/CCoupel/GhostDrive/internal/backends/manager.go:52.2,61.12 6 0
github.com/CCoupel/GhostDrive/internal/backends/manager.go:65.50,68.9 3 1
github.com/CCoupel/GhostDrive/internal/backends/manager.go:68.9,71.3 2 1
github.com/CCoupel/GhostDrive/internal/backends/manager.go:72.2,81.12 6 1
github.com/CCoupel/GhostDrive/internal/backends/manager.go:85.72,90.2 4 1
github.com/CCoupel/GhostDrive/internal/backends/manager.go:93.77,98.2 4 1
github.com/CCoupel/GhostDrive/internal/backends/manager.go:101.42,105.29 4 1
github.com/CCoupel/GhostDrive/internal/backends/manager.go:105.29,107.3 1 1
github.com/CCoupel/GhostDrive/internal/backends/manager.go:108.2,108.12 1 1
github.com/CCoupel/GhostDrive/internal/backends/manager.go:115.63,123.32 4 1
github.com/CCoupel/GhostDrive/internal/backends/manager.go:123.32,125.3 1 1
github.com/CCoupel/GhostDrive/internal/backends/manager.go:126.2,129.28 3 1
github.com/CCoupel/GhostDrive/internal/backends/manager.go:129.28,131.24 2 1
github.com/CCoupel/GhostDrive/internal/backends/manager.go:131.24,132.74 1 1
github.com/CCoupel/GhostDrive/internal/backends/manager.go:132.74,135.5 2 1
github.com/CCoupel/GhostDrive/internal/backends/manager.go:135.10,140.5 2 1
github.com/CCoupel/GhostDrive/internal/backends/manager.go:142.3,142.33 1 1
github.com/CCoupel/GhostDrive/internal/backends/manager.go:144.2,144.17 1 1
github.com/CCoupel/GhostDrive/internal/backends/manager.go:150.32,152.2 1 1
github.com/CCoupel/GhostDrive/internal/backends/manager.go:157.83,159.16 2 1
github.com/CCoupel/GhostDrive/internal/backends/manager.go:159.16,161.3 1 1
github.com/CCoupel/GhostDrive/internal/backends/manager.go:162.2,162.15 1 1
github.com/CCoupel/GhostDrive/internal/backends/manager.go:169.26,169.49 1 0
github.com/CCoupel/GhostDrive/internal/backends/manager.go:172.26,176.2 3 1
github.com/CCoupel/GhostDrive/plugins/proto/storage.pb.go:44.38,49.2 4 0
github.com/CCoupel/GhostDrive/plugins/proto/storage.pb.go:51.46,53.2 1 0
github.com/CCoupel/GhostDrive/plugins/proto/storage.pb.go:55.44,55.45 0 0
github.com/CCoupel/GhostDrive/plugins/proto/storage.pb.go:57.66,59.14 2 0
github.com/CCoupel/GhostDrive/plugins/proto/storage.pb.go:59.14,61.34 2 0
github.com/CCoupel/GhostDrive/plugins/proto/storage.pb.go:61.34,63.4 1 0
github.com/CCoupel/GhostDrive/plugins/proto/storage.pb.go:64.3,64.12 1 0
github.com/CCoupel/GhostDrive/plugins/proto/storage.pb.go:66.2,66.24 1 0
github.com/CCoupel/GhostDrive/plugins/proto/storage.pb.go:70.57,72.2 1 0
github.com/CCoupel/GhostDrive/plugins/proto/storage.pb.go:74.45,75.14 1 0
github.com/CCoupel/GhostDrive/plugins/proto/storage.pb.go:75.14,77.3 1 0
github.com/CCoupel/GhostDrive/plugins/proto/storage.pb.go:78.2,78.11 1 0
github.com/CCoupel/GhostDrive/plugins/proto/storage.pb.go:81.47,82.14 1 0
github.com/CCoupel/GhostDrive/plugins/proto/storage.pb.go:82.14,84.3 1 0
github.com/CCoupel/GhostDrive/plugins/proto/storage.pb.go:85.2,85.11 1 0
github.com/CCoupel/GhostDrive/plugins/proto/storage.pb.go:88.47,89.14 1 0
github.com/CCoupel/GhostDrive/plugins/proto/storage.pb.go:89.14,91.3 1 0
github.com/CCoupel/GhostDrive/plugins/proto/storage.pb.go:92.2,92.11 1 0
github.com/CCoupel/GhostDrive/plugins/proto/storage.pb.go:95.48,96.14 1 0
github.com/CCoupel/GhostDrive/plugins/proto/storage.pb.go:96.14,98.3 1 0
github.com/CCoupel/GhostDrive/plugins/proto/storage.pb.go:99.2,99.14 1 0
github.com/CCoupel/GhostDrive/plugins/proto/storage.pb.go:102.49,103.14 1 0
github.com/CCoupel/GhostDrive/plugins/proto/storage.pb.go:103.14,105.3 1 0
github.com/CCoupel/GhostDrive/plugins/proto/storage.pb.go:106.2,106.14 1 0
github.com/CCoupel/GhostDrive/plugins/proto/storage.pb.go:109.60,110.14 1 0
github.com/CCoupel/GhostDrive/plugins/proto/storage.pb.go:110.14,112.3 1 0
github.com/CCoupel/GhostDrive/plugins/proto/storage.pb.go:113.2,113.12 1 0
github.com/CCoupel/GhostDrive/plugins/proto/storage.pb.go:116.50,117.14 1 0
github.com/CCoupel/GhostDrive/plugins/proto/storage.pb.go:117.14,119.3 1 0
github.com/CCoupel/GhostDrive/plugins/proto/storage.pb.go:120.2,120.11 1 0
github.com/CCoupel/GhostDrive/plugins/proto/storage.pb.go:123.53,124.14 1 0
github.com/CCoupel/GhostDrive/plugins/proto/storage.pb.go:124.14,126.3 1 0
github.com/CCoupel/GhostDrive/plugins/proto/storage.pb.go:127.2,127.11 1 0
github.com/CCoupel/GhostDrive/plugins/proto/storage.pb.go:130.52,131.14 1 0
github.com/CCoupel/GhostDrive/plugins/proto/storage.pb.go:131.14,133.3 1 0
github.com/CCoupel/GhostDrive/plugins/proto/storage.pb.go:134.2,134.11 1 0
github.com/CCoupel/GhostDrive/plugins/proto/storage.pb.go:153.33,158.2 4 0
github.com/CCoupel/GhostDrive/plugins/proto/storage.pb.go:160.41,162.2 1 0
github.com/CCoupel/GhostDrive/plugins/proto/storage.pb.go:164.39,164.40 0 0
github.com/CCoupel/GhostDrive/plugins/proto/storage.pb.go:166.61,168.14 2 0
github.com/CCoupel/GhostDrive/plugins/proto/storage.pb.go:168.14,170.34 2 0
github.com/CCoupel/GhostDrive/plugins/proto/storage.pb.go:170.34,172.4 1 0
github.com/CCoupel/GhostDrive/plugins/proto/storage.pb.go:173.3,173.12 1 0
github.com/CCoupel/GhostDrive/plugins/proto/storage.pb.go:175.2,175.24 1 0
github.com/CCoupel/GhostDrive/plugins/proto/storage.pb.go:179.52,181.2 1 0
github.com/CCoupel/GhostDrive/plugins/proto/storage.pb.go:183.42,184.14 1 0
github.com/CCoupel/GhostDrive/plugins/proto/storage.pb.go:184.14,186.3 1 0
github.com/CCoupel/GhostDrive/plugins/proto/storage.pb.go:187.2,187.11 1 0
github.com/CCoupel/GhostDrive/plugins/proto/storage.pb.go:190.42,191.14 1 0
github.com/CCoupel/GhostDrive/plugins/proto/storage.pb.go:191.14,193.3 1 0
github.com/CCoupel/GhostDrive/plugins/proto/storage.pb.go:194.2,194.11 1 0
github.com/CCoupel/GhostDrive/plugins/proto/storage.pb.go:197.41,198.14 1 0
github.com/CCoupel/GhostDrive/plugins/proto/storage.pb.go:198.14,200.3 1 0
github.com/CCoupel/GhostDrive/plugins/proto/storage.pb.go:201.2,201.10 1 0
github.com/CCoupel/GhostDrive/plugins/proto/storage.pb.go:204.41,205.14 1 0
github.com/CCoupel/GhostDrive/plugins/proto/storage.pb.go:205.14,207.3 1 0
github.com/CCoupel/GhostDrive/plugins/proto/storage.pb.go:208.2,208.14 1 0
github.com/CCoupel/GhostDrive/plugins/proto/storage.pb.go:211.48,212.14 1 0
github.com/CCoupel/GhostDrive/plugins/proto/storage.pb.go:212.14,214.3 1 0
github.com/CCoupel/GhostDrive/plugins/proto/storage.pb.go:215.2,215.10 1 0
github.com/CCoupel/GhostDrive/plugins/proto/storage.pb.go:218.42,219.14 1 0
github.com/CCoupel/GhostDrive/plugins/proto/storage.pb.go:219.14,221.3 1 0
github.com/CCoupel/GhostDrive/plugins/proto/storage.pb.go:222.2,222.11 1 0
github.com/CCoupel/GhostDrive/plugins/proto/storage.pb.go:225.49,226.14 1 0
github.com/CCoupel/GhostDrive/plugins/proto/storage.pb.go:226.14,228.3 1 0
github.com/CCoupel/GhostDrive/plugins/proto/storage.pb.go:229.2,229.14 1 0
github.com/CCoupel/GhostDrive/plugins/proto/storage.pb.go:232.44,233.14 1 0
github.com/CCoupel/GhostDrive/plugins/proto/storage.pb.go:233.14,235.3 1 0
github.com/CCoupel/GhostDrive/plugins/proto/storage.pb.go:236.2,236.14 1 0
github.com/CCoupel/GhostDrive/plugins/proto/storage.pb.go:239.45,240.14 1 0
github.com/CCoupel/GhostDrive/plugins/proto/storage.pb.go:240.14,242.3 1 0
github.com/CCoupel/GhostDrive/plugins/proto/storage.pb.go:243.2,243.11 1 0
github.com/CCoupel/GhostDrive/plugins/proto/storage.pb.go:261.34,266.2 4 0
github.com/CCoupel/GhostDrive/plugins/proto/storage.pb.go:268.42,270.2 1 0
github.com/CCoupel/GhostDrive/plugins/proto/storage.pb.go:272.40,272.41 0 0
github.com/CCoupel/GhostDrive/plugins/proto/storage.pb.go:274.62,276.14 2 0
github.com/CCoupel/GhostDrive/plugins/proto/storage.pb.go:276.14,278.34 2 0
github.com/CCoupel/GhostDrive/plugins/proto/storage.pb.go:278.34,280.4 1 0
github.com/CCoupel/GhostDrive/plugins/proto/storage.pb.go:281.3,281.12 1 0
github.com/CCoupel/GhostDrive/plugins/proto/storage.pb.go:283.2,283.24 1 0
github.com/CCoupel/GhostDrive/plugins/proto/storage.pb.go:287.53,289.2 1 0
github.com/CCoupel/GhostDrive/plugins/proto/storage.pb.go:291.48,292.14 1 0
github.com/CCoupel/GhostDrive/plugins/proto/storage.pb.go:292.14,294.3 1 0
github.com/CCoupel/GhostDrive/plugins/proto/storage.pb.go:295.2,295.11 1 0
github.com/CCoupel/GhostDrive/plugins/proto/storage.pb.go:298.43,299.14 1 0
github.com/CCoupel/GhostDrive/plugins/proto/storage.pb.go:299.14,301.3 1 0
github.com/CCoupel/GhostDrive/plugins/proto/storage.pb.go:302.2,302.11 1 0
github.com/CCoupel/GhostDrive/plugins/proto/storage.pb.go:305.46,306.14 1 0
github.com/CCoupel/GhostDrive/plugins/proto/storage.pb.go:306.14,308.3 1 0
github.com/CCoupel/GhostDrive/plugins/proto/storage.pb.go:309.2,309.11 1 0
github.com/CCoupel/GhostDrive/plugins/proto/storage.pb.go:312.51,313.14 1 0
github.com/CCoupel/GhostDrive/plugins/proto/storage.pb.go:313.14,315.3 1 0
github.com/CCoupel/GhostDrive/plugins/proto/storage.pb.go:316.2,316.10 1 0
github.com/CCoupel/GhostDrive/plugins/proto/storage.pb.go:319.45,320.14 1 0
github.com/CCoupel/GhostDrive/plugins/proto/storage.pb.go:320.14,322.3 1 0
github.com/CCoupel/GhostDrive/plugins/proto/storage.pb.go:323.2,323.11 1 0
github.com/CCoupel/GhostDrive/plugins/proto/storage.pb.go:326.49,327.14 1 0
github.com/CCoupel/GhostDrive/plugins/proto/storage.pb.go:327.14,329.3 1 0
github.com/CCoupel/GhostDrive/plugins/proto/storage.pb.go:330.2,330.10 1 0
github.com/CCoupel/GhostDrive/plugins/proto/storage.pb.go:333.57,334.14 1 0
github.com/CCoupel/GhostDrive/plugins/proto/storage.pb.go:334.14,336.3 1 0
github.com/CCoupel/GhostDrive/plugins/proto/storage.pb.go:337.2,337.10 1 0
github.com/CCoupel/GhostDrive/plugins/proto/storage.pb.go:340.49,341.14 1 0
github.com/CCoupel/GhostDrive/plugins/proto/storage.pb.go:341.14,343.3 1 0
github.com/CCoupel/GhostDrive/plugins/proto/storage.pb.go:344.2,344.14 1 0
github.com/CCoupel/GhostDrive/plugins/proto/storage.pb.go:362.31,367.2 4 0
github.com/CCoupel/GhostDrive/plugins/proto/storage.pb.go:369.39,371.2 1 0
github.com/CCoupel/GhostDrive/plugins/proto/storage.pb.go:373.37,373.38 0 0
github.com/CCoupel/GhostDrive/plugins/proto/storage.pb.go:375.59,377.14 2 0
github.com/CCoupel/GhostDrive/plugins/proto/storage.pb.go:377.14,379.34 2 0
github.com/CCoupel/GhostDrive/plugins/proto/storage.pb.go:379.34,381.4 1 0
github.com/CCoupel/GhostDrive/plugins/proto/storage.pb.go:382.3,382.12 1 0
github.com/CCoupel/GhostDrive/plugins/proto/storage.pb.go:384.2,384.24 1 0
github.com/CCoupel/GhostDrive/plugins/proto/storage.pb.go:388.50,390.2 1 0
github.com/CCoupel/GhostDrive/plugins/proto/storage.pb.go:392.45,393.14 1 0
github.com/CCoupel/GhostDrive/plugins/proto/storage.pb.go:393.14,395.3 1 0
github.com/CCoupel/GhostDrive/plugins/proto/storage.pb.go:396.2,396.11 1 0
github.com/CCoupel/GhostDrive/plugins/proto/storage.pb.go:399.46,400.14 1 0
github.com/CCoupel/GhostDrive/plugins/proto/storage.pb.go:400.14,402.3 1 0
github.com/CCoupel/GhostDrive/plugins/proto/storage.pb.go:403.2,403.11 1 0
github.com/CCoupel/GhostDrive/plugins/proto/storage.pb.go:406.45,407.14 1 0
github.com/CCoupel/GhostDrive/plugins/proto/storage.pb.go:407.14,409.3 1 0
github.com/CCoupel/GhostDrive/plugins/proto/storage.pb.go:410.2,410.10 1 0
github.com/CCoupel/GhostDrive/plugins/proto/storage.pb.go:413.40,414.14 1 0
github.com/CCoupel/GhostDrive/plugins/proto/storage.pb.go:414.14,416.3 1 0
github.com/CCoupel/GhostDrive/plugins/proto/storage.pb.go:417.2,417.12 1 0
github.com/CCoupel/GhostDrive/plugins/proto/storage.pb.go:428.32,433.2 4 0
github.com/CCoupel/GhostDrive/plugins/proto/storage.pb.go:435.40,437.2 1 0
github.com/CCoupel/GhostDrive/plugins/proto/storage.pb.go:439.38,439.39 0 0
github.com/CCoupel/GhostDrive/plugins/proto/storage.pb.go:441.60,443.14 2 0
github.com/CCoupel/GhostDrive/plugins/proto/storage.pb.go:443.14,445.34 2 0
github.com/CCoupel/GhostDrive/plugins/proto/storage.pb.go:445.34,447.4 1 0
github.com/CCoupel/GhostDrive/plugins/proto/storage.pb.go:448.3,448.12 1 0
github.com/CCoupel/GhostDrive/plugins/proto/storage.pb.go:450.2,450.24 1 0
github.com/CCoupel/GhostDrive/plugins/proto/storage.pb.go:454.51,456.2 1 0
github.com/CCoupel/GhostDrive/plugins/proto/storage.pb.go:458.42,459.14 1 0
github.com/CCoupel/GhostDrive/plugins/proto/storage.pb.go:459.14,461.3 1 0
github.com/CCoupel/GhostDrive/plugins/proto/storage.pb.go:462.2,462.11 1 0
github.com/CCoupel/GhostDrive/plugins/proto/storage.pb.go:474.35,479.2 4 0
github.com/CCoupel/GhostDrive/plugins/proto/storage.pb.go:481.43,483.2 1 0
github.com/CCoupel/GhostDrive/plugins/proto/storage.pb.go:485.41,485.42 0 0
github.com/CCoupel/GhostDrive/plugins/proto/storage.pb.go:487.63,489.14 2 0
github.com/CCoupel/GhostDrive/plugins/proto/storage.pb.go:489.14,491.34 2 0
github.com/CCoupel/GhostDrive/plugins/proto/storage.pb.go:491.34,493.4 1 0
github.com/CCoupel/GhostDrive/plugins/proto/storage.pb.go:494.3,494.12 1 0
github.com/CCoupel/GhostDrive/plugins/proto/storage.pb.go:496.2,496.24 1 0
github.com/CCoupel/GhostDrive/plugins/proto/storage.pb.go:500.54,502.2 1 0
github.com/CCoupel/GhostDrive/plugins/proto/storage.pb.go:504.50,505.14 1 0
github.com/CCoupel/GhostDrive/plugins/proto/storage.pb.go:505.14,507.3 1 0
github.com/CCoupel/GhostDrive/plugins/proto/storage.pb.go:508.2,508.11 1 0
github.com/CCoupel/GhostDrive/plugins/proto/storage.pb.go:511.49,512.14 1 0
github.com/CCoupel/GhostDrive/plugins/proto/storage.pb.go:512.14,514.3 1 0
github.com/CCoupel/GhostDrive/plugins/proto/storage.pb.go:515.2,515.11 1 0
github.com/CCoupel/GhostDrive/plugins/proto/storage.pb.go:529.33,534.2 4 0
github.com/CCoupel/GhostDrive/plugins/proto/storage.pb.go:536.41,538.2 1 0
github.com/CCoupel/GhostDrive/plugins/proto/storage.pb.go:540.39,540.40 0 0
github.com/CCoupel/GhostDrive/plugins/proto/storage.pb.go:542.61,544.14 2 0
github.com/CCoupel/GhostDrive/plugins/proto/storage.pb.go:544.14,546.34 2 0
github.com/CCoupel/GhostDrive/plugins/proto/storage.pb.go:546.34,548.4 1 0
github.com/CCoupel/GhostDrive/plugins/proto/storage.pb.go:549.3,549.12 1 0
github.com/CCoupel/GhostDrive/plugins/proto/storage.pb.go:551.2,551.24 1 0
github.com/CCoupel/GhostDrive/plugins/proto/storage.pb.go:555.52,557.2 1 0
github.com/CCoupel/GhostDrive/plugins/proto/storage.pb.go:559.42,560.14 1 0
github.com/CCoupel/GhostDrive/plugins/proto/storage.pb.go:560.14,562.3 1 0
github.com/CCoupel/GhostDrive/plugins/proto/storage.pb.go:563.2,563.12 1 0
github.com/CCoupel/GhostDrive/plugins/proto/storage.pb.go:566.46,567.14 1 0
github.com/CCoupel/GhostDrive/plugins/proto/storage.pb.go:567.14,569.3 1 0
github.com/CCoupel/GhostDrive/plugins/proto/storage.pb.go:570.2,570.10 1 0
github.com/CCoupel/GhostDrive/plugins/proto/storage.pb.go:573.47,574.14 1 0
github.com/CCoupel/GhostDrive/plugins/proto/storage.pb.go:574.14,576.3 1 0
github.com/CCoupel/GhostDrive/plugins/proto/storage.pb.go:577.2,577.10 1 0
github.com/CCoupel/GhostDrive/plugins/proto/storage.pb.go:580.43,581.14 1 0
github.com/CCoupel/GhostDrive/plugins/proto/storage.pb.go:581.14,583.3 1 0
github.com/CCoupel/GhostDrive/plugins/proto/storage.pb.go:584.2,584.11 1 0
github.com/CCoupel/GhostDrive/plugins/proto/storage.pb.go:593.31,598.2 4 0
github.com/CCoupel/GhostDrive/plugins/proto/storage.pb.go:600.39,602.2 1 0
github.com/CCoupel/GhostDrive/plugins/proto/storage.pb.go:604.37,604.38 0 0
github.com/CCoupel/GhostDrive/plugins/proto/storage.pb.go:606.59,608.14 2 0
github.com/CCoupel/GhostDrive/plugins/proto/storage.pb.go:608.14,610.34 2 0
github.com/CCoupel/GhostDrive/plugins/proto/storage.pb.go:610.34,612.4 1 0
github.com/CCoupel/GhostDrive/plugins/proto/storage.pb.go:613.3,613.12 1 0
github.com/CCoupel/GhostDrive/plugins/proto/storage.pb.go:615.2,615.24 1 0
github.com/CCoupel/GhostDrive/plugins/proto/storage.pb.go:619.50,621.2 1 0
github.com/CCoupel/GhostDrive/plugins/proto/storage.pb.go:630.32,635.2 4 0
github.com/CCoupel/GhostDrive/plugins/proto/storage.pb.go:637.40,639.2 1 0
github.com/CCoupel/GhostDrive/plugins/proto/storage.pb.go:641.38,641.39 0 0
github.com/CCoupel/GhostDrive/plugins/proto/storage.pb.go:643.60,645.14 2 0
github.com/CCoupel/GhostDrive/plugins/proto/storage.pb.go:645.14,647.34 2 0
github.com/CCoupel/GhostDrive/plugins/proto/storage.pb.go:647.34,649.4 1 0
github.com/CCoupel/GhostDrive/plugins/proto/storage.pb.go:650.3,650.12 1 0
github.com/CCoupel/GhostDrive/plugins/proto/storage.pb.go:652.2,652.24 1 0
github.com/CCoupel/GhostDrive/plugins/proto/storage.pb.go:656.51,658.2 1 0
github.com/CCoupel/GhostDrive/plugins/proto/storage.pb.go:660.41,661.14 1 0
github.com/CCoupel/GhostDrive/plugins/proto/storage.pb.go:661.14,663.3 1 0
github.com/CCoupel/GhostDrive/plugins/proto/storage.pb.go:664.2,664.11 1 0
github.com/CCoupel/GhostDrive/plugins/proto/storage.pb.go:674.34,679.2 4 0
github.com/CCoupel/GhostDrive/plugins/proto/storage.pb.go:681.42,683.2 1 0
github.com/CCoupel/GhostDrive/plugins/proto/storage.pb.go:685.40,685.41 0 0
github.com/CCoupel/GhostDrive/plugins/proto/storage.pb.go:687.62,689.14 2 0
github.com/CCoupel/GhostDrive/plugins/proto/storage.pb.go:689.14,691.34 2 0
github.com/CCoupel/GhostDrive/plugins/proto/storage.pb.go:691.34,693.4 1 0
github.com/CCoupel/GhostDrive/plugins/proto/storage.pb.go:694.3,694.12 1 0
github.com/CCoupel/GhostDrive/plugins/proto/storage.pb.go:696.2,696.24 1 0
github.com/CCoupel/GhostDrive/plugins/proto/storage.pb.go:700.53,702.2 1 0
github.com/CCoupel/GhostDrive/plugins/proto/storage.pb.go:704.58,705.14 1 0
github.com/CCoupel/GhostDrive/plugins/proto/storage.pb.go:705.14,707.3 1 0
github.com/CCoupel/GhostDrive/plugins/proto/storage.pb.go:708.2,708.12 1 0
github.com/CCoupel/GhostDrive/plugins/proto/storage.pb.go:718.35,723.2 4 0
github.com/CCoupel/GhostDrive/plugins/proto/storage.pb.go:725.43,727.2 1 0
github.com/CCoupel/GhostDrive/plugins/proto/storage.pb.go:729.41,729.42 0 0
github.com/CCoupel/GhostDrive/plugins/proto/storage.pb.go:731.63,733.14 2 0
github.com/CCoupel/GhostDrive/plugins/proto/storage.pb.go:733.14,735.34 2 0
github.com/CCoupel/GhostDrive/plugins/proto/storage.pb.go:735.34,737.4 1 0
github.com/CCoupel/GhostDrive/plugins/proto/storage.pb.go:738.3,738.12 1 0
github.com/CCoupel/GhostDrive/plugins/proto/storage.pb.go:740.2,740.24 1 0
github.com/CCoupel/GhostDrive/plugins/proto/storage.pb.go:744.54,746.2 1 0
github.com/CCoupel/GhostDrive/plugins/proto/storage.pb.go:748.45,749.14 1 0
github.com/CCoupel/GhostDrive/plugins/proto/storage.pb.go:749.14,751.3 1 0
github.com/CCoupel/GhostDrive/plugins/proto/storage.pb.go:752.2,752.11 1 0
github.com/CCoupel/GhostDrive/plugins/proto/storage.pb.go:761.37,766.2 4 0
github.com/CCoupel/GhostDrive/plugins/proto/storage.pb.go:768.45,770.2 1 0
github.com/CCoupel/GhostDrive/plugins/proto/storage.pb.go:772.43,772.44 0 0
github.com/CCoupel/GhostDrive/plugins/proto/storage.pb.go:774.65,776.14 2 0
github.com/CCoupel/GhostDrive/plugins/proto/storage.pb.go:776.14,778.34 2 0
github.com/CCoupel/GhostDrive/plugins/proto/storage.pb.go:778.34,780.4 1 0
github.com/CCoupel/GhostDrive/plugins/proto/storage.pb.go:781.3,781.12 1 0
github.com/CCoupel/GhostDrive/plugins/proto/storage.pb.go:783.2,783.24 1 0
github.com/CCoupel/GhostDrive/plugins/proto/storage.pb.go:787.56,789.2 1 0
github.com/CCoupel/GhostDrive/plugins/proto/storage.pb.go:798.38,803.2 4 0
github.com/CCoupel/GhostDrive/plugins/proto/storage.pb.go:805.46,807.2 1 0
github.com/CCoupel/GhostDrive/plugins/proto/storage.pb.go:809.44,809.45 0 0
github.com/CCoupel/GhostDrive/plugins/proto/storage.pb.go:811.66,813.14 2 0
github.com/CCoupel/GhostDrive/plugins/proto/storage.pb.go:813.14,815.34 2 0
github.com/CCoupel/GhostDrive/plugins/proto/storage.pb.go:815.34,817.4 1 0
github.com/CCoupel/GhostDrive/plugins/proto/storage.pb.go:818.3,818.12 1 0
github.com/CCoupel/GhostDrive/plugins/proto/storage.pb.go:820.2,820.24 1 0
github.com/CCoupel/GhostDrive/plugins/proto/storage.pb.go:824.57,826.2 1 0
github.com/CCoupel/GhostDrive/plugins/proto/storage.pb.go:828.48,829.14 1 0
github.com/CCoupel/GhostDrive/plugins/proto/storage.pb.go:829.14,831.3 1 0
github.com/CCoupel/GhostDrive/plugins/proto/storage.pb.go:832.2,832.11 1 0
github.com/CCoupel/GhostDrive/plugins/proto/storage.pb.go:841.38,846.2 4 0
github.com/CCoupel/GhostDrive/plugins/proto/storage.pb.go:848.46,850.2 1 0
github.com/CCoupel/GhostDrive/plugins/proto/storage.pb.go:852.44,852.45 0 0
github.com/CCoupel/GhostDrive/plugins/proto/storage.pb.go:854.66,856.14 2 0
github.com/CCoupel/GhostDrive/plugins/proto/storage.pb.go:856.14,858.34 2 0
github.com/CCoupel/GhostDrive/plugins/proto/storage.pb.go:858.34,860.4 1 0
github.com/CCoupel/GhostDrive/plugins/proto/storage.pb.go:861.3,861.12 1 0
github.com/CCoupel/GhostDrive/plugins/proto/storage.pb.go:863.2,863.24 1 0
github.com/CCoupel/GhostDrive/plugins/proto/storage.pb.go:867.57,869.2 1 0
github.com/CCoupel/GhostDrive/plugins/proto/storage.pb.go:878.39,883.2 4 0
github.com/CCoupel/GhostDrive/plugins/proto/storage.pb.go:885.47,887.2 1 0
github.com/CCoupel/GhostDrive/plugins/proto/storage.pb.go:889.45,889.46 0 0
github.com/CCoupel/GhostDrive/plugins/proto/storage.pb.go:891.67,893.14 2 0
github.com/CCoupel/GhostDrive/plugins/proto/storage.pb.go:893.14,895.34 2 0
github.com/CCoupel/GhostDrive/plugins/proto/storage.pb.go:895.34,897.4 1 0
github.com/CCoupel/GhostDrive/plugins/proto/storage.pb.go:898.3,898.12 1 0
github.com/CCoupel/GhostDrive/plugins/proto/storage.pb.go:900.2,900.24 1 0
github.com/CCoupel/GhostDrive/plugins/proto/storage.pb.go:904.58,906.2 1 0
github.com/CCoupel/GhostDrive/plugins/proto/storage.pb.go:908.51,909.14 1 0
github.com/CCoupel/GhostDrive/plugins/proto/storage.pb.go:909.14,911.3 1 0
github.com/CCoupel/GhostDrive/plugins/proto/storage.pb.go:912.2,912.14 1 0
github.com/CCoupel/GhostDrive/plugins/proto/storage.pb.go:922.33,927.2 4 0
github.com/CCoupel/GhostDrive/plugins/proto/storage.pb.go:929.41,931.2 1 0
github.com/CCoupel/GhostDrive/plugins/proto/storage.pb.go:933.39,933.40 0 0
github.com/CCoupel/GhostDrive/plugins/proto/storage.pb.go:935.61,937.14 2 0
github.com/CCoupel/GhostDrive/plugins/proto/storage.pb.go:937.14,939.34 2 0
github.com/CCoupel/GhostDrive/plugins/proto/storage.pb.go:939.34,941.4 1 0
github.com/CCoupel/GhostDrive/plugins/proto/storage.pb.go:942.3,942.12 1 0
github.com/CCoupel/GhostDrive/plugins/proto/storage.pb.go:944.2,944.24 1 0
github.com/CCoupel/GhostDrive/plugins/proto/storage.pb.go:948.52,950.2 1 0
github.com/CCoupel/GhostDrive/plugins/proto/storage.pb.go:952.42,953.14 1 0
github.com/CCoupel/GhostDrive/plugins/proto/storage.pb.go:953.14,955.3 1 0
github.com/CCoupel/GhostDrive/plugins/proto/storage.pb.go:956.2,956.11 1 0
github.com/CCoupel/GhostDrive/plugins/proto/storage.pb.go:966.34,971.2 4 0
github.com/CCoupel/GhostDrive/plugins/proto/storage.pb.go:973.42,975.2 1 0
github.com/CCoupel/GhostDrive/plugins/proto/storage.pb.go:977.40,977.41 0 0
github.com/CCoupel/GhostDrive/plugins/proto/storage.pb.go:979.62,981.14 2 0
github.com/CCoupel/GhostDrive/plugins/proto/storage.pb.go:981.14,983.34 2 0
github.com/CCoupel/GhostDrive/plugins/proto/storage.pb.go:983.34,985.4 1 0
github.com/CCoupel/GhostDrive/plugins/proto/storage.pb.go:986.3,986.12 1 0
github.com/CCoupel/GhostDrive/plugins/proto/storage.pb.go:988.2,988.24 1 0
github.com/CCoupel/GhostDrive/plugins/proto/storage.pb.go:992.53,994.2 1 0
github.com/CCoupel/GhostDrive/plugins/proto/storage.pb.go:996.44,997.14 1 0
github.com/CCoupel/GhostDrive/plugins/proto/storage.pb.go:997.14,999.3 1 0
github.com/CCoupel/GhostDrive/plugins/proto/storage.pb.go:1000.2,1000.11 1 0
github.com/CCoupel/GhostDrive/plugins/proto/storage.pb.go:1011.31,1016.2 4 0
github.com/CCoupel/GhostDrive/plugins/proto/storage.pb.go:1018.39,1020.2 1 0
github.com/CCoupel/GhostDrive/plugins/proto/storage.pb.go:1022.37,1022.38 0 0
github.com/CCoupel/GhostDrive/plugins/proto/storage.pb.go:1024.59,1026.14 2 0
github.com/CCoupel/GhostDrive/plugins/proto/storage.pb.go:1026.14,1028.34 2 0
github.com/CCoupel/GhostDrive/plugins/proto/storage.pb.go:1028.34,1030.4 1 0
github.com/CCoupel/GhostDrive/plugins/proto/storage.pb.go:1031.3,1031.12 1 0
github.com/CCoupel/GhostDrive/plugins/proto/storage.pb.go:1033.2,1033.24 1 0
github.com/CCoupel/GhostDrive/plugins/proto/storage.pb.go:1037.50,1039.2 1 0
github.com/CCoupel/GhostDrive/plugins/proto/storage.pb.go:1041.43,1042.14 1 0
github.com/CCoupel/GhostDrive/plugins/proto/storage.pb.go:1042.14,1044.3 1 0
github.com/CCoupel/GhostDrive/plugins/proto/storage.pb.go:1045.2,1045.11 1 0
github.com/CCoupel/GhostDrive/plugins/proto/storage.pb.go:1048.43,1049.14 1 0
github.com/CCoupel/GhostDrive/plugins/proto/storage.pb.go:1049.14,1051.3 1 0
github.com/CCoupel/GhostDrive/plugins/proto/storage.pb.go:1052.2,1052.11 1 0
github.com/CCoupel/GhostDrive/plugins/proto/storage.pb.go:1062.32,1067.2 4 0
github.com/CCoupel/GhostDrive/plugins/proto/storage.pb.go:1069.40,1071.2 1 0
github.com/CCoupel/GhostDrive/plugins/proto/storage.pb.go:1073.38,1073.39 0 0
github.com/CCoupel/GhostDrive/plugins/proto/storage.pb.go:1075.60,1077.14 2 0
github.com/CCoupel/GhostDrive/plugins/proto/storage.pb.go:1077.14,1079.34 2 0
github.com/CCoupel/GhostDrive/plugins/proto/storage.pb.go:1079.34,1081.4 1 0
github.com/CCoupel/GhostDrive/plugins/proto/storage.pb.go:1082.3,1082.12 1 0
github.com/CCoupel/GhostDrive/plugins/proto/storage.pb.go:1084.2,1084.24 1 0
github.com/CCoupel/GhostDrive/plugins/proto/storage.pb.go:1088.51,1090.2 1 0
github.com/CCoupel/GhostDrive/plugins/proto/storage.pb.go:1092.42,1093.14 1 0
github.com/CCoupel/GhostDrive/plugins/proto/storage.pb.go:1093.14,1095.3 1 0
github.com/CCoupel/GhostDrive/plugins/proto/storage.pb.go:1096.2,1096.11 1 0
github.com/CCoupel/GhostDrive/plugins/proto/storage.pb.go:1106.31,1111.2 4 0
github.com/CCoupel/GhostDrive/plugins/proto/storage.pb.go:1113.39,1115.2 1 0
github.com/CCoupel/GhostDrive/plugins/proto/storage.pb.go:1117.37,1117.38 0 0
github.com/CCoupel/GhostDrive/plugins/proto/storage.pb.go:1119.59,1121.14 2 0
github.com/CCoupel/GhostDrive/plugins/proto/storage.pb.go:1121.14,1123.34 2 0
github.com/CCoupel/GhostDrive/plugins/proto/storage.pb.go:1123.34,1125.4 1 0
github.com/CCoupel/GhostDrive/plugins/proto/storage.pb.go:1126.3,1126.12 1 0
github.com/CCoupel/GhostDrive/plugins/proto/storage.pb.go:1128.2,1128.24 1 0
github.com/CCoupel/GhostDrive/plugins/proto/storage.pb.go:1132.50,1134.2 1 0
github.com/CCoupel/GhostDrive/plugins/proto/storage.pb.go:1136.40,1137.14 1 0
github.com/CCoupel/GhostDrive/plugins/proto/storage.pb.go:1137.14,1139.3 1 0
github.com/CCoupel/GhostDrive/plugins/proto/storage.pb.go:1140.2,1140.11 1 0
github.com/CCoupel/GhostDrive/plugins/proto/storage.pb.go:1151.32,1156.2 4 0
github.com/CCoupel/GhostDrive/plugins/proto/storage.pb.go:1158.40,1160.2 1 0
github.com/CCoupel/GhostDrive/plugins/proto/storage.pb.go:1162.38,1162.39 0 0
github.com/CCoupel/GhostDrive/plugins/proto/storage.pb.go:1164.60,1166.14 2 0
github.com/CCoupel/GhostDrive/plugins/proto/storage.pb.go:1166.14,1168.34 2 0
github.com/CCoupel/GhostDrive/plugins/proto/storage.pb.go:1168.34,1170.4 1 0
github.com/CCoupel/GhostDrive/plugins/proto/storage.pb.go:1171.3,1171.12 1 0
github.com/CCoupel/GhostDrive/plugins/proto/storage.pb.go:1173.2,1173.24 1 0
github.com/CCoupel/GhostDrive/plugins/proto/storage.pb.go:1177.51,1179.2 1 0
github.com/CCoupel/GhostDrive/plugins/proto/storage.pb.go:1181.52,1182.14 1 0
github.com/CCoupel/GhostDrive/plugins/proto/storage.pb.go:1182.14,1184.3 1 0
github.com/CCoupel/GhostDrive/plugins/proto/storage.pb.go:1185.2,1185.12 1 0
github.com/CCoupel/GhostDrive/plugins/proto/storage.pb.go:1188.42,1189.14 1 0
github.com/CCoupel/GhostDrive/plugins/proto/storage.pb.go:1189.14,1191.3 1 0
github.com/CCoupel/GhostDrive/plugins/proto/storage.pb.go:1192.2,1192.11 1 0
github.com/CCoupel/GhostDrive/plugins/proto/storage.pb.go:1202.31,1207.2 4 0
github.com/CCoupel/GhostDrive/plugins/proto/storage.pb.go:1209.39,1211.2 1 0
github.com/CCoupel/GhostDrive/plugins/proto/storage.pb.go:1213.37,1213.38 0 0
github.com/CCoupel/GhostDrive/plugins/proto/storage.pb.go:1215.59,1217.14 2 0
github.com/CCoupel/GhostDrive/plugins/proto/storage.pb.go:1217.14,1219.34 2 0
github.com/CCoupel/GhostDrive/plugins/proto/storage.pb.go:1219.34,1221.4 1 0
github.com/CCoupel/GhostDrive/plugins/proto/storage.pb.go:1222.3,1222.12 1 0
github.com/CCoupel/GhostDrive/plugins/proto/storage.pb.go:1224.2,1224.24 1 0
github.com/CCoupel/GhostDrive/plugins/proto/storage.pb.go:1228.50,1230.2 1 0
github.com/CCoupel/GhostDrive/plugins/proto/storage.pb.go:1232.40,1233.14 1 0
github.com/CCoupel/GhostDrive/plugins/proto/storage.pb.go:1233.14,1235.3 1 0
github.com/CCoupel/GhostDrive/plugins/proto/storage.pb.go:1236.2,1236.11 1 0
github.com/CCoupel/GhostDrive/plugins/proto/storage.pb.go:1247.32,1252.2 4 0
github.com/CCoupel/GhostDrive/plugins/proto/storage.pb.go:1254.40,1256.2 1 0
github.com/CCoupel/GhostDrive/plugins/proto/storage.pb.go:1258.38,1258.39 0 0
github.com/CCoupel/GhostDrive/plugins/proto/storage.pb.go:1260.60,1262.14 2 0
github.com/CCoupel/GhostDrive/plugins/proto/storage.pb.go:1262.14,1264.34 2 0
github.com/CCoupel/GhostDrive/plugins/proto/storage.pb.go:1264.34,1266.4 1 0
github.com/CCoupel/GhostDrive/plugins/proto/storage.pb.go:1267.3,1267.12 1 0
github.com/CCoupel/GhostDrive/plugins/proto/storage.pb.go:1269.2,1269.24 1 0
github.com/CCoupel/GhostDrive/plugins/proto/storage.pb.go:1273.51,1275.2 1 0
github.com/CCoupel/GhostDrive/plugins/proto/storage.pb.go:1277.49,1278.14 1 0
github.com/CCoupel/GhostDrive/plugins/proto/storage.pb.go:1278.14,1280.3 1 0
github.com/CCoupel/GhostDrive/plugins/proto/storage.pb.go:1281.2,1281.12 1 0
github.com/CCoupel/GhostDrive/plugins/proto/storage.pb.go:1284.42,1285.14 1 0
github.com/CCoupel/GhostDrive/plugins/proto/storage.pb.go:1285.14,1287.3 1 0
github.com/CCoupel/GhostDrive/plugins/proto/storage.pb.go:1288.2,1288.11 1 0
github.com/CCoupel/GhostDrive/plugins/proto/storage.pb.go:1298.36,1303.2 4 0
github.com/CCoupel/GhostDrive/plugins/proto/storage.pb.go:1305.44,1307.2 1 0
github.com/CCoupel/GhostDrive/plugins/proto/storage.pb.go:1309.42,1309.43 0 0
github.com/CCoupel/GhostDrive/plugins/proto/storage.pb.go:1311.64,1313.14 2 0
github.com/CCoupel/GhostDrive/plugins/proto/storage.pb.go:1313.14,1315.34 2 0
github.com/CCoupel/GhostDrive/plugins/proto/storage.pb.go:1315.34,1317.4 1 0
github.com/CCoupel/GhostDrive/plugins/proto/storage.pb.go:1318.3,1318.12 1 0
github.com/CCoupel/GhostDrive/plugins/proto/storage.pb.go:1320.2,1320.24 1 0
github.com/CCoupel/GhostDrive/plugins/proto/storage.pb.go:1324.55,1326.2 1 0
github.com/CCoupel/GhostDrive/plugins/proto/storage.pb.go:1328.45,1329.14 1 0
github.com/CCoupel/GhostDrive/plugins/proto/storage.pb.go:1329.14,1331.3 1 0
github.com/CCoupel/GhostDrive/plugins/proto/storage.pb.go:1332.2,1332.11 1 0
github.com/CCoupel/GhostDrive/plugins/proto/storage.pb.go:1342.37,1347.2 4 0
github.com/CCoupel/GhostDrive/plugins/proto/storage.pb.go:1349.45,1351.2 1 0
github.com/CCoupel/GhostDrive/plugins/proto/storage.pb.go:1353.43,1353.44 0 0
github.com/CCoupel/GhostDrive/plugins/proto/storage.pb.go:1355.65,1357.14 2 0
github.com/CCoupel/GhostDrive/plugins/proto/storage.pb.go:1357.14,1359.34 2 0
github.com/CCoupel/GhostDrive/plugins/proto/storage.pb.go:1359.34,1361.4 1 0
github.com/CCoupel/GhostDrive/plugins/proto/storage.pb.go:1362.3,1362.12 1 0
github.com/CCoupel/GhostDrive/plugins/proto/storage.pb.go:1364.2,1364.24 1 0
github.com/CCoupel/GhostDrive/plugins/proto/storage.pb.go:1368.56,1370.2 1 0
github.com/CCoupel/GhostDrive/plugins/proto/storage.pb.go:1372.47,1373.14 1 0
github.com/CCoupel/GhostDrive/plugins/proto/storage.pb.go:1373.14,1375.3 1 0
github.com/CCoupel/GhostDrive/plugins/proto/storage.pb.go:1376.2,1376.11 1 0
github.com/CCoupel/GhostDrive/plugins/proto/storage.pb.go:1388.31,1393.2 4 0
github.com/CCoupel/GhostDrive/plugins/proto/storage.pb.go:1395.39,1397.2 1 0
github.com/CCoupel/GhostDrive/plugins/proto/storage.pb.go:1399.37,1399.38 0 0
github.com/CCoupel/GhostDrive/plugins/proto/storage.pb.go:1401.59,1403.14 2 0
github.com/CCoupel/GhostDrive/plugins/proto/storage.pb.go:1403.14,1405.34 2 0
github.com/CCoupel/GhostDrive/plugins/proto/storage.pb.go:1405.34,1407.4 1 0
github.com/CCoupel/GhostDrive/plugins/proto/storage.pb.go:1408.3,1408.12 1 0
github.com/CCoupel/GhostDrive/plugins/proto/storage.pb.go:1410.2,1410.24 1 0
github.com/CCoupel/GhostDrive/plugins/proto/storage.pb.go:1414.50,1416.2 1 0
github.com/CCoupel/GhostDrive/plugins/proto/storage.pb.go:1418.43,1419.14 1 0
github.com/CCoupel/GhostDrive/plugins/proto/storage.pb.go:1419.14,1421.3 1 0
github.com/CCoupel/GhostDrive/plugins/proto/storage.pb.go:1422.2,1422.11 1 0
github.com/CCoupel/GhostDrive/plugins/proto/storage.pb.go:1425.43,1426.14 1 0
github.com/CCoupel/GhostDrive/plugins/proto/storage.pb.go:1426.14,1428.3 1 0
github.com/CCoupel/GhostDrive/plugins/proto/storage.pb.go:1429.2,1429.11 1 0
github.com/CCoupel/GhostDrive/plugins/proto/storage.pb.go:1439.32,1444.2 4 0
github.com/CCoupel/GhostDrive/plugins/proto/storage.pb.go:1446.40,1448.2 1 0
github.com/CCoupel/GhostDrive/plugins/proto/storage.pb.go:1450.38,1450.39 0 0
github.com/CCoupel/GhostDrive/plugins/proto/storage.pb.go:1452.60,1454.14 2 0
github.com/CCoupel/GhostDrive/plugins/proto/storage.pb.go:1454.14,1456.34 2 0
github.com/CCoupel/GhostDrive/plugins/proto/storage.pb.go:1456.34,1458.4 1 0
github.com/CCoupel/GhostDrive/plugins/proto/storage.pb.go:1459.3,1459.12 1 0
github.com/CCoupel/GhostDrive/plugins/proto/storage.pb.go:1461.2,1461.24 1 0
github.com/CCoupel/GhostDrive/plugins/proto/storage.pb.go:1465.51,1467.2 1 0
github.com/CCoupel/GhostDrive/plugins/proto/storage.pb.go:1469.42,1470.14 1 0
github.com/CCoupel/GhostDrive/plugins/proto/storage.pb.go:1470.14,1472.3 1 0
github.com/CCoupel/GhostDrive/plugins/proto/storage.pb.go:1473.2,1473.11 1 0
github.com/CCoupel/GhostDrive/plugins/proto/storage.pb.go:1483.32,1488.2 4 0
github.com/CCoupel/GhostDrive/plugins/proto/storage.pb.go:1490.40,1492.2 1 0
github.com/CCoupel/GhostDrive/plugins/proto/storage.pb.go:1494.38,1494.39 0 0
github.com/CCoupel/GhostDrive/plugins/proto/storage.pb.go:1496.60,1498.14 2 0
github.com/CCoupel/GhostDrive/plugins/proto/storage.pb.go:1498.14,1500.34 2 0
github.com/CCoupel/GhostDrive/plugins/proto/storage.pb.go:1500.34,1502.4 1 0
github.com/CCoupel/GhostDrive/plugins/proto/storage.pb.go:1503.3,1503.12 1 0
github.com/CCoupel/GhostDrive/plugins/proto/storage.pb.go:1505.2,1505.24 1 0
github.com/CCoupel/GhostDrive/plugins/proto/storage.pb.go:1509.51,1511.2 1 0
github.com/CCoupel/GhostDrive/plugins/proto/storage.pb.go:1513.41,1514.14 1 0
github.com/CCoupel/GhostDrive/plugins/proto/storage.pb.go:1514.14,1516.3 1 0
github.com/CCoupel/GhostDrive/plugins/proto/storage.pb.go:1517.2,1517.11 1 0
github.com/CCoupel/GhostDrive/plugins/proto/storage.pb.go:1529.30,1534.2 4 0
github.com/CCoupel/GhostDrive/plugins/proto/storage.pb.go:1536.38,1538.2 1 0
github.com/CCoupel/GhostDrive/plugins/proto/storage.pb.go:1540.36,1540.37 0 0
github.com/CCoupel/GhostDrive/plugins/proto/storage.pb.go:1542.58,1544.14 2 0
github.com/CCoupel/GhostDrive/plugins/proto/storage.pb.go:1544.14,1546.34 2 0
github.com/CCoupel/GhostDrive/plugins/proto/storage.pb.go:1546.34,1548.4 1 0
github.com/CCoupel/GhostDrive/plugins/proto/storage.pb.go:1549.3,1549.12 1 0
github.com/CCoupel/GhostDrive/plugins/proto/storage.pb.go:1551.2,1551.24 1 0
github.com/CCoupel/GhostDrive/plugins/proto/storage.pb.go:1555.49,1557.2 1 0
github.com/CCoupel/GhostDrive/plugins/proto/storage.pb.go:1559.49,1560.14 1 0
github.com/CCoupel/GhostDrive/plugins/proto/storage.pb.go:1560.14,1562.3 1 0
github.com/CCoupel/GhostDrive/plugins/proto/storage.pb.go:1563.2,1563.12 1 0
github.com/CCoupel/GhostDrive/plugins/proto/storage.pb.go:1566.40,1567.14 1 0
github.com/CCoupel/GhostDrive/plugins/proto/storage.pb.go:1567.14,1569.3 1 0
github.com/CCoupel/GhostDrive/plugins/proto/storage.pb.go:1570.2,1570.11 1 0
github.com/CCoupel/GhostDrive/plugins/proto/storage.pb.go:1579.32,1584.2 4 0
github.com/CCoupel/GhostDrive/plugins/proto/storage.pb.go:1586.40,1588.2 1 0
github.com/CCoupel/GhostDrive/plugins/proto/storage.pb.go:1590.38,1590.39 0 0
github.com/CCoupel/GhostDrive/plugins/proto/storage.pb.go:1592.60,1594.14 2 0
github.com/CCoupel/GhostDrive/plugins/proto/storage.pb.go:1594.14,1596.34 2 0
github.com/CCoupel/GhostDrive/plugins/proto/storage.pb.go:1596.34,1598.4 1 0
github.com/CCoupel/GhostDrive/plugins/proto/storage.pb.go:1599.3,1599.12 1 0
github.com/CCoupel/GhostDrive/plugins/proto/storage.pb.go:1601.2,1601.24 1 0
github.com/CCoupel/GhostDrive/plugins/proto/storage.pb.go:1605.51,1607.2 1 0
github.com/CCoupel/GhostDrive/plugins/proto/storage.pb.go:1622.33,1627.2 4 0
github.com/CCoupel/GhostDrive/plugins/proto/storage.pb.go:1629.41,1631.2 1 0
github.com/CCoupel/GhostDrive/plugins/proto/storage.pb.go:1633.39,1633.40 0 0
github.com/CCoupel/GhostDrive/plugins/proto/storage.pb.go:1635.61,1637.14 2 0
github.com/CCoupel/GhostDrive/plugins/proto/storage.pb.go:1637.14,1639.34 2 0
github.com/CCoupel/GhostDrive/plugins/proto/storage.pb.go:1639.34,1641.4 1 0
github.com/CCoupel/GhostDrive/plugins/proto/storage.pb.go:1642.3,1642.12 1 0
github.com/CCoupel/GhostDrive/plugins/proto/storage.pb.go:1644.2,1644.24 1 0
github.com/CCoupel/GhostDrive/plugins/proto/storage.pb.go:1648.52,1650.2 1 0
github.com/CCoupel/GhostDrive/plugins/proto/storage.pb.go:1652.41,1653.14 1 0
github.com/CCoupel/GhostDrive/plugins/proto/storage.pb.go:1653.14,1655.3 1 0
github.com/CCoupel/GhostDrive/plugins/proto/storage.pb.go:1656.2,1656.10 1 0
github.com/CCoupel/GhostDrive/plugins/proto/storage.pb.go:1659.42,1660.14 1 0
github.com/CCoupel/GhostDrive/plugins/proto/storage.pb.go:1660.14,1662.3 1 0
github.com/CCoupel/GhostDrive/plugins/proto/storage.pb.go:1663.2,1663.10 1 0
github.com/CCoupel/GhostDrive/plugins/proto/storage.pb.go:1666.43,1667.14 1 0
github.com/CCoupel/GhostDrive/plugins/proto/storage.pb.go:1667.14,1669.3 1 0
github.com/CCoupel/GhostDrive/plugins/proto/storage.pb.go:1670.2,1670.11 1 0
github.com/CCoupel/GhostDrive/plugins/proto/storage.pb.go:1683.33,1688.2 4 0
github.com/CCoupel/GhostDrive/plugins/proto/storage.pb.go:1690.41,1692.2 1 0
github.com/CCoupel/GhostDrive/plugins/proto/storage.pb.go:1694.39,1694.40 0 0
github.com/CCoupel/GhostDrive/plugins/proto/storage.pb.go:1696.61,1698.14 2 0
github.com/CCoupel/GhostDrive/plugins/proto/storage.pb.go:1698.14,1700.34 2 0
github.com/CCoupel/GhostDrive/plugins/proto/storage.pb.go:1700.34,1702.4 1 0
github.com/CCoupel/GhostDrive/plugins/proto/storage.pb.go:1703.3,1703.12 1 0
github.com/CCoupel/GhostDrive/plugins/proto/storage.pb.go:1705.2,1705.24 1 0
github.com/CCoupel/GhostDrive/plugins/proto/storage.pb.go:1709.52,1711.2 1 0
github.com/CCoupel/GhostDrive/plugins/proto/storage.pb.go:1713.48,1714.14 1 0
github.com/CCoupel/GhostDrive/plugins/proto/storage.pb.go:1714.14,1716.3 1 0
github.com/CCoupel/GhostDrive/plugins/proto/storage.pb.go:1717.2,1717.11 1 0
github.com/CCoupel/GhostDrive/plugins/proto/storage.pb.go:1720.43,1721.14 1 0
github.com/CCoupel/GhostDrive/plugins/proto/storage.pb.go:1721.14,1723.3 1 0
github.com/CCoupel/GhostDrive/plugins/proto/storage.pb.go:1724.2,1724.10 1 0
github.com/CCoupel/GhostDrive/plugins/proto/storage.pb.go:1727.43,1728.14 1 0
github.com/CCoupel/GhostDrive/plugins/proto/storage.pb.go:1728.14,1730.3 1 0
github.com/CCoupel/GhostDrive/plugins/proto/storage.pb.go:1731.2,1731.10 1 0
github.com/CCoupel/GhostDrive/plugins/proto/storage.pb.go:1743.34,1748.2 4 0
github.com/CCoupel/GhostDrive/plugins/proto/storage.pb.go:1750.42,1752.2 1 0
github.com/CCoupel/GhostDrive/plugins/proto/storage.pb.go:1754.40,1754.41 0 0
github.com/CCoupel/GhostDrive/plugins/proto/storage.pb.go:1756.62,1758.14 2 0
github.com/CCoupel/GhostDrive/plugins/proto/storage.pb.go:1758.14,1760.34 2 0
github.com/CCoupel/GhostDrive/plugins/proto/storage.pb.go:1760.34,1762.4 1 0
github.com/CCoupel/GhostDrive/plugins/proto/storage.pb.go:1763.3,1763.12 1 0
github.com/CCoupel/GhostDrive/plugins/proto/storage.pb.go:1765.2,1765.24 1 0
github.com/CCoupel/GhostDrive/plugins/proto/storage.pb.go:1769.53,1771.2 1 0
github.com/CCoupel/GhostDrive/plugins/proto/storage.pb.go:1773.43,1774.14 1 0
github.com/CCoupel/GhostDrive/plugins/proto/storage.pb.go:1774.14,1776.3 1 0
github.com/CCoupel/GhostDrive/plugins/proto/storage.pb.go:1777.2,1777.12 1 0
github.com/CCoupel/GhostDrive/plugins/proto/storage.pb.go:1780.44,1781.14 1 0
github.com/CCoupel/GhostDrive/plugins/proto/storage.pb.go:1781.14,1783.3 1 0
github.com/CCoupel/GhostDrive/plugins/proto/storage.pb.go:1784.2,1784.11 1 0
github.com/CCoupel/GhostDrive/plugins/proto/storage.pb.go:1794.36,1799.2 4 0
github.com/CCoupel/GhostDrive/plugins/proto/storage.pb.go:1801.44,1803.2 1 0
github.com/CCoupel/GhostDrive/plugins/proto/storage.pb.go:1805.42,1805.43 0 0
github.com/CCoupel/GhostDrive/plugins/proto/storage.pb.go:1807.64,1809.14 2 0
github.com/CCoupel/GhostDrive/plugins/proto/storage.pb.go:1809.14,1811.34 2 0
github.com/CCoupel/GhostDrive/plugins/proto/storage.pb.go:1811.34,1813.4 1 0
github.com/CCoupel/GhostDrive/plugins/proto/storage.pb.go:1814.3,1814.12 1 0
github.com/CCoupel/GhostDrive/plugins/proto/storage.pb.go:1816.2,1816.24 1 0
github.com/CCoupel/GhostDrive/plugins/proto/storage.pb.go:1820.55,1822.2 1 0
github.com/CCoupel/GhostDrive/plugins/proto/storage.pb.go:1833.37,1838.2 4 0
github.com/CCoupel/GhostDrive/plugins/proto/storage.pb.go:1840.45,1842.2 1 0
github.com/CCoupel/GhostDrive/plugins/proto/storage.pb.go:1844.43,1844.44 0 0
github.com/CCoupel/GhostDrive/plugins/proto/storage.pb.go:1846.65,1848.14 2 0
github.com/CCoupel/GhostDrive/plugins/proto/storage.pb.go:1848.14,1850.34 2 0
github.com/CCoupel/GhostDrive/plugins/proto/storage.pb.go:1850.34,1852.4 1 0
github.com/CCoupel/GhostDrive/plugins/proto/storage.pb.go:1853.3,1853.12 1 0
github.com/CCoupel/GhostDrive/plugins/proto/storage.pb.go:1855.2,1855.24 1 0
github.com/CCoupel/GhostDrive/plugins/proto/storage.pb.go:1859.56,1861.2 1 0
github.com/CCoupel/GhostDrive/plugins/proto/storage.pb.go:1863.50,1864.14 1 0
github.com/CCoupel/GhostDrive/plugins/proto/storage.pb.go:1864.14,1866.3 1 0
github.com/CCoupel/GhostDrive/plugins/proto/storage.pb.go:1867.2,1867.10 1 0
github.com/CCoupel/GhostDrive/plugins/proto/storage.pb.go:1884.34,1889.2 4 0
github.com/CCoupel/GhostDrive/plugins/proto/storage.pb.go:1891.42,1893.2 1 0
github.com/CCoupel/GhostDrive/plugins/proto/storage.pb.go:1895.40,1895.41 0 0
github.com/CCoupel/GhostDrive/plugins/proto/storage.pb.go:1897.62,1899.14 2 0
github.com/CCoupel/GhostDrive/plugins/proto/storage.pb.go:1899.14,1901.34 2 0
github.com/CCoupel/GhostDrive/plugins/proto/storage.pb.go:1901.34,1903.4 1 0
github.com/CCoupel/GhostDrive/plugins/proto/storage.pb.go:1904.3,1904.12 1 0
github.com/CCoupel/GhostDrive/plugins/proto/storage.pb.go:1906.2,1906.24 1 0
github.com/CCoupel/GhostDrive/plugins/proto/storage.pb.go:1910.53,1912.2 1 0
github.com/CCoupel/GhostDrive/plugins/proto/storage.pb.go:1914.42,1915.14 1 0
github.com/CCoupel/GhostDrive/plugins/proto/storage.pb.go:1915.14,1917.3 1 0
github.com/CCoupel/GhostDrive/plugins/proto/storage.pb.go:1918.2,1918.11 1 0
github.com/CCoupel/GhostDrive/plugins/proto/storage.pb.go:1921.44,1922.14 1 0
github.com/CCoupel/GhostDrive/plugins/proto/storage.pb.go:1922.14,1924.3 1 0
github.com/CCoupel/GhostDrive/plugins/proto/storage.pb.go:1925.2,1925.11 1 0
github.com/CCoupel/GhostDrive/plugins/proto/storage.pb.go:1928.43,1929.14 1 0
github.com/CCoupel/GhostDrive/plugins/proto/storage.pb.go:1929.14,1931.3 1 0
github.com/CCoupel/GhostDrive/plugins/proto/storage.pb.go:1932.2,1932.11 1 0
github.com/CCoupel/GhostDrive/plugins/proto/storage.pb.go:1935.45,1936.14 1 0
github.com/CCoupel/GhostDrive/plugins/proto/storage.pb.go:1936.14,1938.3 1 0
github.com/CCoupel/GhostDrive/plugins/proto/storage.pb.go:1939.2,1939.14 1 0
github.com/CCoupel/GhostDrive/plugins/proto/storage.pb.go:1942.49,1943.14 1 0
github.com/CCoupel/GhostDrive/plugins/proto/storage.pb.go:1943.14,1945.3 1 0
github.com/CCoupel/GhostDrive/plugins/proto/storage.pb.go:1946.2,1946.11 1 0
github.com/CCoupel/GhostDrive/plugins/proto/storage.pb.go:1949.50,1950.14 1 0
github.com/CCoupel/GhostDrive/plugins/proto/storage.pb.go:1950.14,1952.3 1 0
github.com/CCoupel/GhostDrive/plugins/proto/storage.pb.go:1953.2,1953.11 1 0
github.com/CCoupel/GhostDrive/plugins/proto/storage.pb.go:1956.48,1957.14 1 0
github.com/CCoupel/GhostDrive/plugins/proto/storage.pb.go:1957.14,1959.3 1 0
github.com/CCoupel/GhostDrive/plugins/proto/storage.pb.go:1960.2,1960.12 1 0
github.com/CCoupel/GhostDrive/plugins/proto/storage.pb.go:1963.47,1964.14 1 0
github.com/CCoupel/GhostDrive/plugins/proto/storage.pb.go:1964.14,1966.3 1 0
github.com/CCoupel/GhostDrive/plugins/proto/storage.pb.go:1967.2,1967.11 1 0
github.com/CCoupel/GhostDrive/plugins/proto/storage.pb.go:1976.35,1981.2 4 0
github.com/CCoupel/GhostDrive/plugins/proto/storage.pb.go:1983.43,1985.2 1 0
github.com/CCoupel/GhostDrive/plugins/proto/storage.pb.go:1987.41,1987.42 0 0
github.com/CCoupel/GhostDrive/plugins/proto/storage.pb.go:1989.63,1991.14 2 0
github.com/CCoupel/GhostDrive/plugins/proto/storage.pb.go:1991.14,1993.34 2 0
github.com/CCoupel/GhostDrive/plugins/proto/storage.pb.go:1993.34,1995.4 1 0
github.com/CCoupel/GhostDrive/plugins/proto/storage.pb.go:1996.3,1996.12 1 0
github.com/CCoupel/GhostDrive/plugins/proto/storage.pb.go:1998.2,1998.24 1 0
github.com/CCoupel/GhostDrive/plugins/proto/storage.pb.go:2002.54,2004.2 1 0
github.com/CCoupel/GhostDrive/plugins/proto/storage.pb.go:2017.36,2022.2 4 0
github.com/CCoupel/GhostDrive/plugins/proto/storage.pb.go:2024.44,2026.2 1 0
github.com/CCoupel/GhostDrive/plugins/proto/storage.pb.go:2028.42,2028.43 0 0
github.com/CCoupel/GhostDrive/plugins/proto/storage.pb.go:2030.64,2032.14 2 0
github.com/CCoupel/GhostDrive/plugins/proto/storage.pb.go:2032.14,2034.34 2 0
github.com/CCoupel/GhostDrive/plugins/proto/storage.pb.go:2034.34,2036.4 1 0
github.com/CCoupel/GhostDrive/plugins/proto/storage.pb.go:2037.3,2037.12 1 0
github.com/CCoupel/GhostDrive/plugins/proto/storage.pb.go:2039.2,2039.24 1 0
github.com/CCoupel/GhostDrive/plugins/proto/storage.pb.go:2043.55,2045.2 1 0
github.com/CCoupel/GhostDrive/plugins/proto/storage.pb.go:2047.45,2048.14 1 0
github.com/CCoupel/GhostDrive/plugins/proto/storage.pb.go:2048.14,2050.3 1 0
github.com/CCoupel/GhostDrive/plugins/proto/storage.pb.go:2051.2,2051.11 1 0
github.com/CCoupel/GhostDrive/plugins/proto/storage.pb.go:2054.52,2055.14 1 0
github.com/CCoupel/GhostDrive/plugins/proto/storage.pb.go:2055.14,2057.3 1 0
github.com/CCoupel/GhostDrive/plugins/proto/storage.pb.go:2058.2,2058.11 1 0
github.com/CCoupel/GhostDrive/plugins/proto/storage.pb.go:2061.52,2062.14 1 0
github.com/CCoupel/GhostDrive/plugins/proto/storage.pb.go:2062.14,2064.3 1 0
github.com/CCoupel/GhostDrive/plugins/proto/storage.pb.go:2065.2,2065.11 1 0
github.com/CCoupel/GhostDrive/plugins/proto/storage.pb.go:2068.58,2069.14 1 0
github.com/CCoupel/GhostDrive/plugins/proto/storage.pb.go:2069.14,2071.3 1 0
github.com/CCoupel/GhostDrive/plugins/proto/storage.pb.go:2072.2,2072.12 1 0
github.com/CCoupel/GhostDrive/plugins/proto/storage.pb.go:2075.48,2076.14 1 0
github.com/CCoupel/GhostDrive/plugins/proto/storage.pb.go:2076.14,2078.3 1 0
github.com/CCoupel/GhostDrive/plugins/proto/storage.pb.go:2079.2,2079.11 1 0
github.com/CCoupel/GhostDrive/plugins/proto/storage.pb.go:2252.60,2253.57 1 0
github.com/CCoupel/GhostDrive/plugins/proto/storage.pb.go:2253.57,2255.3 1 0
github.com/CCoupel/GhostDrive/plugins/proto/storage.pb.go:2256.2,2256.53 1 0
github.com/CCoupel/GhostDrive/plugins/proto/storage.pb.go:2351.13,2351.56 1 0
github.com/CCoupel/GhostDrive/plugins/proto/storage.pb.go:2352.46,2353.45 1 0
github.com/CCoupel/GhostDrive/plugins/proto/storage.pb.go:2353.45,2355.3 1 0
github.com/CCoupel/GhostDrive/plugins/proto/storage.pb.go:2356.2,2372.48 5 0
github.com/CCoupel/GhostDrive/plugins/proto/storage_grpc.pb.go:82.80,84.2 1 0
github.com/CCoupel/GhostDrive/plugins/proto/storage_grpc.pb.go:86.123,90.16 4 0
github.com/CCoupel/GhostDrive/plugins/proto/storage_grpc.pb.go:90.16,92.3 1 0
github.com/CCoupel/GhostDrive/plugins/proto/storage_grpc.pb.go:93.2,93.17 1 0
github.com/CCoupel/GhostDrive/plugins/proto/storage_grpc.pb.go:96.132,100.16 4 0
github.com/CCoupel/GhostDrive/plugins/proto/storage_grpc.pb.go:100.16,102.3 1 0
github.com/CCoupel/GhostDrive/plugins/proto/storage_grpc.pb.go:103.2,103.17 1 0
github.com/CCoupel/GhostDrive/plugins/proto/storage_grpc.pb.go:106.141,110.16 4 0
github.com/CCoupel/GhostDrive/plugins/proto/storage_grpc.pb.go:110.16,112.3 1 0
github.com/CCoupel/GhostDrive/plugins/proto/storage_grpc.pb.go:113.2,113.17 1 0
github.com/CCoupel/GhostDrive/plugins/proto/storage_grpc.pb.go:116.144,120.16 4 0
github.com/CCoupel/GhostDrive/plugins/proto/storage_grpc.pb.go:120.16,122.3 1 0
github.com/CCoupel/GhostDrive/plugins/proto/storage_grpc.pb.go:123.2,123.17 1 0
github.com/CCoupel/GhostDrive/plugins/proto/storage_grpc.pb.go:126.148,129.16 3 0
github.com/CCoupel/GhostDrive/plugins/proto/storage_grpc.pb.go:129.16,131.3 1 0
github.com/CCoupel/GhostDrive/plugins/proto/storage_grpc.pb.go:132.2,133.15 2 0
github.com/CCoupel/GhostDrive/plugins/proto/storage_grpc.pb.go:139.159,142.16 3 0
github.com/CCoupel/GhostDrive/plugins/proto/storage_grpc.pb.go:142.16,144.3 1 0
github.com/CCoupel/GhostDrive/plugins/proto/storage_grpc.pb.go:145.2,146.51 2 0
github.com/CCoupel/GhostDrive/plugins/proto/storage_grpc.pb.go:146.51,148.3 1 0
github.com/CCoupel/GhostDrive/plugins/proto/storage_grpc.pb.go:149.2,149.51 1 0
github.com/CCoupel/GhostDrive/plugins/proto/storage_grpc.pb.go:149.51,151.3 1 0
github.com/CCoupel/GhostDrive/plugins/proto/storage_grpc.pb.go:152.2,152.15 1 0
github.com/CCoupel/GhostDrive/plugins/proto/storage_grpc.pb.go:158.129,162.16 4 0
github.com/CCoupel/GhostDrive/plugins/proto/storage_grpc.pb.go:162.16,164.3 1 0
github.com/CCoupel/GhostDrive/plugins/proto/storage_grpc.pb.go:165.2,165.17 1 0
github.com/CCoupel/GhostDrive/plugins/proto/storage_grpc.pb.go:168.123,172.16 4 0
github.com/CCoupel/GhostDrive/plugins/proto/storage_grpc.pb.go:172.16,174.3 1 0
github.com/CCoupel/GhostDrive/plugins/proto/storage_grpc.pb.go:175.2,175.17 1 0
github.com/CCoupel/GhostDrive/plugins/proto/storage_grpc.pb.go:178.125,182.16 4 0
github.com/CCoupel/GhostDrive/plugins/proto/storage_grpc.pb.go:182.16,184.3 1 0
github.com/CCoupel/GhostDrive/plugins/proto/storage_grpc.pb.go:185.2,185.17 1 0
github.com/CCoupel/GhostDrive/plugins/proto/storage_grpc.pb.go:188.123,192.16 4 0
github.com/CCoupel/GhostDrive/plugins/proto/storage_grpc.pb.go:192.16,194.3 1 0
github.com/CCoupel/GhostDrive/plugins/proto/storage_grpc.pb.go:195.2,195.17 1 0
github.com/CCoupel/GhostDrive/plugins/proto/storage_grpc.pb.go:198.123,202.16 4 0
github.com/CCoupel/GhostDrive/plugins/proto/storage_grpc.pb.go:202.16,204.3 1 0
github.com/CCoupel/GhostDrive/plugins/proto/storage_grpc.pb.go:205.2,205.17 1 0
github.com/CCoupel/GhostDrive/plugins/proto/storage_grpc.pb.go:208.123,212.16 4 0
github.com/CCoupel/GhostDrive/plugins/proto/storage_grpc.pb.go:212.16,214.3 1 0
github.com/CCoupel/GhostDrive/plugins/proto/storage_grpc.pb.go:215.2,215.17 1 0
github.com/CCoupel/GhostDrive/plugins/proto/storage_grpc.pb.go:218.138,222.16 4 0
github.com/CCoupel/GhostDrive/plugins/proto/storage_grpc.pb.go:222.16,224.3 1 0
github.com/CCoupel/GhostDrive/plugins/proto/storage_grpc.pb.go:225.2,225.17 1 0
github.com/CCoupel/GhostDrive/plugins/proto/storage_grpc.pb.go:228.150,231.16 3 0
github.com/CCoupel/GhostDrive/plugins/proto/storage_grpc.pb.go:231.16,233.3 1 0
github.com/CCoupel/GhostDrive/plugins/proto/storage_grpc.pb.go:234.2,235.51 2 0
github.com/CCoupel/GhostDrive/plugins/proto/storage_grpc.pb.go:235.51,237.3 1 0
github.com/CCoupel/GhostDrive/plugins/proto/storage_grpc.pb.go:238.2,238.51 1 0
github.com/CCoupel/GhostDrive/plugins/proto/storage_grpc.pb.go:238.51,240.3 1 0
github.com/CCoupel/GhostDrive/plugins/proto/storage_grpc.pb.go:241.2,241.15 1 0
github.com/CCoupel/GhostDrive/plugins/proto/storage_grpc.pb.go:247.129,251.16 4 0
github.com/CCoupel/GhostDrive/plugins/proto/storage_grpc.pb.go:251.16,253.3 1 0
github.com/CCoupel/GhostDrive/plugins/proto/storage_grpc.pb.go:254.2,254.17 1 0
github.com/CCoupel/GhostDrive/plugins/proto/storage_grpc.pb.go:257.135,261.16 4 0
github.com/CCoupel/GhostDrive/plugins/proto/storage_grpc.pb.go:261.16,263.3 1 0
github.com/CCoupel/GhostDrive/plugins/proto/storage_grpc.pb.go:264.2,264.17 1 0
github.com/CCoupel/GhostDrive/plugins/proto/storage_grpc.pb.go:267.129,271.16 4 0
github.com/CCoupel/GhostDrive/plugins/proto/storage_grpc.pb.go:271.16,273.3 1 0
github.com/CCoupel/GhostDrive/plugins/proto/storage_grpc.pb.go:274.2,274.17 1 0
github.com/CCoupel/GhostDrive/plugins/proto/storage_grpc.pb.go:277.138,281.16 4 0
github.com/CCoupel/GhostDrive/plugins/proto/storage_grpc.pb.go:281.16,283.3 1 0
github.com/CCoupel/GhostDrive/plugins/proto/storage_grpc.pb.go:284.2,284.17 1 0
github.com/CCoupel/GhostDrive/plugins/proto/storage_grpc.pb.go:331.101,333.2 1 0
github.com/CCoupel/GhostDrive/plugins/proto/storage_grpc.pb.go:334.110,336.2 1 0
github.com/CCoupel/GhostDrive/plugins/proto/storage_grpc.pb.go:337.119,339.2 1 0
github.com/CCoupel/GhostDrive/plugins/proto/storage_grpc.pb.go:340.122,342.2 1 0
github.com/CCoupel/GhostDrive/plugins/proto/storage_grpc.pb.go:343.110,345.2 1 0
github.com/CCoupel/GhostDrive/plugins/proto/storage_grpc.pb.go:346.118,348.2 1 0
github.com/CCoupel/GhostDrive/plugins/proto/storage_grpc.pb.go:349.107,351.2 1 0
github.com/CCoupel/GhostDrive/plugins/proto/storage_grpc.pb.go:352.101,354.2 1 0
github.com/CCoupel/GhostDrive/plugins/proto/storage_grpc.pb.go:355.103,357.2 1 0
github.com/CCoupel/GhostDrive/plugins/proto/storage_grpc.pb.go:358.101,360.2 1 0
github.com/CCoupel/GhostDrive/plugins/proto/storage_grpc.pb.go:361.101,363.2 1 0
github.com/CCoupel/GhostDrive/plugins/proto/storage_grpc.pb.go:364.101,366.2 1 0
github.com/CCoupel/GhostDrive/plugins/proto/storage_grpc.pb.go:367.116,369.2 1 0
github.com/CCoupel/GhostDrive/plugins/proto/storage_grpc.pb.go:370.109,372.2 1 0
github.com/CCoupel/GhostDrive/plugins/proto/storage_grpc.pb.go:373.107,375.2 1 0
github.com/CCoupel/GhostDrive/plugins/proto/storage_grpc.pb.go:376.113,378.2 1 0
github.com/CCoupel/GhostDrive/plugins/proto/storage_grpc.pb.go:379.107,381.2 1 0
github.com/CCoupel/GhostDrive/plugins/proto/storage_grpc.pb.go:382.116,384.2 1 0
github.com/CCoupel/GhostDrive/plugins/proto/storage_grpc.pb.go:385.88,385.89 0 0
github.com/CCoupel/GhostDrive/plugins/proto/storage_grpc.pb.go:386.88,386.89 0 0
github.com/CCoupel/GhostDrive/plugins/proto/storage_grpc.pb.go:395.86,400.59 1 0
github.com/CCoupel/GhostDrive/plugins/proto/storage_grpc.pb.go:400.59,402.3 1 0
github.com/CCoupel/GhostDrive/plugins/proto/storage_grpc.pb.go:403.2,403.53 1 0
github.com/CCoupel/GhostDrive/plugins/proto/storage_grpc.pb.go:406.164,408.32 2 0
github.com/CCoupel/GhostDrive/plugins/proto/storage_grpc.pb.go:408.32,410.3 1 0
github.com/CCoupel/GhostDrive/plugins/proto/storage_grpc.pb.go:411.2,411.24 1 0
github.com/CCoupel/GhostDrive/plugins/proto/storage_grpc.pb.go:411.24,413.3 1 0
github.com/CCoupel/GhostDrive/plugins/proto/storage_grpc.pb.go:414.2,418.77 2 0
github.com/CCoupel/GhostDrive/plugins/proto/storage_grpc.pb.go:418.77,420.3 1 0
github.com/CCoupel/GhostDrive/plugins/proto/storage_grpc.pb.go:421.2,421.44 1 0
github.com/CCoupel/GhostDrive/plugins/proto/storage_grpc.pb.go:424.167,426.32 2 0
github.com/CCoupel/GhostDrive/plugins/proto/storage_grpc.pb.go:426.32,428.3 1 0
github.com/CCoupel/GhostDrive/plugins/proto/storage_grpc.pb.go:429.2,429.24 1 0
github.com/CCoupel/GhostDrive/plugins/proto/storage_grpc.pb.go:429.24,431.3 1 0
github.com/CCoupel/GhostDrive/plugins/proto/storage_grpc.pb.go:432.2,436.77 2 0
github.com/CCoupel/GhostDrive/plugins/proto/storage_grpc.pb.go:436.77,438.3 1 0
github.com/CCoupel/GhostDrive/plugins/proto/storage_grpc.pb.go:439.2,439.44 1 0
github.com/CCoupel/GhostDrive/plugins/proto/storage_grpc.pb.go:442.170,444.32 2 0
github.com/CCoupel/GhostDrive/plugins/proto/storage_grpc.pb.go:444.32,446.3 1 0
github.com/CCoupel/GhostDrive/plugins/proto/storage_grpc.pb.go:447.2,447.24 1 0
github.com/CCoupel/GhostDrive/plugins/proto/storage_grpc.pb.go:447.24,449.3 1 0
github.com/CCoupel/GhostDrive/plugins/proto/storage_grpc.pb.go:450.2,454.77 2 0
github.com/CCoupel/GhostDrive/plugins/proto/storage_grpc.pb.go:454.77,456.3 1 0
github.com/CCoupel/GhostDrive/plugins/proto/storage_grpc.pb.go:457.2,457.44 1 0
github.com/CCoupel/GhostDrive/plugins/proto/storage_grpc.pb.go:460.171,462.32 2 0
github.com/CCoupel/GhostDrive/plugins/proto/storage_grpc.pb.go:462.32,464.3 1 0
github.com/CCoupel/GhostDrive/plugins/proto/storage_grpc.pb.go:465.2,465.24 1 0
github.com/CCoupel/GhostDrive/plugins/proto/storage_grpc.pb.go:465.24,467.3 1 0
github.com/CCoupel/GhostDrive/plugins/proto/storage_grpc.pb.go:468.2,472.77 2 0
github.com/CCoupel/GhostDrive/plugins/proto/storage_grpc.pb.go:472.77,474.3 1 0
github.com/CCoupel/GhostDrive/plugins/proto/storage_grpc.pb.go:475.2,475.44 1 0
github.com/CCoupel/GhostDrive/plugins/proto/storage_grpc.pb.go:478.86,480.2 1 0
github.com/CCoupel/GhostDrive/plugins/proto/storage_grpc.pb.go:485.88,487.42 2 0
github.com/CCoupel/GhostDrive/plugins/proto/storage_grpc.pb.go:487.42,489.3 1 0
github.com/CCoupel/GhostDrive/plugins/proto/storage_grpc.pb.go:490.2,490.128 1 0
github.com/CCoupel/GhostDrive/plugins/proto/storage_grpc.pb.go:496.166,498.32 2 0
github.com/CCoupel/GhostDrive/plugins/proto/storage_grpc.pb.go:498.32,500.3 1 0
github.com/CCoupel/GhostDrive/plugins/proto/storage_grpc.pb.go:501.2,501.24 1 0
github.com/CCoupel/GhostDrive/plugins/proto/storage_grpc.pb.go:501.24,503.3 1 0
github.com/CCoupel/GhostDrive/plugins/proto/storage_grpc.pb.go:504.2,508.77 2 0
github.com/CCoupel/GhostDrive/plugins/proto/storage_grpc.pb.go:508.77,510.3 1 0
github.com/CCoupel/GhostDrive/plugins/proto/storage_grpc.pb.go:511.2,511.44 1 0
github.com/CCoupel/GhostDrive/plugins/proto/storage_grpc.pb.go:514.164,516.32 2 0
github.com/CCoupel/GhostDrive/plugins/proto/storage_grpc.pb.go:516.32,518.3 1 0
github.com/CCoupel/GhostDrive/plugins/proto/storage_grpc.pb.go:519.2,519.24 1 0
github.com/CCoupel/GhostDrive/plugins/proto/storage_grpc.pb.go:519.24,521.3 1 0
github.com/CCoupel/GhostDrive/plugins/proto/storage_grpc.pb.go:522.2,526.77 2 0
github.com/CCoupel/GhostDrive/plugins/proto/storage_grpc.pb.go:526.77,528.3 1 0
github.com/CCoupel/GhostDrive/plugins/proto/storage_grpc.pb.go:529.2,529.44 1 0
github.com/CCoupel/GhostDrive/plugins/proto/storage_grpc.pb.go:532.166,534.32 2 0
github.com/CCoupel/GhostDrive/plugins/proto/storage_grpc.pb.go:534.32,536.3 1 0
github.com/CCoupel/GhostDrive/plugins/proto/storage_grpc.pb.go:537.2,537.24 1 0
github.com/CCoupel/GhostDrive/plugins/proto/storage_grpc.pb.go:537.24,539.3 1 0
github.com/CCoupel/GhostDrive/plugins/proto/storage_grpc.pb.go:540.2,544.77 2 0
github.com/CCoupel/GhostDrive/plugins/proto/storage_grpc.pb.go:544.77,546.3 1 0
github.com/CCoupel/GhostDrive/plugins/proto/storage_grpc.pb.go:547.2,547.44 1 0
github.com/CCoupel/GhostDrive/plugins/proto/storage_grpc.pb.go:550.164,552.32 2 0
github.com/CCoupel/GhostDrive/plugins/proto/storage_grpc.pb.go:552.32,554.3 1 0
github.com/CCoupel/GhostDrive/plugins/proto/storage_grpc.pb.go:555.2,555.24 1 0
github.com/CCoupel/GhostDrive/plugins/proto/storage_grpc.pb.go:555.24,557.3 1 0
github.com/CCoupel/GhostDrive/plugins/proto/storage_grpc.pb.go:558.2,562.77 2 0
github.com/CCoupel/GhostDrive/plugins/proto/storage_grpc.pb.go:562.77,564.3 1 0
github.com/CCoupel/GhostDrive/plugins/proto/storage_grpc.pb.go:565.2,565.44 1 0
github.com/CCoupel/GhostDrive/plugins/proto/storage_grpc.pb.go:568.164,570.32 2 0
github.com/CCoupel/GhostDrive/plugins/proto/storage_grpc.pb.go:570.32,572.3 1 0
github.com/CCoupel/GhostDrive/plugins/proto/storage_grpc.pb.go:573.2,573.24 1 0
github.com/CCoupel/GhostDrive/plugins/proto/storage_grpc.pb.go:573.24,575.3 1 0
github.com/CCoupel/GhostDrive/plugins/proto/storage_grpc.pb.go:576.2,580.77 2 0
github.com/CCoupel/GhostDrive/plugins/proto/storage_grpc.pb.go:580.77,582.3 1 0
github.com/CCoupel/GhostDrive/plugins/proto/storage_grpc.pb.go:583.2,583.44 1 0
github.com/CCoupel/GhostDrive/plugins/proto/storage_grpc.pb.go:586.164,588.32 2 0
github.com/CCoupel/GhostDrive/plugins/proto/storage_grpc.pb.go:588.32,590.3 1 0
github.com/CCoupel/GhostDrive/plugins/proto/storage_grpc.pb.go:591.2,591.24 1 0
github.com/CCoupel/GhostDrive/plugins/proto/storage_grpc.pb.go:591.24,593.3 1 0
github.com/CCoupel/GhostDrive/plugins/proto/storage_grpc.pb.go:594.2,598.77 2 0
github.com/CCoupel/GhostDrive/plugins/proto/storage_grpc.pb.go:598.77,600.3 1 0
github.com/CCoupel/GhostDrive/plugins/proto/storage_grpc.pb.go:601.2,601.44 1 0
github.com/CCoupel/GhostDrive/plugins/proto/storage_grpc.pb.go:604.169,606.32 2 0
github.com/CCoupel/GhostDrive/plugins/proto/storage_grpc.pb.go:606.32,608.3 1 0
github.com/CCoupel/GhostDrive/plugins/proto/storage_grpc.pb.go:609.2,609.24 1 0
github.com/CCoupel/GhostDrive/plugins/proto/storage_grpc.pb.go:609.24,611.3 1 0
github.com/CCoupel/GhostDrive/plugins/proto/storage_grpc.pb.go:612.2,616.77 2 0
github.com/CCoupel/GhostDrive/plugins/proto/storage_grpc.pb.go:616.77,618.3 1 0
github.com/CCoupel/GhostDrive/plugins/proto/storage_grpc.pb.go:619.2,619.44 1 0
github.com/CCoupel/GhostDrive/plugins/proto/storage_grpc.pb.go:622.85,624.42 2 0
github.com/CCoupel/GhostDrive/plugins/proto/storage_grpc.pb.go:624.42,626.3 1 0
github.com/CCoupel/GhostDrive/plugins/proto/storage_grpc.pb.go:627.2,627.119 1 0
github.com/CCoupel/GhostDrive/plugins/proto/storage_grpc.pb.go:633.168,635.32 2 0
github.com/CCoupel/GhostDrive/plugins/proto/storage_grpc.pb.go:635.32,637.3 1 0
github.com/CCoupel/GhostDrive/plugins/proto/storage_grpc.pb.go:638.2,638.24 1 0
github.com/CCoupel/GhostDrive/plugins/proto/storage_grpc.pb.go:638.24,640.3 1 0
github.com/CCoupel/GhostDrive/plugins/proto/storage_grpc.pb.go:641.2,645.77 2 0
github.com/CCoupel/GhostDrive/plugins/proto/storage_grpc.pb.go:645.77,647.3 1 0
github.com/CCoupel/GhostDrive/plugins/proto/storage_grpc.pb.go:648.2,648.44 1 0
github.com/CCoupel/GhostDrive/plugins/proto/storage_grpc.pb.go:651.168,653.32 2 0
github.com/CCoupel/GhostDrive/plugins/proto/storage_grpc.pb.go:653.32,655.3 1 0
github.com/CCoupel/GhostDrive/plugins/proto/storage_grpc.pb.go:656.2,656.24 1 0
github.com/CCoupel/GhostDrive/plugins/proto/storage_grpc.pb.go:656.24,658.3 1 0
github.com/CCoupel/GhostDrive/plugins/proto/storage_grpc.pb.go:659.2,663.77 2 0
github.com/CCoupel/GhostDrive/plugins/proto/storage_grpc.pb.go:663.77,665.3 1 0
github.com/CCoupel/GhostDrive/plugins/proto/storage_grpc.pb.go:666.2,666.44 1 0
github.com/CCoupel/GhostDrive/plugins/proto/storage_grpc.pb.go:669.166,671.32 2 0
github.com/CCoupel/GhostDrive/plugins/proto/storage_grpc.pb.go:671.32,673.3 1 0
github.com/CCoupel/GhostDrive/plugins/proto/storage_grpc.pb.go:674.2,674.24 1 0
github.com/CCoupel/GhostDrive/plugins/proto/storage_grpc.pb.go:674.24,676.3 1 0
github.com/CCoupel/GhostDrive/plugins/proto/storage_grpc.pb.go:677.2,681.77 2 0
github.com/CCoupel/GhostDrive/plugins/proto/storage_grpc.pb.go:681.77,683.3 1 0
github.com/CCoupel/GhostDrive/plugins/proto/storage_grpc.pb.go:684.2,684.44 1 0
github.com/CCoupel/GhostDrive/plugins/proto/storage_grpc.pb.go:687.169,689.32 2 0
github.com/CCoupel/GhostDrive/plugins/proto/storage_grpc.pb.go:689.32,691.3 1 0
github.com/CCoupel/GhostDrive/plugins/proto/storage_grpc.pb.go:692.2,692.24 1 0
github.com/CCoupel/GhostDrive/plugins/proto/storage_grpc.pb.go:692.24,694.3 1 0
github.com/CCoupel/GhostDrive/plugins/proto/storage_grpc.pb.go:695.2,699.77 2 0
github.com/CCoupel/GhostDrive/plugins/proto/storage_grpc.pb.go:699.77,701.3 1 0
github.com/CCoupel/GhostDrive/plugins/proto/storage_grpc.pb.go:702.2,702.44 1 0
github.com/CCoupel/GhostDrive/internal/logging/store.go:45.24,47.2 1 1
github.com/CCoupel/GhostDrive/internal/logging/store.go:51.42,55.2 3 1
github.com/CCoupel/GhostDrive/internal/logging/store.go:59.52,61.16 2 1
github.com/CCoupel/GhostDrive/internal/logging/store.go:61.16,63.3 1 0
github.com/CCoupel/GhostDrive/internal/logging/store.go:65.2,71.34 6 1
github.com/CCoupel/GhostDrive/internal/logging/store.go:71.34,75.3 2 0
github.com/CCoupel/GhostDrive/internal/logging/store.go:76.2,80.15 4 1
github.com/CCoupel/GhostDrive/internal/logging/store.go:80.15,82.3 1 1
github.com/CCoupel/GhostDrive/internal/logging/store.go:83.2,83.20 1 1
github.com/CCoupel/GhostDrive/internal/logging/store.go:88.51,92.18 3 1
github.com/CCoupel/GhostDrive/internal/logging/store.go:92.18,96.3 3 1
github.com/CCoupel/GhostDrive/internal/logging/store.go:98.2,99.30 2 1
github.com/CCoupel/GhostDrive/internal/logging/store.go:99.30,100.21 1 1
github.com/CCoupel/GhostDrive/internal/logging/store.go:100.21,102.4 1 1
github.com/CCoupel/GhostDrive/internal/logging/store.go:104.2,104.15 1 1
github.com/CCoupel/GhostDrive/internal/logging/store.go:108.25,112.2 3 1
github.com/CCoupel/GhostDrive/internal/logging/store.go:124.35,133.76 3 1
github.com/CCoupel/GhostDrive/internal/logging/store.go:133.76,135.88 2 1
github.com/CCoupel/GhostDrive/internal/logging/store.go:135.88,137.4 1 1
github.com/CCoupel/GhostDrive/internal/logging/store.go:138.3,138.18 1 1
github.com/CCoupel/GhostDrive/internal/logging/store.go:142.2,144.35 3 1
github.com/CCoupel/GhostDrive/internal/logging/store.go:144.35,145.47 1 1
github.com/CCoupel/GhostDrive/internal/logging/store.go:145.47,148.34 3 1
github.com/CCoupel/GhostDrive/internal/logging/store.go:149.17,150.46 1 1
github.com/CCoupel/GhostDrive/internal/logging/store.go:151.27,152.45 1 1
github.com/CCoupel/GhostDrive/internal/logging/store.go:153.26,154.46 1 1
github.com/CCoupel/GhostDrive/internal/logging/store.go:155.16,156.45 1 1
github.com/CCoupel/GhostDrive/internal/logging/store.go:157.12,159.21 1 0
github.com/CCoupel/GhostDrive/internal/logging/store.go:165.2,165.52 1 1
github.com/CCoupel/GhostDrive/internal/logging/store.go:165.52,166.47 1 1
github.com/CCoupel/GhostDrive/internal/logging/store.go:166.47,169.4 2 1
github.com/CCoupel/GhostDrive/internal/logging/store.go:178.2,178.44 1 1
github.com/CCoupel/GhostDrive/internal/logging/store.go:178.44,180.10 2 1
github.com/CCoupel/GhostDrive/internal/logging/store.go:181.64,182.24 1 1
github.com/CCoupel/GhostDrive/internal/logging/store.go:183.46,184.23 1 1
github.com/CCoupel/GhostDrive/internal/logging/store.go:185.63,186.24 1 0
github.com/CCoupel/GhostDrive/internal/logging/store.go:190.2,191.10 2 1
github.com/CCoupel/GhostDrive/internal/logging/store.go:194.53,195.30 1 1
github.com/CCoupel/GhostDrive/internal/logging/store.go:195.30,196.30 1 1
github.com/CCoupel/GhostDrive/internal/logging/store.go:196.30,198.4 1 1
github.com/CCoupel/GhostDrive/internal/logging/store.go:200.2,200.14 1 1
github.com/CCoupel/GhostDrive/plugins/moosefs/cmd/main.go:32.13,35.2 2 0
github.com/CCoupel/GhostDrive/internal/placeholder/drives_other.go:7.39,7.53 1 1
github.com/CCoupel/GhostDrive/internal/placeholder/drives_other.go:10.35,10.51 1 1
github.com/CCoupel/GhostDrive/internal/placeholder/manager.go:27.60,29.15 2 1
github.com/CCoupel/GhostDrive/internal/placeholder/manager.go:30.22,31.76 1 1
github.com/CCoupel/GhostDrive/internal/placeholder/manager.go:32.20,34.41 2 1
github.com/CCoupel/GhostDrive/internal/placeholder/manager.go:34.41,35.55 1 1
github.com/CCoupel/GhostDrive/internal/placeholder/manager.go:35.55,37.5 1 1
github.com/CCoupel/GhostDrive/internal/placeholder/manager.go:39.3,39.38 1 1
github.com/CCoupel/GhostDrive/internal/placeholder/manager.go:40.21,41.37 1 1
github.com/CCoupel/GhostDrive/internal/placeholder/manager.go:79.71,80.20 1 1
github.com/CCoupel/GhostDrive/internal/placeholder/manager.go:80.20,82.3 1 1
github.com/CCoupel/GhostDrive/internal/placeholder/manager.go:83.2,86.3 1 1
github.com/CCoupel/GhostDrive/internal/placeholder/manager.go:98.86,103.46 3 1
github.com/CCoupel/GhostDrive/internal/placeholder/manager.go:103.46,106.3 2 0
github.com/CCoupel/GhostDrive/internal/placeholder/manager.go:108.2,119.70 4 1
github.com/CCoupel/GhostDrive/internal/placeholder/manager.go:119.70,121.3 1 1
github.com/CCoupel/GhostDrive/internal/placeholder/manager.go:122.2,123.12 2 0
github.com/CCoupel/GhostDrive/internal/placeholder/manager.go:128.57,133.9 4 1
github.com/CCoupel/GhostDrive/internal/placeholder/manager.go:133.9,135.3 1 1
github.com/CCoupel/GhostDrive/internal/placeholder/manager.go:136.2,138.16 3 1
github.com/CCoupel/GhostDrive/internal/placeholder/manager.go:138.16,140.3 1 0
github.com/CCoupel/GhostDrive/internal/placeholder/manager.go:141.2,141.12 1 1
github.com/CCoupel/GhostDrive/internal/placeholder/manager.go:147.73,152.9 4 1
github.com/CCoupel/GhostDrive/internal/placeholder/manager.go:152.9,154.3 1 1
github.com/CCoupel/GhostDrive/internal/placeholder/manager.go:155.2,159.16 5 1
github.com/CCoupel/GhostDrive/internal/placeholder/manager.go:164.65,169.35 4 1
github.com/CCoupel/GhostDrive/internal/placeholder/manager.go:169.35,175.3 5 1
github.com/CCoupel/GhostDrive/internal/placeholder/manager.go:176.2,176.15 1 1
github.com/CCoupel/GhostDrive/internal/placeholder/manager.go:184.64,189.9 4 1
github.com/CCoupel/GhostDrive/internal/placeholder/manager.go:189.9,191.3 1 1
github.com/CCoupel/GhostDrive/internal/placeholder/manager.go:192.2,193.30 2 1
github.com/CCoupel/GhostDrive/internal/placeholder/manager.go:202.76,204.32 2 1
github.com/CCoupel/GhostDrive/internal/placeholder/manager.go:204.32,206.3 1 1
github.com/CCoupel/GhostDrive/internal/placeholder/manager.go:208.2,208.30 1 1
github.com/CCoupel/GhostDrive/internal/placeholder/manager.go:208.30,210.19 2 1
github.com/CCoupel/GhostDrive/internal/placeholder/manager.go:210.19,211.12 1 1
github.com/CCoupel/GhostDrive/internal/placeholder/manager.go:213.3,213.28 1 1
github.com/CCoupel/GhostDrive/internal/placeholder/manager.go:213.28,214.12 1 0
github.com/CCoupel/GhostDrive/internal/placeholder/manager.go:216.3,216.16 1 1
github.com/CCoupel/GhostDrive/internal/placeholder/manager.go:218.2,218.11 1 1
github.com/CCoupel/GhostDrive/internal/placeholder/manager.go:231.90,236.52 3 1
github.com/CCoupel/GhostDrive/internal/placeholder/manager.go:236.52,239.3 2 0
github.com/CCoupel/GhostDrive/internal/placeholder/manager.go:241.2,252.58 4 1
github.com/CCoupel/GhostDrive/internal/placeholder/manager.go:252.58,254.3 1 1
github.com/CCoupel/GhostDrive/internal/placeholder/manager.go:256.2,262.12 2 0
github.com/CCoupel/GhostDrive/internal/placeholder/manager.go:270.73,275.9 4 1
github.com/CCoupel/GhostDrive/internal/placeholder/manager.go:275.9,277.3 1 1
github.com/CCoupel/GhostDrive/internal/placeholder/manager.go:278.2,278.45 1 1
github.com/CCoupel/GhostDrive/internal/placeholder/manager.go:283.48,288.9 4 1
github.com/CCoupel/GhostDrive/internal/placeholder/manager.go:288.9,290.3 1 1
github.com/CCoupel/GhostDrive/internal/placeholder/manager.go:291.2,293.16 3 1
github.com/CCoupel/GhostDrive/internal/placeholder/manager.go:293.16,295.3 1 0
github.com/CCoupel/GhostDrive/internal/placeholder/manager.go:296.2,296.12 1 1
github.com/CCoupel/GhostDrive/internal/placeholder/manager.go:302.64,307.9 4 1
github.com/CCoupel/GhostDrive/internal/placeholder/manager.go:307.9,309.3 1 1
github.com/CCoupel/GhostDrive/internal/placeholder/manager.go:310.2,314.16 5 1
github.com/CCoupel/GhostDrive/internal/placeholder/manager.go:320.44,325.35 4 1
github.com/CCoupel/GhostDrive/internal/placeholder/manager.go:325.35,326.47 1 1
github.com/CCoupel/GhostDrive/internal/placeholder/manager.go:326.47,328.4 1 0
github.com/CCoupel/GhostDrive/internal/placeholder/manager.go:329.3,329.24 1 1
github.com/CCoupel/GhostDrive/internal/placeholder/manager.go:331.2,331.19 1 1
github.com/CCoupel/GhostDrive/internal/placeholder/manager.go:331.19,333.3 1 0
github.com/CCoupel/GhostDrive/internal/placeholder/manager.go:334.2,334.12 1 1
github.com/CCoupel/GhostDrive/internal/placeholder/new_other.go:6.25,8.2 1 1
github.com/CCoupel/GhostDrive/internal/placeholder/placeholder_other.go:13.63,15.2 1 1
github.com/CCoupel/GhostDrive/internal/placeholder/placeholder_other.go:18.37,18.51 1 1
github.com/CCoupel/GhostDrive/internal/placeholder/placeholder_other.go:21.38,21.54 1 1
github.com/CCoupel/GhostDrive/internal/placeholder/placeholder_other.go:24.42,24.66 1 1
github.com/CCoupel/GhostDrive/internal/placeholder/placeholder_other.go:27.62,27.63 0 1
github.com/CCoupel/GhostDrive/internal/placeholder/placeholder_other.go:30.62,30.88 1 0
github.com/CCoupel/GhostDrive/plugins/registry/dynamic_registry.go:31.61,36.2 1 1
github.com/CCoupel/GhostDrive/plugins/registry/dynamic_registry.go:44.41,45.51 1 1
github.com/CCoupel/GhostDrive/plugins/registry/dynamic_registry.go:45.51,47.3 1 0
github.com/CCoupel/GhostDrive/plugins/registry/dynamic_registry.go:48.2,48.12 1 1
github.com/CCoupel/GhostDrive/plugins/registry/dynamic_registry.go:53.40,54.44 1 1
github.com/CCoupel/GhostDrive/plugins/registry/dynamic_registry.go:54.44,56.3 1 0
github.com/CCoupel/GhostDrive/plugins/registry/dynamic_registry.go:57.2,57.12 1 1
github.com/CCoupel/GhostDrive/plugins/registry/dynamic_registry.go:63.42,64.33 1 1
github.com/CCoupel/GhostDrive/plugins/registry/dynamic_registry.go:64.33,66.3 1 0
github.com/CCoupel/GhostDrive/plugins/registry/dynamic_registry.go:67.2,67.18 1 1
github.com/CCoupel/GhostDrive/plugins/registry/dynamic_registry.go:76.70,80.35 3 1
github.com/CCoupel/GhostDrive/plugins/registry/dynamic_registry.go:80.35,87.3 1 1
github.com/CCoupel/GhostDrive/plugins/registry/dynamic_registry.go:90.2,91.28 2 1
github.com/CCoupel/GhostDrive/plugins/registry/dynamic_registry.go:91.28,93.3 1 0
github.com/CCoupel/GhostDrive/plugins/registry/dynamic_registry.go:94.2,94.15 1 1
github.com/CCoupel/GhostDrive/plugins/registry/dynamic_registry.go:100.68,102.2 1 1
github.com/CCoupel/GhostDrive/plugins/registry/dynamic_registry.go:106.77,108.2 1 0
github.com/CCoupel/GhostDrive/internal/logger/logger.go:42.13,46.65 3 1
github.com/CCoupel/GhostDrive/internal/logger/logger.go:46.65,48.3 1 1
github.com/CCoupel/GhostDrive/internal/logger/logger.go:50.2,50.16 1 1
github.com/CCoupel/GhostDrive/internal/logger/logger.go:56.30,57.57 1 1
github.com/CCoupel/GhostDrive/internal/logger/logger.go:57.57,59.3 1 0
github.com/CCoupel/GhostDrive/internal/logger/logger.go:60.2,61.87 2 1
github.com/CCoupel/GhostDrive/internal/logger/logger.go:66.34,71.2 4 0
github.com/CCoupel/GhostDrive/internal/logger/logger.go:75.21,78.20 2 1
github.com/CCoupel/GhostDrive/internal/logger/logger.go:78.20,80.3 1 1
github.com/CCoupel/GhostDrive/internal/logger/logger.go:81.2,81.36 1 1
github.com/CCoupel/GhostDrive/internal/logger/logger.go:81.36,83.3 1 0
github.com/CCoupel/GhostDrive/internal/logger/logger.go:84.2,84.24 1 1
github.com/CCoupel/GhostDrive/internal/logger/logger.go:84.24,86.3 1 0
github.com/CCoupel/GhostDrive/internal/logger/logger.go:87.2,93.18 3 1
github.com/CCoupel/GhostDrive/internal/logger/logger.go:93.18,95.3 1 0
github.com/CCoupel/GhostDrive/internal/logger/logger.go:95.8,95.31 1 1
github.com/CCoupel/GhostDrive/internal/logger/logger.go:95.31,97.3 1 0
github.com/CCoupel/GhostDrive/internal/logger/logger.go:97.8,99.3 1 1
github.com/CCoupel/GhostDrive/internal/logger/logger.go:101.2,105.43 5 1
github.com/CCoupel/GhostDrive/internal/logger/logger.go:108.49,109.22 1 1
github.com/CCoupel/GhostDrive/internal/logger/logger.go:110.9,111.20 1 0
github.com/CCoupel/GhostDrive/internal/logger/logger.go:112.9,113.20 1 1
github.com/CCoupel/GhostDrive/internal/logger/logger.go:114.10,115.36 1 0
github.com/CCoupel/GhostDrive/internal/logger/logger.go:121.15,122.20 1 1
github.com/CCoupel/GhostDrive/internal/logger/logger.go:122.20,124.3 1 0
github.com/CCoupel/GhostDrive/internal/logger/logger.go:125.2,126.44 2 1
github.com/CCoupel/GhostDrive/internal/logger/logger.go:126.44,128.3 1 1
github.com/CCoupel/GhostDrive/internal/logger/logger.go:130.2,134.35 3 0
github.com/CCoupel/GhostDrive/internal/logger/logger.go:134.35,137.22 3 0
github.com/CCoupel/GhostDrive/internal/logger/logger.go:137.22,139.12 2 0
github.com/CCoupel/GhostDrive/internal/logger/logger.go:141.3,141.22 1 0
github.com/CCoupel/GhostDrive/internal/logger/logger.go:143.2,146.16 3 0
github.com/CCoupel/GhostDrive/internal/logger/logger.go:150.47,155.2 4 1
github.com/CCoupel/GhostDrive/internal/logger/logger.go:160.48,165.2 4 0
github.com/CCoupel/GhostDrive/internal/logger/logger.go:168.47,173.2 4 0
github.com/CCoupel/GhostDrive/internal/logger/logger.go:176.48,181.2 4 0
github.com/CCoupel/GhostDrive/internal/logger/logger.go:187.43,189.2 1 1
github.com/CCoupel/GhostDrive/internal/logger/logger.go:196.60,199.29 2 1
github.com/CCoupel/GhostDrive/internal/logger/logger.go:199.29,200.17 1 1
github.com/CCoupel/GhostDrive/internal/logger/logger.go:200.17,201.12 1 0
github.com/CCoupel/GhostDrive/internal/logger/logger.go:203.3,203.32 1 1
github.com/CCoupel/GhostDrive/internal/logger/logger.go:205.2,205.20 1 1
github.com/CCoupel/GhostDrive/internal/config/config.go:45.32,60.2 1 1
github.com/CCoupel/GhostDrive/internal/config/config.go:63.34,65.31 2 1
github.com/CCoupel/GhostDrive/internal/config/config.go:65.31,67.20 2 0
github.com/CCoupel/GhostDrive/internal/config/config.go:67.20,69.4 1 0
github.com/CCoupel/GhostDrive/internal/config/config.go:70.3,70.17 1 0
github.com/CCoupel/GhostDrive/internal/config/config.go:71.8,73.17 2 1
github.com/CCoupel/GhostDrive/internal/config/config.go:73.17,75.4 1 0
github.com/CCoupel/GhostDrive/internal/config/config.go:76.3,77.16 2 1
github.com/CCoupel/GhostDrive/internal/config/config.go:77.16,79.4 1 1
github.com/CCoupel/GhostDrive/internal/config/config.go:79.9,81.4 1 1
github.com/CCoupel/GhostDrive/internal/config/config.go:84.2,84.31 1 1
github.com/CCoupel/GhostDrive/internal/config/config.go:84.31,86.3 1 0
github.com/CCoupel/GhostDrive/internal/config/config.go:87.2,87.47 1 1
github.com/CCoupel/GhostDrive/internal/config/config.go:91.35,93.16 2 1
github.com/CCoupel/GhostDrive/internal/config/config.go:93.16,95.3 1 0
github.com/CCoupel/GhostDrive/internal/config/config.go:96.2,96.47 1 1
github.com/CCoupel/GhostDrive/internal/config/config.go:101.43,105.16 3 1
github.com/CCoupel/GhostDrive/internal/config/config.go:105.16,106.25 1 1
github.com/CCoupel/GhostDrive/internal/config/config.go:106.25,108.4 1 1
github.com/CCoupel/GhostDrive/internal/config/config.go:109.3,109.59 1 0
github.com/CCoupel/GhostDrive/internal/config/config.go:112.2,112.51 1 1
github.com/CCoupel/GhostDrive/internal/config/config.go:112.51,114.3 1 1
github.com/CCoupel/GhostDrive/internal/config/config.go:117.2,117.29 1 1
github.com/CCoupel/GhostDrive/internal/config/config.go:117.29,119.3 1 0
github.com/CCoupel/GhostDrive/internal/config/config.go:120.2,120.33 1 1
github.com/CCoupel/GhostDrive/internal/config/config.go:120.33,122.3 1 1
github.com/CCoupel/GhostDrive/internal/config/config.go:123.2,123.25 1 1
github.com/CCoupel/GhostDrive/internal/config/config.go:123.25,125.3 1 0
github.com/CCoupel/GhostDrive/internal/config/config.go:127.2,127.17 1 1
github.com/CCoupel/GhostDrive/internal/config/config.go:131.39,133.16 2 1
github.com/CCoupel/GhostDrive/internal/config/config.go:133.16,135.3 1 0
github.com/CCoupel/GhostDrive/internal/config/config.go:136.2,136.19 1 1
github.com/CCoupel/GhostDrive/internal/config/config.go:142.45,144.47 2 1
github.com/CCoupel/GhostDrive/internal/config/config.go:144.47,146.3 1 1
github.com/CCoupel/GhostDrive/internal/config/config.go:148.2,149.16 2 1
github.com/CCoupel/GhostDrive/internal/config/config.go:149.16,151.3 1 0
github.com/CCoupel/GhostDrive/internal/config/config.go:153.2,153.55 1 1
github.com/CCoupel/GhostDrive/internal/config/config.go:153.55,155.3 1 0
github.com/CCoupel/GhostDrive/internal/config/config.go:157.2,157.12 1 1
github.com/CCoupel/GhostDrive/internal/config/config.go:161.39,163.16 2 1
github.com/CCoupel/GhostDrive/internal/config/config.go:163.16,165.3 1 0
github.com/CCoupel/GhostDrive/internal/config/config.go:166.2,166.24 1 1
github.com/CCoupel/GhostDrive/internal/cfapi/hydrator.go:58.13,60.20 2 1
github.com/CCoupel/GhostDrive/internal/cfapi/hydrator.go:60.20,62.3 1 1
github.com/CCoupel/GhostDrive/internal/cfapi/hydrator.go:63.2,63.13 1 1
github.com/CCoupel/GhostDrive/internal/cfapi/hydrator.go:63.13,65.3 1 1
github.com/CCoupel/GhostDrive/internal/cfapi/hydrator.go:66.2,66.15 1 1
github.com/CCoupel/GhostDrive/internal/cfapi/hydrator.go:66.15,68.3 1 1
github.com/CCoupel/GhostDrive/internal/cfapi/hydrator.go:69.2,78.3 1 1
github.com/CCoupel/GhostDrive/internal/cfapi/hydrator.go:84.77,86.16 2 1
github.com/CCoupel/GhostDrive/internal/cfapi/hydrator.go:86.16,88.3 1 0
github.com/CCoupel/GhostDrive/internal/cfapi/hydrator.go:91.2,95.15 5 1
github.com/CCoupel/GhostDrive/internal/cfapi/hydrator.go:95.15,100.3 4 1
github.com/CCoupel/GhostDrive/internal/cfapi/hydrator.go:103.2,115.20 7 1
github.com/CCoupel/GhostDrive/internal/cfapi/hydrator.go:115.20,116.28 1 1
github.com/CCoupel/GhostDrive/internal/cfapi/hydrator.go:116.28,118.4 1 0
github.com/CCoupel/GhostDrive/internal/cfapi/hydrator.go:120.3,121.26 2 1
github.com/CCoupel/GhostDrive/internal/cfapi/hydrator.go:121.26,123.4 1 1
github.com/CCoupel/GhostDrive/internal/cfapi/hydrator.go:124.3,135.83 4 1
github.com/CCoupel/GhostDrive/internal/cfapi/hydrator.go:135.83,138.4 1 1
github.com/CCoupel/GhostDrive/internal/cfapi/hydrator.go:138.9,140.24 1 1
github.com/CCoupel/GhostDrive/internal/cfapi/hydrator.go:140.24,142.5 1 0
github.com/CCoupel/GhostDrive/internal/cfapi/hydrator.go:143.4,145.18 3 1
github.com/CCoupel/GhostDrive/internal/cfapi/hydrator.go:145.18,155.5 2 1
github.com/CCoupel/GhostDrive/internal/cfapi/hydrator.go:158.4,162.6 1 1
github.com/CCoupel/GhostDrive/internal/cfapi/hydrator.go:166.3,167.22 2 1
github.com/CCoupel/GhostDrive/internal/cfapi/hydrator.go:167.22,169.4 1 1
github.com/CCoupel/GhostDrive/internal/cfapi/hydrator.go:170.3,171.29 2 1
github.com/CCoupel/GhostDrive/internal/cfapi/hydrator.go:171.29,173.4 1 0
github.com/CCoupel/GhostDrive/internal/cfapi/hydrator.go:174.3,174.38 1 1
github.com/CCoupel/GhostDrive/internal/cfapi/hydrator.go:174.38,175.9 1 0
github.com/CCoupel/GhostDrive/internal/cfapi/hydrator.go:177.3,186.81 3 1
github.com/CCoupel/GhostDrive/internal/cfapi/hydrator.go:186.81,191.4 2 0
github.com/CCoupel/GhostDrive/internal/cfapi/hydrator.go:193.3,200.51 4 1
github.com/CCoupel/GhostDrive/internal/cfapi/hydrator.go:200.51,202.82 2 1
github.com/CCoupel/GhostDrive/internal/cfapi/hydrator.go:202.82,204.5 1 0
github.com/CCoupel/GhostDrive/internal/cfapi/hydrator.go:205.4,205.24 1 1
github.com/CCoupel/GhostDrive/internal/cfapi/hydrator.go:205.24,212.5 1 1
github.com/CCoupel/GhostDrive/internal/cfapi/hydrator.go:217.2,217.80 1 1
github.com/CCoupel/GhostDrive/internal/cfapi/hydrator.go:217.80,219.3 1 0
github.com/CCoupel/GhostDrive/internal/cfapi/hydrator.go:220.2,220.12 1 1
github.com/CCoupel/GhostDrive/internal/cfapi/hydrator.go:224.52,228.8 4 1
github.com/CCoupel/GhostDrive/internal/cfapi/hydrator.go:228.8,230.3 1 0
github.com/CCoupel/GhostDrive/internal/cfapi/hydrator.go:237.85,239.16 2 1
github.com/CCoupel/GhostDrive/internal/cfapi/hydrator.go:239.16,241.3 1 1
github.com/CCoupel/GhostDrive/internal/cfapi/hydrator.go:243.2,247.22 4 1
github.com/CCoupel/GhostDrive/internal/cfapi/hydrator.go:247.22,249.3 1 0
github.com/CCoupel/GhostDrive/internal/cfapi/hydrator.go:251.2,253.16 3 1
github.com/CCoupel/GhostDrive/internal/cfapi/hydrator.go:253.16,255.3 1 1
github.com/CCoupel/GhostDrive/internal/cfapi/hydrator.go:257.2,258.27 2 1
github.com/CCoupel/GhostDrive/internal/cfapi/hydrator.go:258.27,266.3 1 1
github.com/CCoupel/GhostDrive/internal/cfapi/hydrator.go:268.2,268.28 1 1
github.com/CCoupel/GhostDrive/internal/cfapi/hydrator.go:268.28,270.3 1 1
github.com/CCoupel/GhostDrive/internal/cfapi/hydrator.go:276.2,277.12 2 1
github.com/CCoupel/GhostDrive/internal/cfapi/hydrator.go:283.94,285.86 2 1
github.com/CCoupel/GhostDrive/internal/cfapi/hydrator.go:285.86,288.3 2 0
github.com/CCoupel/GhostDrive/internal/cfapi/hydrator.go:289.2,291.22 2 1
github.com/CCoupel/GhostDrive/internal/cfapi/hydrator.go:291.22,293.3 1 0
github.com/CCoupel/GhostDrive/internal/cfapi/hydrator.go:294.2,295.16 2 1
github.com/CCoupel/GhostDrive/internal/cfapi/hydrator.go:295.16,297.3 1 0
github.com/CCoupel/GhostDrive/internal/cfapi/hydrator.go:299.2,307.31 4 1
github.com/CCoupel/GhostDrive/internal/cfapi/hydrator.go:313.59,314.23 1 1
github.com/CCoupel/GhostDrive/internal/cfapi/hydrator.go:314.23,316.3 1 0
github.com/CCoupel/GhostDrive/internal/cfapi/hydrator.go:317.2,319.41 2 1
github.com/CCoupel/GhostDrive/internal/cfapi/hydrator.go:319.41,322.3 2 1
github.com/CCoupel/GhostDrive/internal/cfapi/hydrator.go:323.2,324.15 2 1
github.com/CCoupel/GhostDrive/internal/cfapi/hydrator.go:324.15,326.3 1 1
github.com/CCoupel/GhostDrive/internal/cfapi/hydrator.go:328.2,329.34 2 1
github.com/CCoupel/GhostDrive/internal/cfapi/hydrator.go:329.34,331.3 1 0
github.com/CCoupel/GhostDrive/internal/cfapi/hydrator.go:332.2,332.12 1 1
github.com/CCoupel/GhostDrive/internal/cfapi/manager.go:67.75,73.2 1 1
github.com/CCoupel/GhostDrive/internal/cfapi/manager.go:78.103,82.43 3 1
github.com/CCoupel/GhostDrive/internal/cfapi/manager.go:82.43,84.3 1 1
github.com/CCoupel/GhostDrive/internal/cfapi/manager.go:86.2,86.24 1 1
github.com/CCoupel/GhostDrive/internal/cfapi/manager.go:86.24,88.3 1 1
github.com/CCoupel/GhostDrive/internal/cfapi/manager.go:89.2,89.15 1 1
github.com/CCoupel/GhostDrive/internal/cfapi/manager.go:89.15,91.3 1 1
github.com/CCoupel/GhostDrive/internal/cfapi/manager.go:93.2,94.49 2 1
github.com/CCoupel/GhostDrive/internal/cfapi/manager.go:94.49,96.3 1 1
github.com/CCoupel/GhostDrive/internal/cfapi/manager.go:98.2,99.19 2 1
github.com/CCoupel/GhostDrive/internal/cfapi/manager.go:99.19,101.3 1 1
github.com/CCoupel/GhostDrive/internal/cfapi/manager.go:108.2,108.84 1 1
github.com/CCoupel/GhostDrive/internal/cfapi/manager.go:108.84,110.3 1 0
github.com/CCoupel/GhostDrive/internal/cfapi/manager.go:112.2,114.37 2 1
github.com/CCoupel/GhostDrive/internal/cfapi/manager.go:114.37,117.3 1 0
github.com/CCoupel/GhostDrive/internal/cfapi/manager.go:119.2,127.39 3 1
github.com/CCoupel/GhostDrive/internal/cfapi/manager.go:127.39,129.3 1 0
github.com/CCoupel/GhostDrive/internal/cfapi/manager.go:134.2,135.45 2 1
github.com/CCoupel/GhostDrive/internal/cfapi/manager.go:135.45,136.13 1 1
github.com/CCoupel/GhostDrive/internal/cfapi/manager.go:136.13,137.74 1 1
github.com/CCoupel/GhostDrive/internal/cfapi/manager.go:137.74,139.5 1 0
github.com/CCoupel/GhostDrive/internal/cfapi/manager.go:141.8,144.19 2 0
github.com/CCoupel/GhostDrive/internal/cfapi/manager.go:144.20,144.21 0 0
github.com/CCoupel/GhostDrive/internal/cfapi/manager.go:147.2,153.12 2 1
github.com/CCoupel/GhostDrive/internal/cfapi/manager.go:159.50,162.8 3 1
github.com/CCoupel/GhostDrive/internal/cfapi/manager.go:162.8,164.3 1 1
github.com/CCoupel/GhostDrive/internal/cfapi/manager.go:165.2,167.9 2 1
github.com/CCoupel/GhostDrive/internal/cfapi/manager.go:167.9,169.3 1 1
github.com/CCoupel/GhostDrive/internal/cfapi/manager.go:172.2,172.25 1 1
github.com/CCoupel/GhostDrive/internal/cfapi/manager.go:172.25,174.3 1 1
github.com/CCoupel/GhostDrive/internal/cfapi/manager.go:176.2,176.48 1 1
github.com/CCoupel/GhostDrive/internal/cfapi/manager.go:176.48,178.3 1 0
github.com/CCoupel/GhostDrive/internal/cfapi/manager.go:179.2,179.48 1 1
github.com/CCoupel/GhostDrive/internal/cfapi/manager.go:179.48,181.3 1 0
github.com/CCoupel/GhostDrive/internal/cfapi/manager.go:182.2,182.12 1 1
github.com/CCoupel/GhostDrive/internal/cfapi/manager.go:187.97,188.30 1 1
github.com/CCoupel/GhostDrive/internal/cfapi/manager.go:188.30,190.20 2 1
github.com/CCoupel/GhostDrive/internal/cfapi/manager.go:190.20,192.4 1 1
github.com/CCoupel/GhostDrive/internal/cfapi/manager.go:193.3,193.53 1 1
github.com/CCoupel/GhostDrive/internal/cfapi/manager.go:193.53,196.4 1 1
github.com/CCoupel/GhostDrive/internal/cfapi/manager.go:198.2,198.12 1 1
github.com/CCoupel/GhostDrive/internal/cfapi/manager.go:202.37,205.28 3 1
github.com/CCoupel/GhostDrive/internal/cfapi/manager.go:205.28,207.3 1 1
github.com/CCoupel/GhostDrive/internal/cfapi/manager.go:208.2,210.25 2 1
github.com/CCoupel/GhostDrive/internal/cfapi/manager.go:210.25,211.36 1 1
github.com/CCoupel/GhostDrive/internal/cfapi/manager.go:211.36,213.4 1 0
github.com/CCoupel/GhostDrive/internal/cfapi/manager.go:215.2,215.12 1 1
github.com/CCoupel/GhostDrive/internal/cfapi/manager.go:220.80,225.9 4 1
github.com/CCoupel/GhostDrive/internal/cfapi/manager.go:225.9,227.3 1 1
github.com/CCoupel/GhostDrive/internal/cfapi/manager.go:229.2,230.63 2 1
github.com/CCoupel/GhostDrive/internal/cfapi/manager.go:230.63,232.3 1 0
github.com/CCoupel/GhostDrive/internal/cfapi/manager.go:235.2,235.22 1 1
github.com/CCoupel/GhostDrive/internal/cfapi/manager.go:235.22,242.3 2 1
github.com/CCoupel/GhostDrive/internal/cfapi/manager.go:243.2,243.12 1 1
github.com/CCoupel/GhostDrive/internal/cfapi/manager.go:248.74,250.9 2 0
github.com/CCoupel/GhostDrive/internal/cfapi/manager.go:250.9,252.3 1 0
github.com/CCoupel/GhostDrive/internal/cfapi/manager.go:253.2,253.57 1 0
github.com/CCoupel/GhostDrive/internal/cfapi/manager.go:261.75,267.2 1 1
github.com/CCoupel/GhostDrive/internal/cfapi/manager.go:272.91,274.13 2 1
github.com/CCoupel/GhostDrive/internal/cfapi/manager.go:274.13,276.3 1 1
github.com/CCoupel/GhostDrive/internal/cfapi/manager.go:277.2,278.19 2 1
github.com/CCoupel/GhostDrive/internal/cfapi/manager.go:278.19,280.3 1 0
github.com/CCoupel/GhostDrive/internal/cfapi/manager.go:281.2,281.43 1 1
github.com/CCoupel/GhostDrive/internal/cfapi/manager.go:285.42,286.11 1 1
github.com/CCoupel/GhostDrive/internal/cfapi/manager.go:287.26,288.22 1 1
github.com/CCoupel/GhostDrive/internal/cfapi/manager.go:289.24,290.19 1 1
github.com/CCoupel/GhostDrive/internal/cfapi/manager.go:291.23,292.18 1 1
github.com/CCoupel/GhostDrive/internal/cfapi/manager.go:293.23,294.18 1 1
github.com/CCoupel/GhostDrive/internal/cfapi/manager.go:295.25,296.20 1 1
github.com/CCoupel/GhostDrive/internal/cfapi/manager.go:297.10,298.19 1 0
github.com/CCoupel/GhostDrive/internal/cfapi/provider_stub.go:18.79,24.2 1 1
github.com/CCoupel/GhostDrive/internal/cfapi/provider_stub.go:26.86,26.100 1 1
github.com/CCoupel/GhostDrive/internal/cfapi/provider_stub.go:27.86,27.100 1 1
github.com/CCoupel/GhostDrive/internal/cfapi/provider_stub.go:28.86,28.100 1 1
github.com/CCoupel/GhostDrive/internal/cfapi/provider_stub.go:29.86,29.100 1 1
github.com/CCoupel/GhostDrive/internal/cfapi/provider_stub.go:30.87,30.104 1 1
github.com/CCoupel/GhostDrive/internal/cfapi/provider_stub.go:31.86,31.100 1 1
github.com/CCoupel/GhostDrive/internal/cfapi/provider_stub.go:32.86,32.100 1 1
github.com/CCoupel/GhostDrive/internal/cfapi/provider_stub.go:33.86,33.100 1 1
github.com/CCoupel/GhostDrive/internal/cfapi/provider_stub.go:34.86,34.100 1 1
github.com/CCoupel/GhostDrive/internal/cfapi/provider_stub.go:35.86,35.100 1 1
github.com/CCoupel/GhostDrive/internal/cfapi/storage_provider_stub.go:9.52,11.2 1 1
github.com/CCoupel/GhostDrive/plugins/grpc/client.go:40.57,45.2 1 1
github.com/CCoupel/GhostDrive/plugins/grpc/client.go:50.37,52.16 2 1
github.com/CCoupel/GhostDrive/plugins/grpc/client.go:52.16,54.3 1 0
github.com/CCoupel/GhostDrive/plugins/grpc/client.go:55.2,55.23 1 1
github.com/CCoupel/GhostDrive/plugins/grpc/client.go:60.40,62.2 1 1
github.com/CCoupel/GhostDrive/plugins/grpc/client.go:67.64,71.16 2 1
github.com/CCoupel/GhostDrive/plugins/grpc/client.go:71.16,73.3 1 0
github.com/CCoupel/GhostDrive/plugins/grpc/client.go:74.2,74.27 1 1
github.com/CCoupel/GhostDrive/plugins/grpc/client.go:74.27,76.3 1 0
github.com/CCoupel/GhostDrive/plugins/grpc/client.go:77.2,77.12 1 1
github.com/CCoupel/GhostDrive/plugins/grpc/client.go:81.42,83.16 2 1
github.com/CCoupel/GhostDrive/plugins/grpc/client.go:83.16,85.3 1 0
github.com/CCoupel/GhostDrive/plugins/grpc/client.go:86.2,86.27 1 1
github.com/CCoupel/GhostDrive/plugins/grpc/client.go:86.27,88.3 1 0
github.com/CCoupel/GhostDrive/plugins/grpc/client.go:89.2,89.12 1 1
github.com/CCoupel/GhostDrive/plugins/grpc/client.go:93.42,95.16 2 1
github.com/CCoupel/GhostDrive/plugins/grpc/client.go:95.16,97.3 1 0
github.com/CCoupel/GhostDrive/plugins/grpc/client.go:98.2,98.28 1 1
github.com/CCoupel/GhostDrive/plugins/grpc/client.go:105.114,107.16 2 1
github.com/CCoupel/GhostDrive/plugins/grpc/client.go:107.16,109.3 1 0
github.com/CCoupel/GhostDrive/plugins/grpc/client.go:110.2,113.16 3 1
github.com/CCoupel/GhostDrive/plugins/grpc/client.go:113.16,115.3 1 0
github.com/CCoupel/GhostDrive/plugins/grpc/client.go:116.2,119.16 3 1
github.com/CCoupel/GhostDrive/plugins/grpc/client.go:119.16,121.3 1 0
github.com/CCoupel/GhostDrive/plugins/grpc/client.go:125.2,129.21 1 1
github.com/CCoupel/GhostDrive/plugins/grpc/client.go:129.21,131.3 1 0
github.com/CCoupel/GhostDrive/plugins/grpc/client.go:133.2,136.6 3 1
github.com/CCoupel/GhostDrive/plugins/grpc/client.go:136.6,137.10 1 1
github.com/CCoupel/GhostDrive/plugins/grpc/client.go:138.21,139.20 1 0
github.com/CCoupel/GhostDrive/plugins/grpc/client.go:140.11,140.11 0 1
github.com/CCoupel/GhostDrive/plugins/grpc/client.go:143.3,144.12 2 1
github.com/CCoupel/GhostDrive/plugins/grpc/client.go:144.12,145.85 1 1
github.com/CCoupel/GhostDrive/plugins/grpc/client.go:145.85,147.5 1 0
github.com/CCoupel/GhostDrive/plugins/grpc/client.go:148.4,149.23 2 1
github.com/CCoupel/GhostDrive/plugins/grpc/client.go:149.23,151.5 1 1
github.com/CCoupel/GhostDrive/plugins/grpc/client.go:153.3,153.33 1 1
github.com/CCoupel/GhostDrive/plugins/grpc/client.go:153.33,154.9 1 1
github.com/CCoupel/GhostDrive/plugins/grpc/client.go:156.3,156.21 1 1
github.com/CCoupel/GhostDrive/plugins/grpc/client.go:156.21,158.4 1 0
github.com/CCoupel/GhostDrive/plugins/grpc/client.go:161.2,162.16 2 1
github.com/CCoupel/GhostDrive/plugins/grpc/client.go:162.16,164.3 1 0
github.com/CCoupel/GhostDrive/plugins/grpc/client.go:165.2,165.29 1 1
github.com/CCoupel/GhostDrive/plugins/grpc/client.go:165.29,167.3 1 1
github.com/CCoupel/GhostDrive/plugins/grpc/client.go:168.2,168.12 1 1
github.com/CCoupel/GhostDrive/plugins/grpc/client.go:173.116,178.16 2 1
github.com/CCoupel/GhostDrive/plugins/grpc/client.go:178.16,180.3 1 0
github.com/CCoupel/GhostDrive/plugins/grpc/client.go:183.2,183.60 1 1
github.com/CCoupel/GhostDrive/plugins/grpc/client.go:183.60,185.3 1 0
github.com/CCoupel/GhostDrive/plugins/grpc/client.go:187.2,188.16 2 1
github.com/CCoupel/GhostDrive/plugins/grpc/client.go:188.16,190.3 1 0
github.com/CCoupel/GhostDrive/plugins/grpc/client.go:191.2,193.6 2 1
github.com/CCoupel/GhostDrive/plugins/grpc/client.go:193.6,195.29 2 1
github.com/CCoupel/GhostDrive/plugins/grpc/client.go:195.29,196.9 1 1
github.com/CCoupel/GhostDrive/plugins/grpc/client.go:198.3,198.17 1 1
github.com/CCoupel/GhostDrive/plugins/grpc/client.go:198.17,200.4 1 0
github.com/CCoupel/GhostDrive/plugins/grpc/client.go:201.3,201.29 1 1
github.com/CCoupel/GhostDrive/plugins/grpc/client.go:201.29,203.4 1 1
github.com/CCoupel/GhostDrive/plugins/grpc/client.go:204.3,204.31 1 1
github.com/CCoupel/GhostDrive/plugins/grpc/client.go:204.31,205.64 1 1
github.com/CCoupel/GhostDrive/plugins/grpc/client.go:205.64,207.5 1 0
github.com/CCoupel/GhostDrive/plugins/grpc/client.go:209.3,209.51 1 1
github.com/CCoupel/GhostDrive/plugins/grpc/client.go:209.51,211.4 1 0
github.com/CCoupel/GhostDrive/plugins/grpc/client.go:213.2,213.12 1 1
github.com/CCoupel/GhostDrive/plugins/grpc/client.go:217.72,219.16 2 1
github.com/CCoupel/GhostDrive/plugins/grpc/client.go:219.16,221.3 1 1
github.com/CCoupel/GhostDrive/plugins/grpc/client.go:222.2,222.27 1 1
github.com/CCoupel/GhostDrive/plugins/grpc/client.go:222.27,224.3 1 0
github.com/CCoupel/GhostDrive/plugins/grpc/client.go:225.2,225.12 1 1
github.com/CCoupel/GhostDrive/plugins/grpc/client.go:229.80,231.16 2 1
github.com/CCoupel/GhostDrive/plugins/grpc/client.go:231.16,233.3 1 1
github.com/CCoupel/GhostDrive/plugins/grpc/client.go:234.2,234.27 1 1
github.com/CCoupel/GhostDrive/plugins/grpc/client.go:234.27,236.3 1 0
github.com/CCoupel/GhostDrive/plugins/grpc/client.go:237.2,237.12 1 1
github.com/CCoupel/GhostDrive/plugins/grpc/client.go:241.82,243.16 2 0
github.com/CCoupel/GhostDrive/plugins/grpc/client.go:243.16,245.3 1 0
github.com/CCoupel/GhostDrive/plugins/grpc/client.go:246.2,246.27 1 0
github.com/CCoupel/GhostDrive/plugins/grpc/client.go:246.27,248.3 1 0
github.com/CCoupel/GhostDrive/plugins/grpc/client.go:249.2,249.12 1 0
github.com/CCoupel/GhostDrive/plugins/grpc/client.go:253.80,255.16 2 0
github.com/CCoupel/GhostDrive/plugins/grpc/client.go:255.16,257.3 1 0
github.com/CCoupel/GhostDrive/plugins/grpc/client.go:258.2,258.27 1 0
github.com/CCoupel/GhostDrive/plugins/grpc/client.go:258.27,260.3 1 0
github.com/CCoupel/GhostDrive/plugins/grpc/client.go:261.2,261.12 1 0
github.com/CCoupel/GhostDrive/plugins/grpc/client.go:267.90,269.16 2 1
github.com/CCoupel/GhostDrive/plugins/grpc/client.go:269.16,271.3 1 1
github.com/CCoupel/GhostDrive/plugins/grpc/client.go:272.2,272.27 1 1
github.com/CCoupel/GhostDrive/plugins/grpc/client.go:272.27,274.3 1 0
github.com/CCoupel/GhostDrive/plugins/grpc/client.go:275.2,276.37 2 1
github.com/CCoupel/GhostDrive/plugins/grpc/client.go:276.37,278.3 1 1
github.com/CCoupel/GhostDrive/plugins/grpc/client.go:279.2,279.19 1 1
github.com/CCoupel/GhostDrive/plugins/grpc/client.go:283.89,285.16 2 1
github.com/CCoupel/GhostDrive/plugins/grpc/client.go:285.16,287.3 1 1
github.com/CCoupel/GhostDrive/plugins/grpc/client.go:288.2,288.27 1 1
github.com/CCoupel/GhostDrive/plugins/grpc/client.go:288.27,290.3 1 0
github.com/CCoupel/GhostDrive/plugins/grpc/client.go:291.2,292.17 2 1
github.com/CCoupel/GhostDrive/plugins/grpc/client.go:296.73,298.16 2 1
github.com/CCoupel/GhostDrive/plugins/grpc/client.go:298.16,300.3 1 1
github.com/CCoupel/GhostDrive/plugins/grpc/client.go:301.2,301.27 1 1
github.com/CCoupel/GhostDrive/plugins/grpc/client.go:301.27,303.3 1 0
github.com/CCoupel/GhostDrive/plugins/grpc/client.go:304.2,304.12 1 1
github.com/CCoupel/GhostDrive/plugins/grpc/client.go:312.97,314.16 2 1
github.com/CCoupel/GhostDrive/plugins/grpc/client.go:314.16,316.3 1 0
github.com/CCoupel/GhostDrive/plugins/grpc/client.go:318.2,319.12 2 1
github.com/CCoupel/GhostDrive/plugins/grpc/client.go:319.12,321.7 2 1
github.com/CCoupel/GhostDrive/plugins/grpc/client.go:321.7,323.30 2 1
github.com/CCoupel/GhostDrive/plugins/grpc/client.go:323.30,325.5 1 0
github.com/CCoupel/GhostDrive/plugins/grpc/client.go:326.4,326.18 1 1
github.com/CCoupel/GhostDrive/plugins/grpc/client.go:326.18,329.5 1 1
github.com/CCoupel/GhostDrive/plugins/grpc/client.go:330.4,330.27 1 1
github.com/CCoupel/GhostDrive/plugins/grpc/client.go:330.27,332.5 1 0
github.com/CCoupel/GhostDrive/plugins/grpc/client.go:333.4,333.11 1 1
github.com/CCoupel/GhostDrive/plugins/grpc/client.go:334.49,334.49 0 1
github.com/CCoupel/GhostDrive/plugins/grpc/client.go:335.22,336.11 1 0
github.com/CCoupel/GhostDrive/plugins/grpc/client.go:340.2,340.16 1 1
github.com/CCoupel/GhostDrive/plugins/grpc/client.go:352.84,354.20 2 1
github.com/CCoupel/GhostDrive/plugins/grpc/client.go:354.20,356.3 1 1
github.com/CCoupel/GhostDrive/plugins/grpc/client.go:358.2,358.27 1 1
github.com/CCoupel/GhostDrive/plugins/grpc/client.go:358.27,360.3 1 0
github.com/CCoupel/GhostDrive/plugins/grpc/client.go:361.2,361.45 1 1
github.com/CCoupel/GhostDrive/plugins/grpc/client.go:368.104,374.16 2 0
github.com/CCoupel/GhostDrive/plugins/grpc/client.go:374.16,376.3 1 0
github.com/CCoupel/GhostDrive/plugins/grpc/client.go:377.2,377.27 1 0
github.com/CCoupel/GhostDrive/plugins/grpc/client.go:377.27,379.3 1 0
github.com/CCoupel/GhostDrive/plugins/grpc/client.go:380.2,380.28 1 0
github.com/CCoupel/GhostDrive/plugins/grpc/client.go:385.41,387.16 2 0
github.com/CCoupel/GhostDrive/plugins/grpc/client.go:387.16,389.3 1 0
github.com/CCoupel/GhostDrive/plugins/grpc/client.go:390.2,390.28 1 0
github.com/CCoupel/GhostDrive/plugins/grpc/client.go:397.59,399.16 2 1
github.com/CCoupel/GhostDrive/plugins/grpc/client.go:399.16,401.3 1 0
github.com/CCoupel/GhostDrive/plugins/grpc/client.go:402.2,403.37 2 1
github.com/CCoupel/GhostDrive/plugins/grpc/client.go:403.37,414.3 1 1
github.com/CCoupel/GhostDrive/plugins/grpc/client.go:415.2,421.3 1 1
github.com/CCoupel/GhostDrive/plugins/grpc/client.go:427.51,428.16 1 1
github.com/CCoupel/GhostDrive/plugins/grpc/client.go:428.16,430.3 1 0
github.com/CCoupel/GhostDrive/plugins/grpc/client.go:431.2,431.26 1 1
github.com/CCoupel/GhostDrive/plugins/grpc/client.go:432.22,433.63 1 1
github.com/CCoupel/GhostDrive/plugins/grpc/client.go:434.32,435.63 1 1
github.com/CCoupel/GhostDrive/plugins/grpc/client.go:436.27,437.63 1 0
github.com/CCoupel/GhostDrive/plugins/grpc/client.go:438.10,439.43 1 1
github.com/CCoupel/GhostDrive/plugins/grpc/client.go:444.83,456.2 1 1
github.com/CCoupel/GhostDrive/plugins/grpc/client.go:459.70,460.15 1 1
github.com/CCoupel/GhostDrive/plugins/grpc/client.go:460.15,462.3 1 0
github.com/CCoupel/GhostDrive/plugins/grpc/client.go:463.2,473.3 1 1
github.com/CCoupel/GhostDrive/plugins/grpc/client.go:488.45,489.18 1 1
github.com/CCoupel/GhostDrive/plugins/grpc/client.go:489.18,491.3 1 0
github.com/CCoupel/GhostDrive/plugins/grpc/client.go:492.2,492.30 1 1
github.com/CCoupel/GhostDrive/plugins/grpc/client.go:496.73,497.15 1 1
github.com/CCoupel/GhostDrive/plugins/grpc/client.go:497.15,499.3 1 0
github.com/CCoupel/GhostDrive/plugins/grpc/client.go:500.2,511.3 1 1
github.com/CCoupel/GhostDrive/plugins/grpc/client.go:515.36,516.38 1 1
github.com/CCoupel/GhostDrive/plugins/grpc/client.go:516.38,517.40 1 1
github.com/CCoupel/GhostDrive/plugins/grpc/client.go:517.40,519.4 1 1
github.com/CCoupel/GhostDrive/plugins/grpc/client.go:521.2,521.12 1 0
github.com/CCoupel/GhostDrive/plugins/grpc/inprocess.go:29.80,34.12 4 1
github.com/CCoupel/GhostDrive/plugins/grpc/inprocess.go:34.12,34.32 1 1
github.com/CCoupel/GhostDrive/plugins/grpc/inprocess.go:36.2,36.66 1 1
github.com/CCoupel/GhostDrive/plugins/grpc/inprocess.go:36.66,38.3 1 1
github.com/CCoupel/GhostDrive/plugins/grpc/inprocess.go:41.2,46.16 2 1
github.com/CCoupel/GhostDrive/plugins/grpc/inprocess.go:46.16,50.3 3 0
github.com/CCoupel/GhostDrive/plugins/grpc/inprocess.go:52.2,52.20 1 1
github.com/CCoupel/GhostDrive/plugins/grpc/inprocess.go:52.20,56.3 3 1
github.com/CCoupel/GhostDrive/plugins/grpc/inprocess.go:57.2,57.43 1 1
github.com/CCoupel/GhostDrive/plugins/grpc/server.go:37.112,39.2 1 1
github.com/CCoupel/GhostDrive/plugins/grpc/server.go:43.123,45.44 2 1
github.com/CCoupel/GhostDrive/plugins/grpc/server.go:45.44,47.3 1 0
github.com/CCoupel/GhostDrive/plugins/grpc/server.go:48.2,48.42 1 1
github.com/CCoupel/GhostDrive/plugins/grpc/server.go:51.130,52.44 1 1
github.com/CCoupel/GhostDrive/plugins/grpc/server.go:52.44,54.3 1 0
github.com/CCoupel/GhostDrive/plugins/grpc/server.go:55.2,55.45 1 1
github.com/CCoupel/GhostDrive/plugins/grpc/server.go:58.133,60.2 1 1
github.com/CCoupel/GhostDrive/plugins/grpc/server.go:66.88,72.16 5 1
github.com/CCoupel/GhostDrive/plugins/grpc/server.go:72.16,74.3 1 0
github.com/CCoupel/GhostDrive/plugins/grpc/server.go:75.2,78.6 3 1
github.com/CCoupel/GhostDrive/plugins/grpc/server.go:78.6,80.24 2 1
github.com/CCoupel/GhostDrive/plugins/grpc/server.go:80.24,81.9 1 1
github.com/CCoupel/GhostDrive/plugins/grpc/server.go:83.3,83.21 1 1
github.com/CCoupel/GhostDrive/plugins/grpc/server.go:83.21,86.4 2 0
github.com/CCoupel/GhostDrive/plugins/grpc/server.go:87.3,87.15 1 1
github.com/CCoupel/GhostDrive/plugins/grpc/server.go:87.15,90.4 2 1
github.com/CCoupel/GhostDrive/plugins/grpc/server.go:91.3,91.39 1 1
github.com/CCoupel/GhostDrive/plugins/grpc/server.go:91.39,93.36 2 1
github.com/CCoupel/GhostDrive/plugins/grpc/server.go:93.36,97.5 2 0
github.com/CCoupel/GhostDrive/plugins/grpc/server.go:98.4,98.70 1 1
github.com/CCoupel/GhostDrive/plugins/grpc/server.go:98.70,101.5 2 0
github.com/CCoupel/GhostDrive/plugins/grpc/server.go:104.2,106.82 2 1
github.com/CCoupel/GhostDrive/plugins/grpc/server.go:106.82,108.3 1 1
github.com/CCoupel/GhostDrive/plugins/grpc/server.go:109.2,109.55 1 1
github.com/CCoupel/GhostDrive/plugins/grpc/server.go:113.124,118.16 4 1
github.com/CCoupel/GhostDrive/plugins/grpc/server.go:118.16,120.3 1 0
github.com/CCoupel/GhostDrive/plugins/grpc/server.go:121.2,125.71 4 1
github.com/CCoupel/GhostDrive/plugins/grpc/server.go:125.71,128.3 2 1
github.com/CCoupel/GhostDrive/plugins/grpc/server.go:130.2,131.16 2 1
github.com/CCoupel/GhostDrive/plugins/grpc/server.go:131.16,133.3 1 0
github.com/CCoupel/GhostDrive/plugins/grpc/server.go:134.2,138.15 4 1
github.com/CCoupel/GhostDrive/plugins/grpc/server.go:138.15,140.3 1 1
github.com/CCoupel/GhostDrive/plugins/grpc/server.go:142.2,144.6 3 1
github.com/CCoupel/GhostDrive/plugins/grpc/server.go:144.6,146.12 2 1
github.com/CCoupel/GhostDrive/plugins/grpc/server.go:146.12,152.23 2 1
github.com/CCoupel/GhostDrive/plugins/grpc/server.go:152.23,154.5 1 0
github.com/CCoupel/GhostDrive/plugins/grpc/server.go:156.3,156.24 1 1
github.com/CCoupel/GhostDrive/plugins/grpc/server.go:156.24,157.9 1 1
github.com/CCoupel/GhostDrive/plugins/grpc/server.go:159.3,159.21 1 1
github.com/CCoupel/GhostDrive/plugins/grpc/server.go:159.21,161.4 1 0
github.com/CCoupel/GhostDrive/plugins/grpc/server.go:163.2,163.12 1 1
github.com/CCoupel/GhostDrive/plugins/grpc/server.go:166.122,167.58 1 1
github.com/CCoupel/GhostDrive/plugins/grpc/server.go:167.58,169.3 1 1
github.com/CCoupel/GhostDrive/plugins/grpc/server.go:170.2,170.41 1 1
github.com/CCoupel/GhostDrive/plugins/grpc/server.go:173.116,174.77 1 1
github.com/CCoupel/GhostDrive/plugins/grpc/server.go:174.77,176.3 1 1
github.com/CCoupel/GhostDrive/plugins/grpc/server.go:177.2,177.39 1 1
github.com/CCoupel/GhostDrive/plugins/grpc/server.go:181.118,182.79 1 0
github.com/CCoupel/GhostDrive/plugins/grpc/server.go:182.79,184.3 1 0
github.com/CCoupel/GhostDrive/plugins/grpc/server.go:185.2,185.39 1 0
github.com/CCoupel/GhostDrive/plugins/grpc/server.go:189.116,190.77 1 0
github.com/CCoupel/GhostDrive/plugins/grpc/server.go:190.77,192.3 1 0
github.com/CCoupel/GhostDrive/plugins/grpc/server.go:193.2,193.39 1 0
github.com/CCoupel/GhostDrive/plugins/grpc/server.go:198.116,200.16 2 1
github.com/CCoupel/GhostDrive/plugins/grpc/server.go:200.16,202.3 1 1
github.com/CCoupel/GhostDrive/plugins/grpc/server.go:203.2,204.27 2 1
github.com/CCoupel/GhostDrive/plugins/grpc/server.go:204.27,206.3 1 1
github.com/CCoupel/GhostDrive/plugins/grpc/server.go:207.2,207.52 1 1
github.com/CCoupel/GhostDrive/plugins/grpc/server.go:210.116,212.16 2 1
github.com/CCoupel/GhostDrive/plugins/grpc/server.go:212.16,214.3 1 1
github.com/CCoupel/GhostDrive/plugins/grpc/server.go:215.2,215.65 1 1
github.com/CCoupel/GhostDrive/plugins/grpc/server.go:218.131,219.61 1 1
github.com/CCoupel/GhostDrive/plugins/grpc/server.go:219.61,221.3 1 1
github.com/CCoupel/GhostDrive/plugins/grpc/server.go:222.2,222.44 1 1
github.com/CCoupel/GhostDrive/plugins/grpc/server.go:228.115,231.16 3 1
github.com/CCoupel/GhostDrive/plugins/grpc/server.go:231.16,234.3 2 0
github.com/CCoupel/GhostDrive/plugins/grpc/server.go:235.2,235.6 1 1
github.com/CCoupel/GhostDrive/plugins/grpc/server.go:235.6,236.10 1 1
github.com/CCoupel/GhostDrive/plugins/grpc/server.go:237.21,238.14 1 1
github.com/CCoupel/GhostDrive/plugins/grpc/server.go:239.23,240.11 1 1
github.com/CCoupel/GhostDrive/plugins/grpc/server.go:240.11,242.5 1 0
github.com/CCoupel/GhostDrive/plugins/grpc/server.go:243.4,243.98 1 1
github.com/CCoupel/GhostDrive/plugins/grpc/server.go:243.98,245.5 1 0
github.com/CCoupel/GhostDrive/plugins/grpc/server.go:256.120,258.16 2 1
github.com/CCoupel/GhostDrive/plugins/grpc/server.go:258.16,260.3 1 1
github.com/CCoupel/GhostDrive/plugins/grpc/server.go:261.2,261.64 1 1
github.com/CCoupel/GhostDrive/plugins/grpc/server.go:268.122,270.16 2 0
github.com/CCoupel/GhostDrive/plugins/grpc/server.go:270.16,272.3 1 0
github.com/CCoupel/GhostDrive/plugins/grpc/server.go:273.2,273.51 1 0
github.com/CCoupel/GhostDrive/plugins/grpc/server.go:278.127,280.2 1 0
github.com/CCoupel/GhostDrive/plugins/grpc/server.go:285.124,288.29 3 1
github.com/CCoupel/GhostDrive/plugins/grpc/server.go:288.29,299.3 1 1
github.com/CCoupel/GhostDrive/plugins/grpc/server.go:300.2,306.8 1 1
github.com/CCoupel/GhostDrive/plugins/grpc/server.go:320.39,321.16 1 1
github.com/CCoupel/GhostDrive/plugins/grpc/server.go:321.16,323.3 1 0
github.com/CCoupel/GhostDrive/plugins/grpc/server.go:325.2,325.40 1 1
github.com/CCoupel/GhostDrive/plugins/grpc/server.go:325.40,327.3 1 0
github.com/CCoupel/GhostDrive/plugins/grpc/server.go:328.2,328.9 1 1
github.com/CCoupel/GhostDrive/plugins/grpc/server.go:329.47,330.51 1 1
github.com/CCoupel/GhostDrive/plugins/grpc/server.go:331.47,332.61 1 1
github.com/CCoupel/GhostDrive/plugins/grpc/server.go:333.47,334.56 1 0
github.com/CCoupel/GhostDrive/plugins/grpc/server.go:335.10,336.51 1 1
github.com/CCoupel/GhostDrive/plugins/grpc/server.go:343.84,344.14 1 1
github.com/CCoupel/GhostDrive/plugins/grpc/server.go:344.14,346.3 1 0
github.com/CCoupel/GhostDrive/plugins/grpc/server.go:347.2,357.3 1 1
github.com/CCoupel/GhostDrive/plugins/grpc/server.go:361.68,373.2 1 1
github.com/CCoupel/GhostDrive/plugins/grpc/server.go:376.71,387.2 1 1
github.com/CCoupel/GhostDrive/plugins/grpc/server.go:412.79,415.2 2 0
github.com/CCoupel/GhostDrive/plugins/grpc/server.go:419.120,421.2 1 0
github.com/CCoupel/GhostDrive/internal/app/about.go:45.40,48.43 2 0
github.com/CCoupel/GhostDrive/internal/app/about.go:48.43,52.3 3 0
github.com/CCoupel/GhostDrive/internal/app/about.go:54.2,60.41 2 0
github.com/CCoupel/GhostDrive/internal/app/about.go:60.41,62.33 2 0
github.com/CCoupel/GhostDrive/internal/app/about.go:62.33,63.17 1 0
github.com/CCoupel/GhostDrive/internal/app/about.go:64.24,66.52 1 0
github.com/CCoupel/GhostDrive/internal/app/about.go:66.52,68.6 1 0
github.com/CCoupel/GhostDrive/internal/app/about.go:68.11,68.55 1 0
github.com/CCoupel/GhostDrive/internal/app/about.go:68.55,70.6 1 0
github.com/CCoupel/GhostDrive/internal/app/about.go:71.20,72.22 1 0
github.com/CCoupel/GhostDrive/internal/app/about.go:72.22,74.6 1 0
github.com/CCoupel/GhostDrive/internal/app/about.go:78.2,78.13 1 0
github.com/CCoupel/GhostDrive/internal/app/about.go:86.33,88.2 1 0
github.com/CCoupel/GhostDrive/internal/app/about.go:91.71,97.2 1 0
github.com/CCoupel/GhostDrive/internal/app/app.go:56.34,57.19 1 0
github.com/CCoupel/GhostDrive/internal/app/app.go:57.19,58.48 1 0
github.com/CCoupel/GhostDrive/internal/app/app.go:58.48,60.4 1 0
github.com/CCoupel/GhostDrive/internal/app/app.go:62.2,74.10 3 0
github.com/CCoupel/GhostDrive/internal/app/app.go:78.44,83.26 3 1
github.com/CCoupel/GhostDrive/internal/app/app.go:83.26,85.3 1 1
github.com/CCoupel/GhostDrive/internal/app/app.go:86.2,86.23 1 1
github.com/CCoupel/GhostDrive/internal/app/app.go:86.23,88.3 1 1
github.com/CCoupel/GhostDrive/internal/app/app.go:89.2,93.44 2 1
github.com/CCoupel/GhostDrive/internal/app/app.go:93.44,94.19 1 1
github.com/CCoupel/GhostDrive/internal/app/app.go:94.19,96.4 1 0
github.com/CCoupel/GhostDrive/internal/app/app.go:98.2,107.16 7 1
github.com/CCoupel/GhostDrive/internal/app/app.go:107.16,110.17 3 0
github.com/CCoupel/GhostDrive/internal/app/app.go:110.17,113.4 2 0
github.com/CCoupel/GhostDrive/internal/app/app.go:115.2,116.16 2 1
github.com/CCoupel/GhostDrive/internal/app/app.go:116.16,120.3 3 0
github.com/CCoupel/GhostDrive/internal/app/app.go:121.2,126.27 6 1
github.com/CCoupel/GhostDrive/internal/app/app.go:126.27,128.3 1 1
github.com/CCoupel/GhostDrive/internal/app/app.go:129.2,129.35 1 1
github.com/CCoupel/GhostDrive/internal/app/app.go:129.35,131.3 1 1
github.com/CCoupel/GhostDrive/internal/app/app.go:132.2,132.26 1 1
github.com/CCoupel/GhostDrive/internal/app/app.go:132.26,134.3 1 1
github.com/CCoupel/GhostDrive/internal/app/app.go:136.2,142.48 4 1
github.com/CCoupel/GhostDrive/internal/app/app.go:142.48,144.3 1 0
github.com/CCoupel/GhostDrive/internal/app/app.go:153.2,155.21 3 1
github.com/CCoupel/GhostDrive/internal/app/app.go:155.21,157.3 1 0
github.com/CCoupel/GhostDrive/internal/app/app.go:157.8,165.59 5 1
github.com/CCoupel/GhostDrive/internal/app/app.go:165.59,167.23 2 1
github.com/CCoupel/GhostDrive/internal/app/app.go:167.23,170.5 2 0
github.com/CCoupel/GhostDrive/internal/app/app.go:171.4,171.12 1 1
github.com/CCoupel/GhostDrive/internal/app/app.go:177.2,178.19 2 1
github.com/CCoupel/GhostDrive/internal/app/app.go:178.19,181.3 2 0
github.com/CCoupel/GhostDrive/internal/app/app.go:182.2,184.46 3 1
github.com/CCoupel/GhostDrive/internal/app/app.go:184.46,186.3 1 0
github.com/CCoupel/GhostDrive/internal/app/app.go:189.2,189.26 1 1
github.com/CCoupel/GhostDrive/internal/app/app.go:189.26,191.58 2 1
github.com/CCoupel/GhostDrive/internal/app/app.go:191.58,193.4 1 0
github.com/CCoupel/GhostDrive/internal/app/app.go:194.3,194.16 1 1
github.com/CCoupel/GhostDrive/internal/app/app.go:199.2,202.29 3 1
github.com/CCoupel/GhostDrive/internal/app/app.go:202.29,204.20 2 0
github.com/CCoupel/GhostDrive/internal/app/app.go:204.20,206.5 1 0
github.com/CCoupel/GhostDrive/internal/app/app.go:207.4,208.20 2 0
github.com/CCoupel/GhostDrive/internal/app/app.go:211.3,211.34 1 1
github.com/CCoupel/GhostDrive/internal/app/app.go:211.34,214.4 2 1
github.com/CCoupel/GhostDrive/internal/app/app.go:215.3,219.16 4 1
github.com/CCoupel/GhostDrive/internal/app/app.go:219.16,220.74 1 1
github.com/CCoupel/GhostDrive/internal/app/app.go:220.74,222.5 1 0
github.com/CCoupel/GhostDrive/internal/app/app.go:227.2,241.38 11 1
github.com/CCoupel/GhostDrive/internal/app/app.go:241.38,242.18 1 1
github.com/CCoupel/GhostDrive/internal/app/app.go:242.18,243.12 1 1
github.com/CCoupel/GhostDrive/internal/app/app.go:245.3,245.43 1 0
github.com/CCoupel/GhostDrive/internal/app/app.go:245.43,252.12 5 0
github.com/CCoupel/GhostDrive/internal/app/app.go:255.3,256.9 2 0
github.com/CCoupel/GhostDrive/internal/app/app.go:256.9,263.4 1 0
github.com/CCoupel/GhostDrive/internal/app/app.go:265.3,265.18 1 0
github.com/CCoupel/GhostDrive/internal/app/app.go:265.18,266.45 1 0
github.com/CCoupel/GhostDrive/internal/app/app.go:266.45,268.5 1 0
github.com/CCoupel/GhostDrive/internal/app/app.go:273.2,273.30 1 1
github.com/CCoupel/GhostDrive/internal/app/app.go:273.30,274.92 1 0
github.com/CCoupel/GhostDrive/internal/app/app.go:274.92,281.4 2 0
github.com/CCoupel/GhostDrive/internal/app/app.go:281.9,282.54 1 0
github.com/CCoupel/GhostDrive/internal/app/app.go:282.54,290.5 1 0
github.com/CCoupel/GhostDrive/internal/app/app.go:295.2,295.52 1 1
github.com/CCoupel/GhostDrive/internal/app/app.go:295.52,301.31 6 0
github.com/CCoupel/GhostDrive/internal/app/app.go:301.31,302.34 1 0
github.com/CCoupel/GhostDrive/internal/app/app.go:302.34,304.5 1 0
github.com/CCoupel/GhostDrive/internal/app/app.go:306.3,306.67 1 0
github.com/CCoupel/GhostDrive/internal/app/app.go:306.67,308.4 1 0
github.com/CCoupel/GhostDrive/internal/app/app.go:311.2,314.4 1 1
github.com/CCoupel/GhostDrive/internal/app/app.go:318.45,320.24 1 1
github.com/CCoupel/GhostDrive/internal/app/app.go:320.24,321.47 1 0
github.com/CCoupel/GhostDrive/internal/app/app.go:321.47,323.4 1 0
github.com/CCoupel/GhostDrive/internal/app/app.go:327.2,328.36 2 1
github.com/CCoupel/GhostDrive/internal/app/app.go:328.36,329.36 1 0
github.com/CCoupel/GhostDrive/internal/app/app.go:329.36,331.4 1 0
github.com/CCoupel/GhostDrive/internal/app/app.go:333.2,337.27 3 1
github.com/CCoupel/GhostDrive/internal/app/app.go:337.27,338.57 1 1
github.com/CCoupel/GhostDrive/internal/app/app.go:338.57,340.4 1 0
github.com/CCoupel/GhostDrive/internal/app/app.go:342.3,342.53 1 1
github.com/CCoupel/GhostDrive/internal/app/app.go:342.53,344.4 1 0
github.com/CCoupel/GhostDrive/internal/app/app.go:347.2,349.36 3 1
github.com/CCoupel/GhostDrive/internal/app/app.go:349.36,352.3 2 0
github.com/CCoupel/GhostDrive/internal/app/app.go:355.2,355.26 1 1
github.com/CCoupel/GhostDrive/internal/app/app.go:355.26,356.46 1 0
github.com/CCoupel/GhostDrive/internal/app/app.go:356.46,358.4 1 0
github.com/CCoupel/GhostDrive/internal/app/app.go:362.2,362.27 1 1
github.com/CCoupel/GhostDrive/internal/app/app.go:362.27,364.3 1 0
github.com/CCoupel/GhostDrive/internal/app/app.go:370.44,374.2 3 0
github.com/CCoupel/GhostDrive/internal/app/app.go:377.54,383.2 5 0
github.com/CCoupel/GhostDrive/internal/app/app.go:386.35,390.2 3 0
github.com/CCoupel/GhostDrive/internal/app/app.go:395.51,396.26 1 0
github.com/CCoupel/GhostDrive/internal/app/app.go:396.26,400.30 4 0
github.com/CCoupel/GhostDrive/internal/app/app.go:400.30,401.51 1 0
github.com/CCoupel/GhostDrive/internal/app/app.go:401.51,404.5 2 0
github.com/CCoupel/GhostDrive/internal/app/app.go:406.3,406.15 1 0
github.com/CCoupel/GhostDrive/internal/app/app.go:408.2,408.34 1 0
github.com/CCoupel/GhostDrive/internal/app/app.go:415.52,416.26 1 0
github.com/CCoupel/GhostDrive/internal/app/app.go:416.26,418.3 1 0
github.com/CCoupel/GhostDrive/internal/app/app.go:419.2,420.18 2 0
github.com/CCoupel/GhostDrive/internal/app/app.go:420.18,422.3 1 0
github.com/CCoupel/GhostDrive/internal/app/app.go:423.2,424.26 2 0
github.com/CCoupel/GhostDrive/internal/app/app.go:424.26,425.27 1 0
github.com/CCoupel/GhostDrive/internal/app/app.go:425.27,426.12 1 0
github.com/CCoupel/GhostDrive/internal/app/app.go:428.3,428.58 1 0
github.com/CCoupel/GhostDrive/internal/app/app.go:430.2,430.15 1 0
github.com/CCoupel/GhostDrive/internal/app/app.go:439.65,443.34 4 1
github.com/CCoupel/GhostDrive/internal/app/app.go:443.34,445.3 1 1
github.com/CCoupel/GhostDrive/internal/app/app.go:446.2,446.15 1 1
github.com/CCoupel/GhostDrive/internal/app/app.go:454.37,455.26 1 0
github.com/CCoupel/GhostDrive/internal/app/app.go:455.26,457.3 1 0
github.com/CCoupel/GhostDrive/internal/app/app.go:458.2,458.47 1 0
github.com/CCoupel/GhostDrive/internal/app/app.go:458.47,460.3 1 0
github.com/CCoupel/GhostDrive/internal/app/app.go:461.2,463.12 3 0
github.com/CCoupel/GhostDrive/internal/app/app.go:475.83,481.24 2 1
github.com/CCoupel/GhostDrive/internal/app/app.go:481.24,486.67 4 1
github.com/CCoupel/GhostDrive/internal/app/app.go:486.67,488.4 1 0
github.com/CCoupel/GhostDrive/internal/app/app.go:489.3,489.27 1 1
github.com/CCoupel/GhostDrive/internal/app/app.go:492.2,492.22 1 1
github.com/CCoupel/GhostDrive/internal/app/app.go:492.22,494.3 1 1
github.com/CCoupel/GhostDrive/internal/app/app.go:497.2,497.25 1 1
github.com/CCoupel/GhostDrive/internal/app/app.go:497.25,500.37 3 1
github.com/CCoupel/GhostDrive/internal/app/app.go:500.37,501.27 1 0
github.com/CCoupel/GhostDrive/internal/app/app.go:501.27,503.5 1 0
github.com/CCoupel/GhostDrive/internal/app/app.go:505.3,506.68 2 1
github.com/CCoupel/GhostDrive/internal/app/app.go:511.2,512.16 2 1
github.com/CCoupel/GhostDrive/internal/app/app.go:512.16,514.3 1 0
github.com/CCoupel/GhostDrive/internal/app/app.go:515.2,518.54 2 1
github.com/CCoupel/GhostDrive/internal/app/app.go:518.54,520.3 1 0
github.com/CCoupel/GhostDrive/internal/app/app.go:523.2,523.17 1 1
github.com/CCoupel/GhostDrive/internal/app/app.go:523.17,525.3 1 1
github.com/CCoupel/GhostDrive/internal/app/app.go:528.2,534.47 6 1
github.com/CCoupel/GhostDrive/internal/app/app.go:534.47,536.3 1 0
github.com/CCoupel/GhostDrive/internal/app/app.go:537.2,537.16 1 1
github.com/CCoupel/GhostDrive/internal/app/app.go:547.64,550.36 3 1
github.com/CCoupel/GhostDrive/internal/app/app.go:550.36,551.18 1 1
github.com/CCoupel/GhostDrive/internal/app/app.go:551.18,553.9 2 1
github.com/CCoupel/GhostDrive/internal/app/app.go:556.2,556.15 1 1
github.com/CCoupel/GhostDrive/internal/app/app.go:556.15,559.3 2 0
github.com/CCoupel/GhostDrive/internal/app/app.go:560.2,566.14 6 1
github.com/CCoupel/GhostDrive/internal/app/app.go:566.14,570.76 2 1
github.com/CCoupel/GhostDrive/internal/app/app.go:570.76,573.4 1 1
github.com/CCoupel/GhostDrive/internal/app/app.go:575.3,578.25 2 1
github.com/CCoupel/GhostDrive/internal/app/app.go:578.25,579.47 1 0
github.com/CCoupel/GhostDrive/internal/app/app.go:579.47,581.5 1 0
github.com/CCoupel/GhostDrive/internal/app/app.go:585.3,588.48 4 1
github.com/CCoupel/GhostDrive/internal/app/app.go:588.48,590.4 1 0
github.com/CCoupel/GhostDrive/internal/app/app.go:591.3,602.5 6 1
github.com/CCoupel/GhostDrive/internal/app/app.go:603.8,606.43 1 1
github.com/CCoupel/GhostDrive/internal/app/app.go:606.43,609.56 2 1
github.com/CCoupel/GhostDrive/internal/app/app.go:609.56,611.5 1 1
github.com/CCoupel/GhostDrive/internal/app/app.go:613.4,615.43 3 1
github.com/CCoupel/GhostDrive/internal/app/app.go:618.3,625.76 5 1
github.com/CCoupel/GhostDrive/internal/app/app.go:625.76,630.56 4 1
github.com/CCoupel/GhostDrive/internal/app/app.go:630.56,632.5 1 1
github.com/CCoupel/GhostDrive/internal/app/app.go:633.4,639.60 3 1
github.com/CCoupel/GhostDrive/internal/app/app.go:642.3,642.53 1 0
github.com/CCoupel/GhostDrive/internal/app/app.go:642.53,650.4 1 0
github.com/CCoupel/GhostDrive/internal/app/app.go:652.3,655.25 2 0
github.com/CCoupel/GhostDrive/internal/app/app.go:655.25,666.59 6 0
github.com/CCoupel/GhostDrive/internal/app/app.go:666.59,668.5 1 0
github.com/CCoupel/GhostDrive/internal/app/app.go:671.3,674.48 4 0
github.com/CCoupel/GhostDrive/internal/app/app.go:674.48,676.4 1 0
github.com/CCoupel/GhostDrive/internal/app/app.go:677.3,677.18 1 0
github.com/CCoupel/GhostDrive/internal/app/app.go:677.18,679.4 1 0
github.com/CCoupel/GhostDrive/internal/app/app.go:682.2,685.12 4 1
github.com/CCoupel/GhostDrive/internal/app/app.go:691.59,694.36 3 0
github.com/CCoupel/GhostDrive/internal/app/app.go:694.36,695.18 1 0
github.com/CCoupel/GhostDrive/internal/app/app.go:695.18,697.9 2 0
github.com/CCoupel/GhostDrive/internal/app/app.go:700.2,700.15 1 0
github.com/CCoupel/GhostDrive/internal/app/app.go:700.15,703.3 2 0
github.com/CCoupel/GhostDrive/internal/app/app.go:704.2,709.47 5 0
github.com/CCoupel/GhostDrive/internal/app/app.go:709.47,711.3 1 0
github.com/CCoupel/GhostDrive/internal/app/app.go:713.2,713.15 1 0
github.com/CCoupel/GhostDrive/internal/app/app.go:713.15,715.3 1 0
github.com/CCoupel/GhostDrive/internal/app/app.go:715.8,716.56 1 0
github.com/CCoupel/GhostDrive/internal/app/app.go:716.56,718.4 1 0
github.com/CCoupel/GhostDrive/internal/app/app.go:721.2,722.12 2 0
github.com/CCoupel/GhostDrive/internal/app/app.go:726.60,727.25 1 1
github.com/CCoupel/GhostDrive/internal/app/app.go:727.25,728.18 1 1
github.com/CCoupel/GhostDrive/internal/app/app.go:728.18,730.4 1 1
github.com/CCoupel/GhostDrive/internal/app/app.go:732.2,732.11 1 0
github.com/CCoupel/GhostDrive/internal/app/app.go:737.53,742.72 2 1
github.com/CCoupel/GhostDrive/internal/app/app.go:742.72,744.3 1 0
github.com/CCoupel/GhostDrive/internal/app/app.go:746.2,746.52 1 1
github.com/CCoupel/GhostDrive/internal/app/app.go:746.52,749.50 1 1
github.com/CCoupel/GhostDrive/internal/app/app.go:749.50,751.4 1 0
github.com/CCoupel/GhostDrive/internal/app/app.go:755.2,757.35 3 1
github.com/CCoupel/GhostDrive/internal/app/app.go:757.35,758.24 1 1
github.com/CCoupel/GhostDrive/internal/app/app.go:758.24,760.4 1 0
github.com/CCoupel/GhostDrive/internal/app/app.go:762.2,769.31 6 1
github.com/CCoupel/GhostDrive/internal/app/app.go:779.89,784.36 4 1
github.com/CCoupel/GhostDrive/internal/app/app.go:784.36,785.24 1 1
github.com/CCoupel/GhostDrive/internal/app/app.go:785.24,788.9 3 1
github.com/CCoupel/GhostDrive/internal/app/app.go:791.2,793.15 2 1
github.com/CCoupel/GhostDrive/internal/app/app.go:793.15,795.3 1 1
github.com/CCoupel/GhostDrive/internal/app/app.go:798.2,801.51 2 1
github.com/CCoupel/GhostDrive/internal/app/app.go:801.51,802.50 1 1
github.com/CCoupel/GhostDrive/internal/app/app.go:802.50,804.4 1 0
github.com/CCoupel/GhostDrive/internal/app/app.go:808.2,809.27 2 1
github.com/CCoupel/GhostDrive/internal/app/app.go:809.27,811.3 1 0
github.com/CCoupel/GhostDrive/internal/app/app.go:812.2,812.25 1 1
github.com/CCoupel/GhostDrive/internal/app/app.go:812.25,814.3 1 0
github.com/CCoupel/GhostDrive/internal/app/app.go:817.2,818.16 2 1
github.com/CCoupel/GhostDrive/internal/app/app.go:818.16,820.3 1 0
github.com/CCoupel/GhostDrive/internal/app/app.go:821.2,824.19 2 1
github.com/CCoupel/GhostDrive/internal/app/app.go:824.19,825.46 1 1
github.com/CCoupel/GhostDrive/internal/app/app.go:825.46,831.4 4 0
github.com/CCoupel/GhostDrive/internal/app/app.go:833.3,840.66 5 1
github.com/CCoupel/GhostDrive/internal/app/app.go:840.66,844.4 1 1
github.com/CCoupel/GhostDrive/internal/app/app.go:845.3,845.29 1 1
github.com/CCoupel/GhostDrive/internal/app/app.go:845.29,847.10 2 1
github.com/CCoupel/GhostDrive/internal/app/app.go:847.10,854.90 2 1
github.com/CCoupel/GhostDrive/internal/app/app.go:854.90,861.6 2 1
github.com/CCoupel/GhostDrive/internal/app/app.go:861.11,862.57 1 0
github.com/CCoupel/GhostDrive/internal/app/app.go:862.57,870.7 1 0
github.com/CCoupel/GhostDrive/internal/app/app.go:876.3,876.21 1 1
github.com/CCoupel/GhostDrive/internal/app/app.go:876.21,877.56 1 0
github.com/CCoupel/GhostDrive/internal/app/app.go:877.56,879.5 1 0
github.com/CCoupel/GhostDrive/internal/app/app.go:884.2,889.36 3 1
github.com/CCoupel/GhostDrive/internal/app/app.go:889.36,890.24 1 1
github.com/CCoupel/GhostDrive/internal/app/app.go:890.24,892.9 2 1
github.com/CCoupel/GhostDrive/internal/app/app.go:895.2,895.20 1 1
github.com/CCoupel/GhostDrive/internal/app/app.go:895.20,898.3 2 0
github.com/CCoupel/GhostDrive/internal/app/app.go:899.2,904.47 5 1
github.com/CCoupel/GhostDrive/internal/app/app.go:904.47,906.3 1 0
github.com/CCoupel/GhostDrive/internal/app/app.go:907.2,907.19 1 1
github.com/CCoupel/GhostDrive/internal/app/app.go:911.92,914.16 3 0
github.com/CCoupel/GhostDrive/internal/app/app.go:914.16,917.3 2 0
github.com/CCoupel/GhostDrive/internal/app/app.go:918.2,918.38 1 0
github.com/CCoupel/GhostDrive/internal/app/app.go:918.38,921.3 2 0
github.com/CCoupel/GhostDrive/internal/app/app.go:922.2,924.70 2 0
github.com/CCoupel/GhostDrive/internal/app/app.go:924.70,927.3 2 0
github.com/CCoupel/GhostDrive/internal/app/app.go:927.8,931.3 2 0
github.com/CCoupel/GhostDrive/internal/app/app.go:932.2,933.20 2 0
github.com/CCoupel/GhostDrive/internal/app/app.go:940.54,942.2 1 0
github.com/CCoupel/GhostDrive/internal/app/app.go:945.27,947.2 1 0
github.com/CCoupel/GhostDrive/internal/app/app.go:950.58,952.2 1 0
github.com/CCoupel/GhostDrive/internal/app/app.go:955.84,957.9 2 0
github.com/CCoupel/GhostDrive/internal/app/app.go:957.9,959.3 1 0
github.com/CCoupel/GhostDrive/internal/app/app.go:960.2,960.43 1 0
github.com/CCoupel/GhostDrive/internal/app/app.go:967.71,969.9 2 0
github.com/CCoupel/GhostDrive/internal/app/app.go:969.9,971.3 1 0
github.com/CCoupel/GhostDrive/internal/app/app.go:972.2,982.69 5 0
github.com/CCoupel/GhostDrive/internal/app/app.go:982.69,984.3 1 0
github.com/CCoupel/GhostDrive/internal/app/app.go:987.2,987.67 1 0
github.com/CCoupel/GhostDrive/internal/app/app.go:987.67,989.3 1 0
github.com/CCoupel/GhostDrive/internal/app/app.go:991.2,991.38 1 0
github.com/CCoupel/GhostDrive/internal/app/app.go:991.38,993.16 2 0
github.com/CCoupel/GhostDrive/internal/app/app.go:993.16,995.4 1 0
github.com/CCoupel/GhostDrive/internal/app/app.go:996.3,1004.5 1 0
github.com/CCoupel/GhostDrive/internal/app/app.go:1007.2,1007.74 1 0
github.com/CCoupel/GhostDrive/internal/app/app.go:1012.59,1015.34 3 0
github.com/CCoupel/GhostDrive/internal/app/app.go:1015.34,1017.3 1 0
github.com/CCoupel/GhostDrive/internal/app/app.go:1018.2,1021.29 3 0
github.com/CCoupel/GhostDrive/internal/app/app.go:1021.29,1023.3 1 0
github.com/CCoupel/GhostDrive/internal/app/app.go:1024.2,1024.15 1 0
github.com/CCoupel/GhostDrive/internal/app/app.go:1028.34,1031.34 3 0
github.com/CCoupel/GhostDrive/internal/app/app.go:1031.34,1033.3 1 0
github.com/CCoupel/GhostDrive/internal/app/app.go:1034.2,1037.29 3 0
github.com/CCoupel/GhostDrive/internal/app/app.go:1037.29,1038.55 1 0
github.com/CCoupel/GhostDrive/internal/app/app.go:1038.55,1040.4 1 0
github.com/CCoupel/GhostDrive/internal/app/app.go:1042.2,1042.12 1 0
github.com/CCoupel/GhostDrive/internal/app/app.go:1048.64,1052.9 4 0
github.com/CCoupel/GhostDrive/internal/app/app.go:1052.9,1054.3 1 0
github.com/CCoupel/GhostDrive/internal/app/app.go:1055.2,1055.44 1 0
github.com/CCoupel/GhostDrive/internal/app/app.go:1063.68,1064.24 1 0
github.com/CCoupel/GhostDrive/internal/app/app.go:1064.24,1066.3 1 0
github.com/CCoupel/GhostDrive/internal/app/app.go:1068.2,1071.74 2 0
github.com/CCoupel/GhostDrive/internal/app/app.go:1071.74,1074.3 2 0
github.com/CCoupel/GhostDrive/internal/app/app.go:1077.2,1077.79 1 0
github.com/CCoupel/GhostDrive/internal/app/app.go:1077.79,1082.13 4 0
github.com/CCoupel/GhostDrive/internal/app/app.go:1082.13,1083.59 1 0
github.com/CCoupel/GhostDrive/internal/app/app.go:1083.59,1085.5 1 0
github.com/CCoupel/GhostDrive/internal/app/app.go:1087.4,1087.86 1 0
github.com/CCoupel/GhostDrive/internal/app/app.go:1087.86,1089.5 1 0
github.com/CCoupel/GhostDrive/internal/app/app.go:1092.2,1092.55 1 0
github.com/CCoupel/GhostDrive/internal/app/app.go:1097.76,1098.24 1 0
github.com/CCoupel/GhostDrive/internal/app/app.go:1098.24,1100.3 1 0
github.com/CCoupel/GhostDrive/internal/app/app.go:1101.2,1101.55 1 0
github.com/CCoupel/GhostDrive/internal/app/app.go:1105.54,1107.9 2 0
github.com/CCoupel/GhostDrive/internal/app/app.go:1107.9,1109.3 1 0
github.com/CCoupel/GhostDrive/internal/app/app.go:1110.2,1110.31 1 0
github.com/CCoupel/GhostDrive/internal/app/app.go:1115.40,1116.18 1 0
github.com/CCoupel/GhostDrive/internal/app/app.go:1116.18,1118.3 1 0
github.com/CCoupel/GhostDrive/internal/app/app.go:1119.2,1122.16 2 0
github.com/CCoupel/GhostDrive/internal/app/app.go:1122.16,1124.3 1 0
github.com/CCoupel/GhostDrive/internal/app/app.go:1125.2,1125.12 1 0
github.com/CCoupel/GhostDrive/internal/app/app.go:1131.46,1134.30 3 1
github.com/CCoupel/GhostDrive/internal/app/app.go:1134.30,1136.3 1 0
github.com/CCoupel/GhostDrive/internal/app/app.go:1138.2,1139.43 2 1
github.com/CCoupel/GhostDrive/internal/app/app.go:1139.43,1141.3 1 1
github.com/CCoupel/GhostDrive/internal/app/app.go:1142.2,1145.29 3 1
github.com/CCoupel/GhostDrive/internal/app/app.go:1145.29,1148.44 3 0
github.com/CCoupel/GhostDrive/internal/app/app.go:1148.44,1150.4 1 0
github.com/CCoupel/GhostDrive/internal/app/app.go:1151.3,1160.5 1 0
github.com/CCoupel/GhostDrive/internal/app/app.go:1165.2,1165.40 1 1
github.com/CCoupel/GhostDrive/internal/app/app.go:1165.40,1166.45 1 1
github.com/CCoupel/GhostDrive/internal/app/app.go:1166.45,1167.12 1 0
github.com/CCoupel/GhostDrive/internal/app/app.go:1169.3,1171.37 3 1
github.com/CCoupel/GhostDrive/internal/app/app.go:1171.37,1172.19 1 1
github.com/CCoupel/GhostDrive/internal/app/app.go:1172.19,1174.10 2 1
github.com/CCoupel/GhostDrive/internal/app/app.go:1177.3,1186.5 2 1
github.com/CCoupel/GhostDrive/internal/app/app.go:1189.2,1191.28 3 1
github.com/CCoupel/GhostDrive/internal/app/app.go:1191.28,1193.35 2 1
github.com/CCoupel/GhostDrive/internal/app/app.go:1193.35,1195.4 1 1
github.com/CCoupel/GhostDrive/internal/app/app.go:1196.3,1196.47 1 1
github.com/CCoupel/GhostDrive/internal/app/app.go:1199.2,1205.3 1 1
github.com/CCoupel/GhostDrive/internal/app/app.go:1209.49,1211.47 2 0
github.com/CCoupel/GhostDrive/internal/app/app.go:1211.47,1214.3 2 0
github.com/CCoupel/GhostDrive/internal/app/app.go:1215.2,1216.9 2 0
github.com/CCoupel/GhostDrive/internal/app/app.go:1216.9,1219.3 2 0
github.com/CCoupel/GhostDrive/internal/app/app.go:1220.2,1228.24 5 0
github.com/CCoupel/GhostDrive/internal/app/app.go:1228.24,1230.3 1 0
github.com/CCoupel/GhostDrive/internal/app/app.go:1232.2,1232.24 1 0
github.com/CCoupel/GhostDrive/internal/app/app.go:1232.24,1234.48 1 0
github.com/CCoupel/GhostDrive/internal/app/app.go:1234.48,1236.5 1 0
github.com/CCoupel/GhostDrive/internal/app/app.go:1240.2,1242.28 3 0
github.com/CCoupel/GhostDrive/internal/app/app.go:1246.48,1250.13 4 1
github.com/CCoupel/GhostDrive/internal/app/app.go:1250.13,1252.3 1 1
github.com/CCoupel/GhostDrive/internal/app/app.go:1253.2,1257.27 3 0
github.com/CCoupel/GhostDrive/internal/app/app.go:1257.27,1259.3 1 0
github.com/CCoupel/GhostDrive/internal/app/app.go:1260.2,1260.12 1 0
github.com/CCoupel/GhostDrive/internal/app/app.go:1264.49,1268.13 4 0
github.com/CCoupel/GhostDrive/internal/app/app.go:1268.13,1270.3 1 0
github.com/CCoupel/GhostDrive/internal/app/app.go:1271.2,1273.12 3 0
github.com/CCoupel/GhostDrive/internal/app/app.go:1277.50,1281.13 4 0
github.com/CCoupel/GhostDrive/internal/app/app.go:1281.13,1283.3 1 0
github.com/CCoupel/GhostDrive/internal/app/app.go:1284.2,1286.12 3 0
github.com/CCoupel/GhostDrive/internal/app/app.go:1290.49,1294.13 4 0
github.com/CCoupel/GhostDrive/internal/app/app.go:1294.13,1297.3 1 0
github.com/CCoupel/GhostDrive/internal/app/app.go:1298.2,1298.12 1 0
github.com/CCoupel/GhostDrive/internal/app/app.go:1298.12,1299.44 1 0
github.com/CCoupel/GhostDrive/internal/app/app.go:1299.44,1301.4 1 0
github.com/CCoupel/GhostDrive/internal/app/app.go:1303.2,1303.12 1 0
github.com/CCoupel/GhostDrive/internal/app/app.go:1307.22,1311.16 4 0
github.com/CCoupel/GhostDrive/internal/app/app.go:1311.16,1313.3 1 0
github.com/CCoupel/GhostDrive/internal/app/app.go:1317.41,1321.2 3 0
github.com/CCoupel/GhostDrive/internal/app/app.go:1326.44,1327.18 1 1
github.com/CCoupel/GhostDrive/internal/app/app.go:1327.18,1329.3 1 1
github.com/CCoupel/GhostDrive/internal/app/app.go:1330.2,1330.45 1 0
github.com/CCoupel/GhostDrive/internal/app/app.go:1343.56,1346.32 2 0
github.com/CCoupel/GhostDrive/internal/app/app.go:1346.32,1348.3 1 0
github.com/CCoupel/GhostDrive/internal/app/app.go:1349.2,1349.15 1 0
github.com/CCoupel/GhostDrive/internal/app/app.go:1350.22,1353.98 1 0
github.com/CCoupel/GhostDrive/internal/app/app.go:1354.20,1356.67 2 0
github.com/CCoupel/GhostDrive/internal/app/app.go:1356.67,1358.4 1 0
github.com/CCoupel/GhostDrive/internal/app/app.go:1359.3,1359.54 1 0
github.com/CCoupel/GhostDrive/internal/app/app.go:1360.21,1362.53 1 0
github.com/CCoupel/GhostDrive/internal/app/app.go:1368.44,1370.2 1 1
github.com/CCoupel/GhostDrive/internal/app/app.go:1372.37,1377.2 1 0
github.com/CCoupel/GhostDrive/internal/app/app.go:1379.31,1381.2 1 0
github.com/CCoupel/GhostDrive/internal/app/app.go:1385.72,1386.22 1 1
github.com/CCoupel/GhostDrive/internal/app/app.go:1386.22,1388.3 1 1
github.com/CCoupel/GhostDrive/internal/app/app.go:1389.2,1391.27 3 1
github.com/CCoupel/GhostDrive/internal/app/app.go:1391.27,1392.19 1 1
github.com/CCoupel/GhostDrive/internal/app/app.go:1393.24,1394.26 1 1
github.com/CCoupel/GhostDrive/internal/app/app.go:1395.26,1396.28 1 0
github.com/CCoupel/GhostDrive/internal/app/app.go:1397.26,1398.21 1 0
github.com/CCoupel/GhostDrive/internal/app/app.go:1400.3,1400.35 1 0
github.com/CCoupel/GhostDrive/internal/app/app.go:1400.35,1402.4 1 0
github.com/CCoupel/GhostDrive/internal/app/app.go:1404.2,1404.15 1 0
github.com/CCoupel/GhostDrive/internal/app/app.go:1404.15,1406.3 1 0
github.com/CCoupel/GhostDrive/internal/app/app.go:1407.2,1407.16 1 0
github.com/CCoupel/GhostDrive/internal/app/app.go:1407.16,1409.3 1 0
github.com/CCoupel/GhostDrive/internal/app/app.go:1410.2,1410.23 1 0
github.com/CCoupel/GhostDrive/internal/app/app.go:1417.51,1419.2 1 1
github.com/CCoupel/GhostDrive/internal/app/app.go:1424.38,1428.14 4 1
github.com/CCoupel/GhostDrive/internal/app/app.go:1428.14,1430.3 1 1
github.com/CCoupel/GhostDrive/internal/app/app.go:1431.2,1431.31 1 0
github.com/CCoupel/GhostDrive/internal/app/app.go:1431.31,1433.3 1 0
github.com/CCoupel/GhostDrive/internal/app/app.go:1434.2,1435.16 2 0
github.com/CCoupel/GhostDrive/internal/app/app.go:1435.16,1437.3 1 0
github.com/CCoupel/GhostDrive/internal/app/app.go:1438.2,1438.49 1 0
github.com/CCoupel/GhostDrive/internal/app/app.go:1446.69,1448.52 2 1
github.com/CCoupel/GhostDrive/internal/app/app.go:1448.52,1450.3 1 0
github.com/CCoupel/GhostDrive/internal/app/app.go:1451.2,1451.15 1 1
github.com/CCoupel/GhostDrive/internal/app/app.go:1460.94,1467.33 6 1
github.com/CCoupel/GhostDrive/internal/app/app.go:1467.33,1468.18 1 1
github.com/CCoupel/GhostDrive/internal/app/app.go:1468.18,1469.12 1 1
github.com/CCoupel/GhostDrive/internal/app/app.go:1471.3,1471.44 1 1
github.com/CCoupel/GhostDrive/internal/app/app.go:1471.44,1472.12 1 0
github.com/CCoupel/GhostDrive/internal/app/app.go:1474.3,1475.10 2 1
github.com/CCoupel/GhostDrive/internal/app/app.go:1475.10,1476.12 1 0
github.com/CCoupel/GhostDrive/internal/app/app.go:1478.3,1483.5 1 1
github.com/CCoupel/GhostDrive/internal/app/app.go:1485.2,1485.15 1 1
github.com/CCoupel/GhostDrive/internal/app/app.go:1492.42,1496.16 4 1
github.com/CCoupel/GhostDrive/internal/app/app.go:1496.16,1498.3 1 1
github.com/CCoupel/GhostDrive/internal/app/app.go:1500.2,1500.31 1 0
github.com/CCoupel/GhostDrive/internal/app/app.go:1500.31,1502.3 1 0
github.com/CCoupel/GhostDrive/internal/app/app.go:1503.2,1504.16 2 0
github.com/CCoupel/GhostDrive/internal/app/app.go:1504.16,1506.3 1 0
github.com/CCoupel/GhostDrive/internal/app/app.go:1507.2,1507.42 1 0
github.com/CCoupel/GhostDrive/internal/app/app.go:1526.91,1528.40 1 1
github.com/CCoupel/GhostDrive/internal/app/app.go:1528.40,1530.3 1 0
github.com/CCoupel/GhostDrive/internal/app/app.go:1533.2,1533.39 1 1
github.com/CCoupel/GhostDrive/internal/app/app.go:1533.39,1535.3 1 1
github.com/CCoupel/GhostDrive/internal/app/app.go:1536.2,1536.59 1 1
github.com/CCoupel/GhostDrive/internal/app/app.go:1536.59,1538.3 1 1
github.com/CCoupel/GhostDrive/internal/app/app.go:1541.2,1541.27 1 1
github.com/CCoupel/GhostDrive/internal/app/app.go:1541.27,1543.3 1 0
github.com/CCoupel/GhostDrive/internal/app/app.go:1546.2,1546.33 1 1
github.com/CCoupel/GhostDrive/internal/app/app.go:1546.33,1548.3 1 0
github.com/CCoupel/GhostDrive/internal/app/app.go:1551.2,1551.82 1 1
github.com/CCoupel/GhostDrive/internal/app/app.go:1551.82,1553.3 1 0
github.com/CCoupel/GhostDrive/internal/app/app.go:1556.2,1556.56 1 1
github.com/CCoupel/GhostDrive/internal/app/app.go:1556.56,1558.3 1 0
github.com/CCoupel/GhostDrive/internal/app/app.go:1559.2,1559.77 1 1
github.com/CCoupel/GhostDrive/internal/app/app.go:1559.77,1561.3 1 0
github.com/CCoupel/GhostDrive/internal/app/app.go:1564.2,1564.17 1 1
github.com/CCoupel/GhostDrive/internal/app/app.go:1565.15,1566.34 1 1
github.com/CCoupel/GhostDrive/internal/app/app.go:1566.34,1568.4 1 0
github.com/CCoupel/GhostDrive/internal/app/app.go:1572.2,1582.30 8 1
github.com/CCoupel/GhostDrive/internal/app/app.go:1582.30,1584.36 1 1
github.com/CCoupel/GhostDrive/internal/app/app.go:1584.36,1585.12 1 1
github.com/CCoupel/GhostDrive/internal/app/app.go:1589.3,1589.44 1 1
github.com/CCoupel/GhostDrive/internal/app/app.go:1589.44,1591.4 1 0
github.com/CCoupel/GhostDrive/internal/app/app.go:1594.3,1594.75 1 1
github.com/CCoupel/GhostDrive/internal/app/app.go:1594.75,1596.4 1 1
github.com/CCoupel/GhostDrive/internal/app/app.go:1601.3,1602.73 1 1
github.com/CCoupel/GhostDrive/internal/app/app.go:1602.73,1604.4 1 1
github.com/CCoupel/GhostDrive/internal/app/app.go:1609.3,1611.83 1 1
github.com/CCoupel/GhostDrive/internal/app/app.go:1611.83,1613.9 2 1
github.com/CCoupel/GhostDrive/internal/app/app.go:1617.2,1617.21 1 1
github.com/CCoupel/GhostDrive/internal/app/app.go:1624.53,1629.20 4 1
github.com/CCoupel/GhostDrive/internal/app/app.go:1629.20,1631.58 1 1
github.com/CCoupel/GhostDrive/internal/app/app.go:1631.58,1633.4 1 0
github.com/CCoupel/GhostDrive/internal/app/app.go:1633.9,1633.55 1 1
github.com/CCoupel/GhostDrive/internal/app/app.go:1633.55,1635.4 1 1
github.com/CCoupel/GhostDrive/internal/app/app.go:1635.9,1637.4 1 0
github.com/CCoupel/GhostDrive/internal/app/app.go:1640.2,1641.19 2 1
github.com/CCoupel/GhostDrive/internal/app/app.go:1641.19,1643.3 1 0
github.com/CCoupel/GhostDrive/internal/app/app.go:1644.2,1647.34 3 1
github.com/CCoupel/GhostDrive/internal/app/app.go:1647.34,1648.48 1 1
github.com/CCoupel/GhostDrive/internal/app/app.go:1648.48,1649.12 1 0
github.com/CCoupel/GhostDrive/internal/app/app.go:1651.3,1651.23 1 1
github.com/CCoupel/GhostDrive/internal/app/app.go:1651.23,1654.18 3 0
github.com/CCoupel/GhostDrive/internal/app/app.go:1654.18,1657.5 2 0
github.com/CCoupel/GhostDrive/internal/app/app.go:1657.10,1659.5 1 0
github.com/CCoupel/GhostDrive/internal/app/app.go:1660.9,1662.4 1 1
github.com/CCoupel/GhostDrive/internal/app/app.go:1667.88,1669.25 2 0
github.com/CCoupel/GhostDrive/internal/app/app.go:1669.25,1676.3 1 0
github.com/CCoupel/GhostDrive/internal/app/app.go:1677.2,1677.16 1 0
github.com/CCoupel/GhostDrive/internal/app/app.go:1681.36,1683.22 2 0
github.com/CCoupel/GhostDrive/internal/app/app.go:1684.17,1685.43 1 0
github.com/CCoupel/GhostDrive/internal/app/app.go:1686.16,1687.35 1 0
github.com/CCoupel/GhostDrive/internal/app/app.go:1688.10,1689.39 1 0
github.com/CCoupel/GhostDrive/internal/app/app.go:1691.2,1691.20 1 0
github.com/CCoupel/GhostDrive/internal/app/notify_other.go:6.39,6.40 0 1
github.com/CCoupel/GhostDrive/plugins/local/local.go:60.21,60.42 1 1
github.com/CCoupel/GhostDrive/plugins/local/local.go:65.33,65.51 1 0
github.com/CCoupel/GhostDrive/plugins/local/local.go:70.55,86.2 1 1
github.com/CCoupel/GhostDrive/plugins/local/local.go:93.60,95.27 2 1
github.com/CCoupel/GhostDrive/plugins/local/local.go:95.27,97.3 1 1
github.com/CCoupel/GhostDrive/plugins/local/local.go:99.2,100.16 2 1
github.com/CCoupel/GhostDrive/plugins/local/local.go:100.16,102.3 1 1
github.com/CCoupel/GhostDrive/plugins/local/local.go:103.2,103.19 1 1
github.com/CCoupel/GhostDrive/plugins/local/local.go:103.19,105.3 1 0
github.com/CCoupel/GhostDrive/plugins/local/local.go:107.2,111.12 5 1
github.com/CCoupel/GhostDrive/plugins/local/local.go:116.38,122.2 5 1
github.com/CCoupel/GhostDrive/plugins/local/local.go:126.38,130.2 3 1
github.com/CCoupel/GhostDrive/plugins/local/local.go:140.55,148.16 5 1
github.com/CCoupel/GhostDrive/plugins/local/local.go:148.16,150.3 1 1
github.com/CCoupel/GhostDrive/plugins/local/local.go:152.2,156.85 3 1
github.com/CCoupel/GhostDrive/plugins/local/local.go:156.85,158.3 1 1
github.com/CCoupel/GhostDrive/plugins/local/local.go:159.2,159.17 1 1
github.com/CCoupel/GhostDrive/plugins/local/local.go:168.110,169.34 1 1
github.com/CCoupel/GhostDrive/plugins/local/local.go:169.34,171.3 1 0
github.com/CCoupel/GhostDrive/plugins/local/local.go:172.2,173.16 2 1
github.com/CCoupel/GhostDrive/plugins/local/local.go:173.16,175.3 1 1
github.com/CCoupel/GhostDrive/plugins/local/local.go:177.2,178.16 2 1
github.com/CCoupel/GhostDrive/plugins/local/local.go:178.16,180.3 1 0
github.com/CCoupel/GhostDrive/plugins/local/local.go:181.2,184.16 3 1
github.com/CCoupel/GhostDrive/plugins/local/local.go:184.16,186.3 1 0
github.com/CCoupel/GhostDrive/plugins/local/local.go:188.2,188.66 1 1
github.com/CCoupel/GhostDrive/plugins/local/local.go:188.66,190.3 1 0
github.com/CCoupel/GhostDrive/plugins/local/local.go:192.2,193.16 2 1
github.com/CCoupel/GhostDrive/plugins/local/local.go:193.16,195.3 1 0
github.com/CCoupel/GhostDrive/plugins/local/local.go:196.2,199.21 3 1
github.com/CCoupel/GhostDrive/plugins/local/local.go:199.21,201.3 1 1
github.com/CCoupel/GhostDrive/plugins/local/local.go:202.2,202.48 1 1
github.com/CCoupel/GhostDrive/plugins/local/local.go:202.48,204.3 1 0
github.com/CCoupel/GhostDrive/plugins/local/local.go:205.2,205.12 1 1
github.com/CCoupel/GhostDrive/plugins/local/local.go:212.112,213.34 1 1
github.com/CCoupel/GhostDrive/plugins/local/local.go:213.34,215.3 1 0
github.com/CCoupel/GhostDrive/plugins/local/local.go:216.2,217.16 2 1
github.com/CCoupel/GhostDrive/plugins/local/local.go:217.16,219.3 1 1
github.com/CCoupel/GhostDrive/plugins/local/local.go:221.2,222.16 2 1
github.com/CCoupel/GhostDrive/plugins/local/local.go:222.16,223.37 1 1
github.com/CCoupel/GhostDrive/plugins/local/local.go:223.37,225.4 1 1
github.com/CCoupel/GhostDrive/plugins/local/local.go:226.3,226.72 1 0
github.com/CCoupel/GhostDrive/plugins/local/local.go:228.2,231.16 3 1
github.com/CCoupel/GhostDrive/plugins/local/local.go:231.16,233.3 1 0
github.com/CCoupel/GhostDrive/plugins/local/local.go:235.2,235.63 1 1
github.com/CCoupel/GhostDrive/plugins/local/local.go:235.63,237.3 1 0
github.com/CCoupel/GhostDrive/plugins/local/local.go:239.2,240.16 2 1
github.com/CCoupel/GhostDrive/plugins/local/local.go:240.16,242.3 1 0
github.com/CCoupel/GhostDrive/plugins/local/local.go:243.2,246.21 3 1
github.com/CCoupel/GhostDrive/plugins/local/local.go:246.21,248.3 1 0
github.com/CCoupel/GhostDrive/plugins/local/local.go:249.2,249.48 1 1
github.com/CCoupel/GhostDrive/plugins/local/local.go:249.48,251.3 1 0
github.com/CCoupel/GhostDrive/plugins/local/local.go:252.2,252.12 1 1
github.com/CCoupel/GhostDrive/plugins/local/local.go:257.68,259.16 2 1
github.com/CCoupel/GhostDrive/plugins/local/local.go:259.16,261.3 1 1
github.com/CCoupel/GhostDrive/plugins/local/local.go:262.2,262.39 1 1
github.com/CCoupel/GhostDrive/plugins/local/local.go:262.39,263.37 1 1
github.com/CCoupel/GhostDrive/plugins/local/local.go:263.37,265.4 1 1
github.com/CCoupel/GhostDrive/plugins/local/local.go:266.3,266.57 1 0
github.com/CCoupel/GhostDrive/plugins/local/local.go:268.2,268.12 1 1
github.com/CCoupel/GhostDrive/plugins/local/local.go:273.78,275.2 1 1
github.com/CCoupel/GhostDrive/plugins/local/local.go:278.76,280.16 2 1
github.com/CCoupel/GhostDrive/plugins/local/local.go:280.16,282.3 1 1
github.com/CCoupel/GhostDrive/plugins/local/local.go:283.2,284.16 2 1
github.com/CCoupel/GhostDrive/plugins/local/local.go:284.16,286.3 1 0
github.com/CCoupel/GhostDrive/plugins/local/local.go:288.2,289.16 2 1
github.com/CCoupel/GhostDrive/plugins/local/local.go:289.16,290.37 1 1
github.com/CCoupel/GhostDrive/plugins/local/local.go:290.37,292.4 1 1
github.com/CCoupel/GhostDrive/plugins/local/local.go:293.3,293.82 1 0
github.com/CCoupel/GhostDrive/plugins/local/local.go:295.2,297.64 2 1
github.com/CCoupel/GhostDrive/plugins/local/local.go:297.64,299.3 1 0
github.com/CCoupel/GhostDrive/plugins/local/local.go:300.2,301.16 2 1
github.com/CCoupel/GhostDrive/plugins/local/local.go:301.16,303.3 1 0
github.com/CCoupel/GhostDrive/plugins/local/local.go:304.2,306.45 2 1
github.com/CCoupel/GhostDrive/plugins/local/local.go:306.45,308.3 1 0
github.com/CCoupel/GhostDrive/plugins/local/local.go:309.2,309.12 1 1
github.com/CCoupel/GhostDrive/plugins/local/local.go:314.76,316.16 2 1
github.com/CCoupel/GhostDrive/plugins/local/local.go:316.16,318.3 1 1
github.com/CCoupel/GhostDrive/plugins/local/local.go:319.2,320.16 2 1
github.com/CCoupel/GhostDrive/plugins/local/local.go:320.16,322.3 1 0
github.com/CCoupel/GhostDrive/plugins/local/local.go:323.2,323.50 1 1
github.com/CCoupel/GhostDrive/plugins/local/local.go:323.50,324.37 1 1
github.com/CCoupel/GhostDrive/plugins/local/local.go:324.37,326.4 1 1
github.com/CCoupel/GhostDrive/plugins/local/local.go:327.3,327.71 1 0
github.com/CCoupel/GhostDrive/plugins/local/local.go:329.2,329.12 1 1
github.com/CCoupel/GhostDrive/plugins/local/local.go:337.86,339.16 2 1
github.com/CCoupel/GhostDrive/plugins/local/local.go:339.16,341.3 1 1
github.com/CCoupel/GhostDrive/plugins/local/local.go:343.2,344.16 2 1
github.com/CCoupel/GhostDrive/plugins/local/local.go:344.16,345.37 1 1
github.com/CCoupel/GhostDrive/plugins/local/local.go:345.37,347.4 1 1
github.com/CCoupel/GhostDrive/plugins/local/local.go:348.3,348.58 1 0
github.com/CCoupel/GhostDrive/plugins/local/local.go:351.2,352.32 2 1
github.com/CCoupel/GhostDrive/plugins/local/local.go:352.32,354.17 2 1
github.com/CCoupel/GhostDrive/plugins/local/local.go:354.17,355.12 1 0
github.com/CCoupel/GhostDrive/plugins/local/local.go:357.3,363.5 1 1
github.com/CCoupel/GhostDrive/plugins/local/local.go:365.2,365.20 1 1
github.com/CCoupel/GhostDrive/plugins/local/local.go:370.85,372.16 2 1
github.com/CCoupel/GhostDrive/plugins/local/local.go:372.16,374.3 1 1
github.com/CCoupel/GhostDrive/plugins/local/local.go:376.2,377.16 2 1
github.com/CCoupel/GhostDrive/plugins/local/local.go:377.16,378.37 1 1
github.com/CCoupel/GhostDrive/plugins/local/local.go:378.37,380.4 1 1
github.com/CCoupel/GhostDrive/plugins/local/local.go:381.3,381.58 1 0
github.com/CCoupel/GhostDrive/plugins/local/local.go:384.2,390.8 1 1
github.com/CCoupel/GhostDrive/plugins/local/local.go:395.69,397.16 2 1
github.com/CCoupel/GhostDrive/plugins/local/local.go:397.16,399.3 1 1
github.com/CCoupel/GhostDrive/plugins/local/local.go:400.2,400.76 1 1
github.com/CCoupel/GhostDrive/plugins/local/local.go:400.76,402.3 1 0
github.com/CCoupel/GhostDrive/plugins/local/local.go:403.2,403.12 1 1
github.com/CCoupel/GhostDrive/plugins/local/local.go:412.93,414.16 2 1
github.com/CCoupel/GhostDrive/plugins/local/local.go:414.16,416.3 1 1
github.com/CCoupel/GhostDrive/plugins/local/local.go:418.2,419.16 2 1
github.com/CCoupel/GhostDrive/plugins/local/local.go:419.16,421.3 1 0
github.com/CCoupel/GhostDrive/plugins/local/local.go:423.2,423.41 1 1
github.com/CCoupel/GhostDrive/plugins/local/local.go:423.41,426.3 2 0
github.com/CCoupel/GhostDrive/plugins/local/local.go:428.2,430.12 2 1
github.com/CCoupel/GhostDrive/plugins/local/local.go:430.12,434.7 3 1
github.com/CCoupel/GhostDrive/plugins/local/local.go:434.7,435.11 1 1
github.com/CCoupel/GhostDrive/plugins/local/local.go:436.39,437.12 1 1
github.com/CCoupel/GhostDrive/plugins/local/local.go:437.12,439.6 1 0
github.com/CCoupel/GhostDrive/plugins/local/local.go:440.5,441.12 2 1
github.com/CCoupel/GhostDrive/plugins/local/local.go:442.19,442.19 0 1
github.com/CCoupel/GhostDrive/plugins/local/local.go:443.23,444.12 1 0
github.com/CCoupel/GhostDrive/plugins/local/local.go:446.37,447.12 1 0
github.com/CCoupel/GhostDrive/plugins/local/local.go:447.12,449.6 1 0
github.com/CCoupel/GhostDrive/plugins/local/local.go:451.5,451.56 1 0
github.com/CCoupel/GhostDrive/plugins/local/local.go:452.22,453.11 1 1
github.com/CCoupel/GhostDrive/plugins/local/local.go:458.2,458.16 1 1
github.com/CCoupel/GhostDrive/plugins/local/local.go:462.54,468.9 2 1
github.com/CCoupel/GhostDrive/plugins/local/local.go:469.33,470.37 1 1
github.com/CCoupel/GhostDrive/plugins/local/local.go:471.32,472.38 1 1
github.com/CCoupel/GhostDrive/plugins/local/local.go:473.33,474.37 1 0
github.com/CCoupel/GhostDrive/plugins/local/local.go:475.33,476.37 1 0
github.com/CCoupel/GhostDrive/plugins/local/local.go:477.10,478.38 1 0
github.com/CCoupel/GhostDrive/plugins/local/local.go:480.2,480.11 1 1
github.com/CCoupel/GhostDrive/plugins/local/local.go:489.100,490.22 1 1
github.com/CCoupel/GhostDrive/plugins/local/local.go:490.22,492.3 1 1
github.com/CCoupel/GhostDrive/plugins/local/local.go:493.2,493.34 1 1
github.com/CCoupel/GhostDrive/plugins/local/local.go:493.34,495.3 1 0
github.com/CCoupel/GhostDrive/plugins/local/local.go:497.2,498.16 2 1
github.com/CCoupel/GhostDrive/plugins/local/local.go:498.16,500.3 1 0
github.com/CCoupel/GhostDrive/plugins/local/local.go:502.2,503.16 2 1
github.com/CCoupel/GhostDrive/plugins/local/local.go:503.16,504.37 1 1
github.com/CCoupel/GhostDrive/plugins/local/local.go:504.37,506.4 1 1
github.com/CCoupel/GhostDrive/plugins/local/local.go:507.3,507.68 1 0
github.com/CCoupel/GhostDrive/plugins/local/local.go:509.2,511.17 2 1
github.com/CCoupel/GhostDrive/plugins/local/local.go:511.17,513.3 1 0
github.com/CCoupel/GhostDrive/plugins/local/local.go:515.2,517.33 3 1
github.com/CCoupel/GhostDrive/plugins/local/local.go:517.33,519.3 1 0
github.com/CCoupel/GhostDrive/plugins/local/local.go:520.2,520.21 1 1
github.com/CCoupel/GhostDrive/plugins/local/local.go:525.37,525.49 1 1
github.com/CCoupel/GhostDrive/plugins/local/local.go:538.61,541.24 3 1
github.com/CCoupel/GhostDrive/plugins/local/local.go:541.24,543.3 1 1
github.com/CCoupel/GhostDrive/plugins/local/local.go:544.2,544.8 1 1
github.com/CCoupel/GhostDrive/plugins/local/local.go:556.62,559.24 3 0
github.com/CCoupel/GhostDrive/plugins/local/local.go:559.24,561.3 1 0
github.com/CCoupel/GhostDrive/plugins/local/local.go:562.2,562.8 1 0
github.com/CCoupel/GhostDrive/plugins/local/local_notwindows.go:14.78,20.16 5 1
github.com/CCoupel/GhostDrive/plugins/local/local_notwindows.go:20.16,22.3 1 1
github.com/CCoupel/GhostDrive/plugins/local/local_notwindows.go:24.2,25.56 2 1
github.com/CCoupel/GhostDrive/plugins/local/local_notwindows.go:25.56,27.3 1 0
github.com/CCoupel/GhostDrive/plugins/local/local_notwindows.go:32.2,34.6 1 1
github.com/CCoupel/GhostDrive/plugins/webdav/cmd/main.go:32.13,35.2 2 0
github.com/CCoupel/GhostDrive/internal/cache/bolt_cache.go:36.89,37.64 1 1
github.com/CCoupel/GhostDrive/internal/cache/bolt_cache.go:37.64,39.3 1 0
github.com/CCoupel/GhostDrive/internal/cache/bolt_cache.go:40.2,41.16 2 1
github.com/CCoupel/GhostDrive/internal/cache/bolt_cache.go:41.16,43.3 1 0
github.com/CCoupel/GhostDrive/internal/cache/bolt_cache.go:45.2,45.46 1 1
github.com/CCoupel/GhostDrive/internal/cache/bolt_cache.go:45.46,46.84 1 1
github.com/CCoupel/GhostDrive/internal/cache/bolt_cache.go:46.84,47.62 1 1
github.com/CCoupel/GhostDrive/internal/cache/bolt_cache.go:47.62,49.5 1 0
github.com/CCoupel/GhostDrive/internal/cache/bolt_cache.go:51.3,51.13 1 1
github.com/CCoupel/GhostDrive/internal/cache/bolt_cache.go:52.17,55.3 2 0
github.com/CCoupel/GhostDrive/internal/cache/bolt_cache.go:56.2,56.62 1 1
github.com/CCoupel/GhostDrive/internal/cache/bolt_cache.go:62.71,64.2 1 1
github.com/CCoupel/GhostDrive/internal/cache/bolt_cache.go:67.34,71.2 3 1
github.com/CCoupel/GhostDrive/internal/cache/bolt_cache.go:74.34,75.16 1 1
github.com/CCoupel/GhostDrive/internal/cache/bolt_cache.go:75.16,77.3 1 1
github.com/CCoupel/GhostDrive/internal/cache/bolt_cache.go:78.2,78.42 1 1
github.com/CCoupel/GhostDrive/internal/cache/bolt_cache.go:81.51,83.2 1 1
github.com/CCoupel/GhostDrive/internal/cache/bolt_cache.go:85.63,87.2 1 1
github.com/CCoupel/GhostDrive/internal/cache/bolt_cache.go:89.51,91.55 2 1
github.com/CCoupel/GhostDrive/internal/cache/bolt_cache.go:91.55,93.3 1 0
github.com/CCoupel/GhostDrive/internal/cache/bolt_cache.go:94.2,94.25 1 1
github.com/CCoupel/GhostDrive/internal/cache/bolt_cache.go:97.56,99.73 2 1
github.com/CCoupel/GhostDrive/internal/cache/bolt_cache.go:99.73,101.3 1 0
github.com/CCoupel/GhostDrive/internal/cache/bolt_cache.go:102.2,102.15 1 1
github.com/CCoupel/GhostDrive/internal/cache/bolt_cache.go:108.124,112.42 3 1
github.com/CCoupel/GhostDrive/internal/cache/bolt_cache.go:112.42,117.15 5 1
github.com/CCoupel/GhostDrive/internal/cache/bolt_cache.go:117.15,120.4 2 1
github.com/CCoupel/GhostDrive/internal/cache/bolt_cache.go:122.3,123.17 2 1
github.com/CCoupel/GhostDrive/internal/cache/bolt_cache.go:123.17,128.4 3 0
github.com/CCoupel/GhostDrive/internal/cache/bolt_cache.go:131.3,131.50 1 1
github.com/CCoupel/GhostDrive/internal/cache/bolt_cache.go:131.50,136.4 4 1
github.com/CCoupel/GhostDrive/internal/cache/bolt_cache.go:140.3,140.65 1 1
github.com/CCoupel/GhostDrive/internal/cache/bolt_cache.go:140.65,145.4 4 1
github.com/CCoupel/GhostDrive/internal/cache/bolt_cache.go:148.3,148.82 1 1
github.com/CCoupel/GhostDrive/internal/cache/bolt_cache.go:148.82,153.4 4 0
github.com/CCoupel/GhostDrive/internal/cache/bolt_cache.go:155.3,158.13 4 1
github.com/CCoupel/GhostDrive/internal/cache/bolt_cache.go:161.2,161.12 1 1
github.com/CCoupel/GhostDrive/internal/cache/bolt_cache.go:161.12,163.3 1 1
github.com/CCoupel/GhostDrive/internal/cache/bolt_cache.go:164.2,164.21 1 1
github.com/CCoupel/GhostDrive/internal/cache/bolt_cache.go:168.84,173.16 4 1
github.com/CCoupel/GhostDrive/internal/cache/bolt_cache.go:173.16,175.3 1 0
github.com/CCoupel/GhostDrive/internal/cache/bolt_cache.go:177.2,177.45 1 1
github.com/CCoupel/GhostDrive/internal/cache/bolt_cache.go:177.45,186.39 6 1
github.com/CCoupel/GhostDrive/internal/cache/bolt_cache.go:186.39,187.58 1 0
github.com/CCoupel/GhostDrive/internal/cache/bolt_cache.go:187.58,189.5 1 0
github.com/CCoupel/GhostDrive/internal/cache/bolt_cache.go:191.4,191.52 1 0
github.com/CCoupel/GhostDrive/internal/cache/bolt_cache.go:191.52,194.5 2 0
github.com/CCoupel/GhostDrive/internal/cache/bolt_cache.go:199.3,200.49 2 1
github.com/CCoupel/GhostDrive/internal/cache/bolt_cache.go:200.49,202.4 1 0
github.com/CCoupel/GhostDrive/internal/cache/bolt_cache.go:204.3,204.52 1 1
github.com/CCoupel/GhostDrive/internal/cache/bolt_cache.go:204.52,206.4 1 0
github.com/CCoupel/GhostDrive/internal/cache/bolt_cache.go:208.3,208.51 1 1
github.com/CCoupel/GhostDrive/internal/cache/bolt_cache.go:208.51,210.4 1 0
github.com/CCoupel/GhostDrive/internal/cache/bolt_cache.go:212.3,216.46 3 1
github.com/CCoupel/GhostDrive/internal/cache/bolt_cache.go:216.46,218.4 1 1
github.com/CCoupel/GhostDrive/internal/cache/bolt_cache.go:219.3,219.13 1 1
github.com/CCoupel/GhostDrive/internal/cache/bolt_cache.go:225.67,235.104 8 1
github.com/CCoupel/GhostDrive/internal/cache/bolt_cache.go:235.104,236.46 1 1
github.com/CCoupel/GhostDrive/internal/cache/bolt_cache.go:236.46,237.51 1 1
github.com/CCoupel/GhostDrive/internal/cache/bolt_cache.go:237.51,241.5 3 1
github.com/CCoupel/GhostDrive/internal/cache/bolt_cache.go:244.3,245.51 2 1
github.com/CCoupel/GhostDrive/internal/cache/bolt_cache.go:248.2,248.36 1 1
github.com/CCoupel/GhostDrive/internal/cache/bolt_cache.go:248.36,250.3 1 1
github.com/CCoupel/GhostDrive/internal/cache/bolt_cache.go:251.2,251.12 1 1
github.com/CCoupel/GhostDrive/internal/cache/bolt_cache.go:256.89,258.45 2 1
github.com/CCoupel/GhostDrive/internal/cache/bolt_cache.go:258.45,260.3 1 1
github.com/CCoupel/GhostDrive/internal/cache/bolt_cache.go:265.84,267.45 2 1
github.com/CCoupel/GhostDrive/internal/cache/bolt_cache.go:267.45,269.3 1 1
github.com/CCoupel/GhostDrive/internal/cache/bolt_cache.go:274.74,284.90 8 1
github.com/CCoupel/GhostDrive/internal/cache/bolt_cache.go:284.90,285.48 1 1
github.com/CCoupel/GhostDrive/internal/cache/bolt_cache.go:285.48,287.4 1 1
github.com/CCoupel/GhostDrive/internal/cache/bolt_cache.go:289.3,291.37 3 1
github.com/CCoupel/GhostDrive/internal/cache/bolt_cache.go:294.2,294.29 1 1
github.com/CCoupel/GhostDrive/internal/cache/bolt_cache.go:294.29,297.45 2 1
github.com/CCoupel/GhostDrive/internal/cache/bolt_cache.go:297.45,300.4 2 1
github.com/CCoupel/GhostDrive/internal/cache/bolt_cache.go:303.2,304.12 2 1
github.com/CCoupel/GhostDrive/internal/cache/bolt_cache.go:308.40,310.40 2 1
github.com/CCoupel/GhostDrive/internal/cache/bolt_cache.go:310.40,318.3 7 1
github.com/CCoupel/GhostDrive/internal/cache/bolt_cache.go:319.2,319.10 1 1
github.com/CCoupel/GhostDrive/internal/cache/bolt_cache.go:323.35,325.2 1 1
github.com/CCoupel/GhostDrive/internal/cache/chunk_cache.go:53.32,55.2 1 1
github.com/CCoupel/GhostDrive/internal/cache/chunk_cache.go:61.99,64.2 2 1
github.com/CCoupel/GhostDrive/internal/cache/chunk_cache.go:66.76,68.2 1 1
github.com/CCoupel/GhostDrive/internal/cache/chunk_cache.go:70.70,72.2 1 1
github.com/CCoupel/GhostDrive/internal/cache/chunk_cache.go:74.74,76.2 1 1
github.com/CCoupel/GhostDrive/internal/cache/chunk_cache.go:78.40,80.2 1 1
github.com/CCoupel/GhostDrive/internal/cache/chunk_cache.go:82.35,84.2 1 1
github.com/CCoupel/GhostDrive/plugins/webdav/auth.go:40.49,42.38 2 1
github.com/CCoupel/GhostDrive/plugins/webdav/auth.go:42.38,44.3 1 0
github.com/CCoupel/GhostDrive/plugins/webdav/auth.go:45.2,49.3 2 1
github.com/CCoupel/GhostDrive/plugins/webdav/auth.go:56.51,57.18 1 1
github.com/CCoupel/GhostDrive/plugins/webdav/auth.go:58.18,59.55 1 1
github.com/CCoupel/GhostDrive/plugins/webdav/auth.go:60.10,62.52 2 1
github.com/CCoupel/GhostDrive/plugins/webdav/webdav.go:140.21,140.42 1 1
github.com/CCoupel/GhostDrive/plugins/webdav/webdav.go:145.33,145.52 1 1
github.com/CCoupel/GhostDrive/plugins/webdav/webdav.go:150.55,169.2 1 1
github.com/CCoupel/GhostDrive/plugins/webdav/webdav.go:189.60,190.23 1 1
github.com/CCoupel/GhostDrive/plugins/webdav/webdav.go:190.23,192.3 1 0
github.com/CCoupel/GhostDrive/plugins/webdav/webdav.go:195.2,196.18 2 1
github.com/CCoupel/GhostDrive/plugins/webdav/webdav.go:196.18,198.3 1 1
github.com/CCoupel/GhostDrive/plugins/webdav/webdav.go:199.2,200.66 2 1
github.com/CCoupel/GhostDrive/plugins/webdav/webdav.go:200.66,202.3 1 1
github.com/CCoupel/GhostDrive/plugins/webdav/webdav.go:205.2,206.16 2 1
github.com/CCoupel/GhostDrive/plugins/webdav/webdav.go:206.16,208.3 1 0
github.com/CCoupel/GhostDrive/plugins/webdav/webdav.go:209.2,215.43 2 1
github.com/CCoupel/GhostDrive/plugins/webdav/webdav.go:215.43,217.3 1 0
github.com/CCoupel/GhostDrive/plugins/webdav/webdav.go:219.2,219.14 1 1
github.com/CCoupel/GhostDrive/plugins/webdav/webdav.go:220.17,221.26 1 1
github.com/CCoupel/GhostDrive/plugins/webdav/webdav.go:221.26,223.4 1 0
github.com/CCoupel/GhostDrive/plugins/webdav/webdav.go:224.18,225.23 1 1
github.com/CCoupel/GhostDrive/plugins/webdav/webdav.go:225.23,227.4 1 0
github.com/CCoupel/GhostDrive/plugins/webdav/webdav.go:228.10,229.100 1 0
github.com/CCoupel/GhostDrive/plugins/webdav/webdav.go:234.2,235.49 2 1
github.com/CCoupel/GhostDrive/plugins/webdav/webdav.go:235.49,236.61 1 0
github.com/CCoupel/GhostDrive/plugins/webdav/webdav.go:236.61,238.4 1 0
github.com/CCoupel/GhostDrive/plugins/webdav/webdav.go:239.8,239.53 1 1
github.com/CCoupel/GhostDrive/plugins/webdav/webdav.go:239.53,240.61 1 1
github.com/CCoupel/GhostDrive/plugins/webdav/webdav.go:240.61,242.4 1 1
github.com/CCoupel/GhostDrive/plugins/webdav/webdav.go:245.2,246.49 2 1
github.com/CCoupel/GhostDrive/plugins/webdav/webdav.go:246.49,247.61 1 0
github.com/CCoupel/GhostDrive/plugins/webdav/webdav.go:247.61,249.4 1 0
github.com/CCoupel/GhostDrive/plugins/webdav/webdav.go:251.2,251.23 1 1
github.com/CCoupel/GhostDrive/plugins/webdav/webdav.go:251.23,253.3 1 1
github.com/CCoupel/GhostDrive/plugins/webdav/webdav.go:255.2,256.51 2 1
github.com/CCoupel/GhostDrive/plugins/webdav/webdav.go:256.51,257.75 1 0
github.com/CCoupel/GhostDrive/plugins/webdav/webdav.go:257.75,259.4 1 0
github.com/CCoupel/GhostDrive/plugins/webdav/webdav.go:264.2,265.23 2 1
github.com/CCoupel/GhostDrive/plugins/webdav/webdav.go:265.23,267.3 1 1
github.com/CCoupel/GhostDrive/plugins/webdav/webdav.go:268.2,270.23 3 1
github.com/CCoupel/GhostDrive/plugins/webdav/webdav.go:270.23,271.55 1 1
github.com/CCoupel/GhostDrive/plugins/webdav/webdav.go:271.55,272.17 1 1
github.com/CCoupel/GhostDrive/plugins/webdav/webdav.go:272.17,275.5 2 1
github.com/CCoupel/GhostDrive/plugins/webdav/webdav.go:280.2,285.16 3 1
github.com/CCoupel/GhostDrive/plugins/webdav/webdav.go:285.16,287.3 1 0
github.com/CCoupel/GhostDrive/plugins/webdav/webdav.go:288.2,293.16 5 1
github.com/CCoupel/GhostDrive/plugins/webdav/webdav.go:293.16,295.3 1 1
github.com/CCoupel/GhostDrive/plugins/webdav/webdav.go:296.2,298.48 2 1
github.com/CCoupel/GhostDrive/plugins/webdav/webdav.go:298.48,300.3 1 0
github.com/CCoupel/GhostDrive/plugins/webdav/webdav.go:301.2,301.28 1 1
github.com/CCoupel/GhostDrive/plugins/webdav/webdav.go:301.28,303.3 1 0
github.com/CCoupel/GhostDrive/plugins/webdav/webdav.go:306.2,317.12 12 1
github.com/CCoupel/GhostDrive/plugins/webdav/webdav.go:322.38,328.2 5 1
github.com/CCoupel/GhostDrive/plugins/webdav/webdav.go:332.38,336.2 3 1
github.com/CCoupel/GhostDrive/plugins/webdav/webdav.go:343.55,349.22 5 1
github.com/CCoupel/GhostDrive/plugins/webdav/webdav.go:349.22,351.3 1 1
github.com/CCoupel/GhostDrive/plugins/webdav/webdav.go:352.2,354.31 3 1
github.com/CCoupel/GhostDrive/plugins/webdav/webdav.go:354.31,356.3 1 1
github.com/CCoupel/GhostDrive/plugins/webdav/webdav.go:357.2,357.51 1 1
github.com/CCoupel/GhostDrive/plugins/webdav/webdav.go:362.53,370.20 6 1
github.com/CCoupel/GhostDrive/plugins/webdav/webdav.go:370.20,372.3 1 1
github.com/CCoupel/GhostDrive/plugins/webdav/webdav.go:373.2,373.25 1 1
github.com/CCoupel/GhostDrive/plugins/webdav/webdav.go:373.25,375.3 1 1
github.com/CCoupel/GhostDrive/plugins/webdav/webdav.go:376.2,377.40 2 1
github.com/CCoupel/GhostDrive/plugins/webdav/webdav.go:377.40,379.3 1 1
github.com/CCoupel/GhostDrive/plugins/webdav/webdav.go:381.2,381.39 1 0
github.com/CCoupel/GhostDrive/plugins/webdav/webdav.go:388.65,395.33 6 1
github.com/CCoupel/GhostDrive/plugins/webdav/webdav.go:395.33,397.3 1 0
github.com/CCoupel/GhostDrive/plugins/webdav/webdav.go:399.2,401.16 3 1
github.com/CCoupel/GhostDrive/plugins/webdav/webdav.go:401.16,403.3 1 1
github.com/CCoupel/GhostDrive/plugins/webdav/webdav.go:404.2,409.22 2 1
github.com/CCoupel/GhostDrive/plugins/webdav/webdav.go:409.22,420.52 6 0
github.com/CCoupel/GhostDrive/plugins/webdav/webdav.go:420.52,422.4 1 0
github.com/CCoupel/GhostDrive/plugins/webdav/webdav.go:424.3,429.25 5 0
github.com/CCoupel/GhostDrive/plugins/webdav/webdav.go:429.25,431.4 1 0
github.com/CCoupel/GhostDrive/plugins/webdav/webdav.go:432.3,434.18 3 0
github.com/CCoupel/GhostDrive/plugins/webdav/webdav.go:434.18,436.4 1 0
github.com/CCoupel/GhostDrive/plugins/webdav/webdav.go:437.3,438.20 2 0
github.com/CCoupel/GhostDrive/plugins/webdav/webdav.go:441.2,441.18 1 1
github.com/CCoupel/GhostDrive/plugins/webdav/webdav.go:447.96,450.16 3 1
github.com/CCoupel/GhostDrive/plugins/webdav/webdav.go:450.16,452.3 1 0
github.com/CCoupel/GhostDrive/plugins/webdav/webdav.go:453.2,456.46 3 1
github.com/CCoupel/GhostDrive/plugins/webdav/webdav.go:456.46,458.3 1 0
github.com/CCoupel/GhostDrive/plugins/webdav/webdav.go:460.2,461.16 2 1
github.com/CCoupel/GhostDrive/plugins/webdav/webdav.go:461.16,463.3 1 1
github.com/CCoupel/GhostDrive/plugins/webdav/webdav.go:464.2,466.44 2 1
github.com/CCoupel/GhostDrive/plugins/webdav/webdav.go:466.44,468.3 1 1
github.com/CCoupel/GhostDrive/plugins/webdav/webdav.go:469.2,469.47 1 1
github.com/CCoupel/GhostDrive/plugins/webdav/webdav.go:469.47,471.3 1 1
github.com/CCoupel/GhostDrive/plugins/webdav/webdav.go:473.2,473.33 1 1
github.com/CCoupel/GhostDrive/plugins/webdav/webdav.go:477.58,479.57 2 1
github.com/CCoupel/GhostDrive/plugins/webdav/webdav.go:479.57,481.3 1 0
github.com/CCoupel/GhostDrive/plugins/webdav/webdav.go:482.2,482.17 1 1
github.com/CCoupel/GhostDrive/plugins/webdav/webdav.go:488.94,490.16 2 1
github.com/CCoupel/GhostDrive/plugins/webdav/webdav.go:490.16,492.3 1 0
github.com/CCoupel/GhostDrive/plugins/webdav/webdav.go:493.2,497.16 4 1
github.com/CCoupel/GhostDrive/plugins/webdav/webdav.go:497.16,499.3 1 0
github.com/CCoupel/GhostDrive/plugins/webdav/webdav.go:500.2,502.47 2 1
github.com/CCoupel/GhostDrive/plugins/webdav/webdav.go:502.47,504.3 1 0
github.com/CCoupel/GhostDrive/plugins/webdav/webdav.go:506.2,507.16 2 1
github.com/CCoupel/GhostDrive/plugins/webdav/webdav.go:507.16,509.3 1 0
github.com/CCoupel/GhostDrive/plugins/webdav/webdav.go:510.2,513.49 3 1
github.com/CCoupel/GhostDrive/plugins/webdav/webdav.go:513.49,515.3 1 0
github.com/CCoupel/GhostDrive/plugins/webdav/webdav.go:516.2,516.17 1 1
github.com/CCoupel/GhostDrive/plugins/webdav/webdav.go:522.82,524.31 2 1
github.com/CCoupel/GhostDrive/plugins/webdav/webdav.go:524.31,526.3 1 0
github.com/CCoupel/GhostDrive/plugins/webdav/webdav.go:528.2,533.35 2 1
github.com/CCoupel/GhostDrive/plugins/webdav/webdav.go:533.35,535.42 1 1
github.com/CCoupel/GhostDrive/plugins/webdav/webdav.go:535.42,536.12 1 1
github.com/CCoupel/GhostDrive/plugins/webdav/webdav.go:538.3,540.28 3 1
github.com/CCoupel/GhostDrive/plugins/webdav/webdav.go:540.28,542.4 1 1
github.com/CCoupel/GhostDrive/plugins/webdav/webdav.go:543.3,543.27 1 1
github.com/CCoupel/GhostDrive/plugins/webdav/webdav.go:543.27,545.4 1 1
github.com/CCoupel/GhostDrive/plugins/webdav/webdav.go:546.3,547.23 2 1
github.com/CCoupel/GhostDrive/plugins/webdav/webdav.go:550.2,550.11 1 1
github.com/CCoupel/GhostDrive/plugins/webdav/webdav.go:560.110,561.22 1 1
github.com/CCoupel/GhostDrive/plugins/webdav/webdav.go:561.22,563.3 1 1
github.com/CCoupel/GhostDrive/plugins/webdav/webdav.go:564.2,564.34 1 1
github.com/CCoupel/GhostDrive/plugins/webdav/webdav.go:564.34,566.3 1 1
github.com/CCoupel/GhostDrive/plugins/webdav/webdav.go:568.2,569.16 2 1
github.com/CCoupel/GhostDrive/plugins/webdav/webdav.go:569.16,571.3 1 0
github.com/CCoupel/GhostDrive/plugins/webdav/webdav.go:572.2,575.16 3 1
github.com/CCoupel/GhostDrive/plugins/webdav/webdav.go:575.16,577.3 1 0
github.com/CCoupel/GhostDrive/plugins/webdav/webdav.go:578.2,581.21 3 1
github.com/CCoupel/GhostDrive/plugins/webdav/webdav.go:581.21,583.3 1 1
github.com/CCoupel/GhostDrive/plugins/webdav/webdav.go:585.2,586.16 2 1
github.com/CCoupel/GhostDrive/plugins/webdav/webdav.go:586.16,588.3 1 0
github.com/CCoupel/GhostDrive/plugins/webdav/webdav.go:589.2,593.16 3 1
github.com/CCoupel/GhostDrive/plugins/webdav/webdav.go:593.16,595.3 1 0
github.com/CCoupel/GhostDrive/plugins/webdav/webdav.go:596.2,601.36 3 1
github.com/CCoupel/GhostDrive/plugins/webdav/webdav.go:601.36,603.3 1 0
github.com/CCoupel/GhostDrive/plugins/webdav/webdav.go:604.2,604.12 1 1
github.com/CCoupel/GhostDrive/plugins/webdav/webdav.go:610.112,611.22 1 1
github.com/CCoupel/GhostDrive/plugins/webdav/webdav.go:611.22,613.3 1 1
github.com/CCoupel/GhostDrive/plugins/webdav/webdav.go:615.2,616.16 2 1
github.com/CCoupel/GhostDrive/plugins/webdav/webdav.go:616.16,618.3 1 0
github.com/CCoupel/GhostDrive/plugins/webdav/webdav.go:620.2,621.16 2 1
github.com/CCoupel/GhostDrive/plugins/webdav/webdav.go:621.16,623.3 1 0
github.com/CCoupel/GhostDrive/plugins/webdav/webdav.go:624.2,626.25 2 1
github.com/CCoupel/GhostDrive/plugins/webdav/webdav.go:627.27,628.72 1 1
github.com/CCoupel/GhostDrive/plugins/webdav/webdav.go:629.21,629.21 0 1
github.com/CCoupel/GhostDrive/plugins/webdav/webdav.go:631.10,632.88 1 0
github.com/CCoupel/GhostDrive/plugins/webdav/webdav.go:635.2,635.63 1 1
github.com/CCoupel/GhostDrive/plugins/webdav/webdav.go:635.63,637.3 1 0
github.com/CCoupel/GhostDrive/plugins/webdav/webdav.go:639.2,640.16 2 1
github.com/CCoupel/GhostDrive/plugins/webdav/webdav.go:640.16,642.3 1 0
github.com/CCoupel/GhostDrive/plugins/webdav/webdav.go:643.2,647.21 4 1
github.com/CCoupel/GhostDrive/plugins/webdav/webdav.go:647.21,649.3 1 1
github.com/CCoupel/GhostDrive/plugins/webdav/webdav.go:651.2,651.54 1 1
github.com/CCoupel/GhostDrive/plugins/webdav/webdav.go:651.54,653.3 1 0
github.com/CCoupel/GhostDrive/plugins/webdav/webdav.go:654.2,654.12 1 1
github.com/CCoupel/GhostDrive/plugins/webdav/webdav.go:659.68,660.22 1 1
github.com/CCoupel/GhostDrive/plugins/webdav/webdav.go:660.22,662.3 1 1
github.com/CCoupel/GhostDrive/plugins/webdav/webdav.go:664.2,665.16 2 1
github.com/CCoupel/GhostDrive/plugins/webdav/webdav.go:665.16,667.3 1 0
github.com/CCoupel/GhostDrive/plugins/webdav/webdav.go:669.2,670.16 2 1
github.com/CCoupel/GhostDrive/plugins/webdav/webdav.go:670.16,672.3 1 0
github.com/CCoupel/GhostDrive/plugins/webdav/webdav.go:673.2,676.25 3 1
github.com/CCoupel/GhostDrive/plugins/webdav/webdav.go:677.27,678.70 1 1
github.com/CCoupel/GhostDrive/plugins/webdav/webdav.go:679.43,680.13 1 1
github.com/CCoupel/GhostDrive/plugins/webdav/webdav.go:681.10,682.86 1 0
github.com/CCoupel/GhostDrive/plugins/webdav/webdav.go:689.78,691.2 1 1
github.com/CCoupel/GhostDrive/plugins/webdav/webdav.go:695.76,696.22 1 1
github.com/CCoupel/GhostDrive/plugins/webdav/webdav.go:696.22,698.3 1 1
github.com/CCoupel/GhostDrive/plugins/webdav/webdav.go:700.2,701.16 2 1
github.com/CCoupel/GhostDrive/plugins/webdav/webdav.go:701.16,703.3 1 0
github.com/CCoupel/GhostDrive/plugins/webdav/webdav.go:704.2,708.16 4 1
github.com/CCoupel/GhostDrive/plugins/webdav/webdav.go:708.16,710.3 1 0
github.com/CCoupel/GhostDrive/plugins/webdav/webdav.go:711.2,714.25 3 1
github.com/CCoupel/GhostDrive/plugins/webdav/webdav.go:715.27,716.69 1 1
github.com/CCoupel/GhostDrive/plugins/webdav/webdav.go:717.48,718.13 1 1
github.com/CCoupel/GhostDrive/plugins/webdav/webdav.go:719.10,720.101 1 0
github.com/CCoupel/GhostDrive/plugins/webdav/webdav.go:726.76,727.22 1 1
github.com/CCoupel/GhostDrive/plugins/webdav/webdav.go:727.22,729.3 1 1
github.com/CCoupel/GhostDrive/plugins/webdav/webdav.go:731.2,732.16 2 1
github.com/CCoupel/GhostDrive/plugins/webdav/webdav.go:732.16,734.3 1 0
github.com/CCoupel/GhostDrive/plugins/webdav/webdav.go:735.2,739.16 4 1
github.com/CCoupel/GhostDrive/plugins/webdav/webdav.go:739.16,741.3 1 0
github.com/CCoupel/GhostDrive/plugins/webdav/webdav.go:742.2,745.25 3 1
github.com/CCoupel/GhostDrive/plugins/webdav/webdav.go:746.49,750.69 1 1
github.com/CCoupel/GhostDrive/plugins/webdav/webdav.go:751.48,752.13 1 1
github.com/CCoupel/GhostDrive/plugins/webdav/webdav.go:753.10,754.101 1 0
github.com/CCoupel/GhostDrive/plugins/webdav/webdav.go:763.89,764.22 1 1
github.com/CCoupel/GhostDrive/plugins/webdav/webdav.go:764.22,766.3 1 1
github.com/CCoupel/GhostDrive/plugins/webdav/webdav.go:768.2,769.16 2 1
github.com/CCoupel/GhostDrive/plugins/webdav/webdav.go:769.16,771.3 1 1
github.com/CCoupel/GhostDrive/plugins/webdav/webdav.go:773.2,775.36 3 1
github.com/CCoupel/GhostDrive/plugins/webdav/webdav.go:775.36,778.30 2 1
github.com/CCoupel/GhostDrive/plugins/webdav/webdav.go:778.30,779.12 1 1
github.com/CCoupel/GhostDrive/plugins/webdav/webdav.go:781.3,781.63 1 1
github.com/CCoupel/GhostDrive/plugins/webdav/webdav.go:783.2,783.20 1 1
github.com/CCoupel/GhostDrive/plugins/webdav/webdav.go:788.89,789.22 1 1
github.com/CCoupel/GhostDrive/plugins/webdav/webdav.go:789.22,791.3 1 1
github.com/CCoupel/GhostDrive/plugins/webdav/webdav.go:793.2,794.16 2 1
github.com/CCoupel/GhostDrive/plugins/webdav/webdav.go:794.16,796.3 1 1
github.com/CCoupel/GhostDrive/plugins/webdav/webdav.go:798.2,798.28 1 1
github.com/CCoupel/GhostDrive/plugins/webdav/webdav.go:798.28,800.3 1 0
github.com/CCoupel/GhostDrive/plugins/webdav/webdav.go:802.2,805.60 2 1
github.com/CCoupel/GhostDrive/plugins/webdav/webdav.go:805.60,807.3 1 0
github.com/CCoupel/GhostDrive/plugins/webdav/webdav.go:808.2,809.17 2 1
github.com/CCoupel/GhostDrive/plugins/webdav/webdav.go:814.72,815.22 1 1
github.com/CCoupel/GhostDrive/plugins/webdav/webdav.go:815.22,817.3 1 1
github.com/CCoupel/GhostDrive/plugins/webdav/webdav.go:819.2,820.16 2 1
github.com/CCoupel/GhostDrive/plugins/webdav/webdav.go:820.16,822.3 1 0
github.com/CCoupel/GhostDrive/plugins/webdav/webdav.go:824.2,825.16 2 1
github.com/CCoupel/GhostDrive/plugins/webdav/webdav.go:825.16,827.3 1 0
github.com/CCoupel/GhostDrive/plugins/webdav/webdav.go:828.2,831.25 3 1
github.com/CCoupel/GhostDrive/plugins/webdav/webdav.go:832.26,833.13 1 1
github.com/CCoupel/GhostDrive/plugins/webdav/webdav.go:834.35,836.13 1 1
github.com/CCoupel/GhostDrive/plugins/webdav/webdav.go:837.10,838.90 1 0
github.com/CCoupel/GhostDrive/plugins/webdav/webdav.go:861.98,862.22 1 1
github.com/CCoupel/GhostDrive/plugins/webdav/webdav.go:862.22,864.3 1 1
github.com/CCoupel/GhostDrive/plugins/webdav/webdav.go:866.2,874.12 7 1
github.com/CCoupel/GhostDrive/plugins/webdav/webdav.go:874.12,894.7 7 1
github.com/CCoupel/GhostDrive/plugins/webdav/webdav.go:894.7,895.11 1 1
github.com/CCoupel/GhostDrive/plugins/webdav/webdav.go:896.22,897.11 1 1
github.com/CCoupel/GhostDrive/plugins/webdav/webdav.go:898.19,899.25 1 1
github.com/CCoupel/GhostDrive/plugins/webdav/webdav.go:899.25,901.6 1 0
github.com/CCoupel/GhostDrive/plugins/webdav/webdav.go:903.5,904.19 2 1
github.com/CCoupel/GhostDrive/plugins/webdav/webdav.go:904.19,906.30 2 1
github.com/CCoupel/GhostDrive/plugins/webdav/webdav.go:906.30,909.14 1 1
github.com/CCoupel/GhostDrive/plugins/webdav/webdav.go:913.9,913.9 0 1
github.com/CCoupel/GhostDrive/plugins/webdav/webdav.go:914.15,914.15 0 0
github.com/CCoupel/GhostDrive/plugins/webdav/webdav.go:917.6,917.54 1 1
github.com/CCoupel/GhostDrive/plugins/webdav/webdav.go:917.54,922.7 1 1
github.com/CCoupel/GhostDrive/plugins/webdav/webdav.go:924.6,926.38 3 1
github.com/CCoupel/GhostDrive/plugins/webdav/webdav.go:926.38,928.7 1 1
github.com/CCoupel/GhostDrive/plugins/webdav/webdav.go:929.6,929.14 1 1
github.com/CCoupel/GhostDrive/plugins/webdav/webdav.go:933.5,933.28 1 1
github.com/CCoupel/GhostDrive/plugins/webdav/webdav.go:933.28,935.13 1 1
github.com/CCoupel/GhostDrive/plugins/webdav/webdav.go:939.8,939.8 0 1
github.com/CCoupel/GhostDrive/plugins/webdav/webdav.go:940.14,940.14 0 0
github.com/CCoupel/GhostDrive/plugins/webdav/webdav.go:942.6,943.38 2 1
github.com/CCoupel/GhostDrive/plugins/webdav/webdav.go:946.5,947.32 2 1
github.com/CCoupel/GhostDrive/plugins/webdav/webdav.go:947.32,949.6 1 1
github.com/CCoupel/GhostDrive/plugins/webdav/webdav.go:951.5,954.35 2 1
github.com/CCoupel/GhostDrive/plugins/webdav/webdav.go:954.35,958.17 4 1
github.com/CCoupel/GhostDrive/plugins/webdav/webdav.go:958.17,960.7 1 1
github.com/CCoupel/GhostDrive/plugins/webdav/webdav.go:960.12,960.76 1 1
github.com/CCoupel/GhostDrive/plugins/webdav/webdav.go:960.76,964.7 2 1
github.com/CCoupel/GhostDrive/plugins/webdav/webdav.go:964.12,964.94 1 1
github.com/CCoupel/GhostDrive/plugins/webdav/webdav.go:964.94,966.7 1 1
github.com/CCoupel/GhostDrive/plugins/webdav/webdav.go:967.6,967.22 1 1
github.com/CCoupel/GhostDrive/plugins/webdav/webdav.go:967.22,969.14 2 1
github.com/CCoupel/GhostDrive/plugins/webdav/webdav.go:978.9,978.9 0 1
github.com/CCoupel/GhostDrive/plugins/webdav/webdav.go:979.25,980.14 1 0
github.com/CCoupel/GhostDrive/plugins/webdav/webdav.go:986.5,986.29 1 1
github.com/CCoupel/GhostDrive/plugins/webdav/webdav.go:986.29,987.45 1 1
github.com/CCoupel/GhostDrive/plugins/webdav/webdav.go:987.45,989.14 2 0
github.com/CCoupel/GhostDrive/plugins/webdav/webdav.go:995.9,995.9 0 0
github.com/CCoupel/GhostDrive/plugins/webdav/webdav.go:996.25,997.14 1 0
github.com/CCoupel/GhostDrive/plugins/webdav/webdav.go:1002.5,1006.34 3 1
github.com/CCoupel/GhostDrive/plugins/webdav/webdav.go:1011.2,1011.16 1 1
github.com/CCoupel/GhostDrive/plugins/webdav/webdav.go:1017.103,1018.13 1 1
github.com/CCoupel/GhostDrive/plugins/webdav/webdav.go:1018.13,1020.3 1 1
github.com/CCoupel/GhostDrive/plugins/webdav/webdav.go:1021.2,1022.16 2 1
github.com/CCoupel/GhostDrive/plugins/webdav/webdav.go:1022.16,1024.3 1 1
github.com/CCoupel/GhostDrive/plugins/webdav/webdav.go:1025.2,1025.13 1 1
github.com/CCoupel/GhostDrive/plugins/webdav/webdav.go:1030.99,1032.16 2 1
github.com/CCoupel/GhostDrive/plugins/webdav/webdav.go:1032.16,1034.3 1 1
github.com/CCoupel/GhostDrive/plugins/webdav/webdav.go:1035.2,1036.29 2 1
github.com/CCoupel/GhostDrive/plugins/webdav/webdav.go:1036.29,1038.3 1 1
github.com/CCoupel/GhostDrive/plugins/webdav/webdav.go:1039.2,1039.10 1 1
github.com/CCoupel/GhostDrive/plugins/webdav/webdav.go:1048.80,1049.22 1 1
github.com/CCoupel/GhostDrive/plugins/webdav/webdav.go:1049.22,1051.3 1 1
github.com/CCoupel/GhostDrive/plugins/webdav/webdav.go:1053.2,1058.21 5 1
github.com/CCoupel/GhostDrive/plugins/webdav/webdav.go:1058.21,1060.3 1 0
github.com/CCoupel/GhostDrive/plugins/webdav/webdav.go:1061.2,1061.28 1 1
github.com/CCoupel/GhostDrive/plugins/webdav/webdav.go:1061.28,1063.3 1 0
github.com/CCoupel/GhostDrive/plugins/webdav/webdav.go:1068.2,1068.46 1 1
github.com/CCoupel/GhostDrive/plugins/webdav/webdav.go:1068.46,1070.50 2 1
github.com/CCoupel/GhostDrive/plugins/webdav/webdav.go:1070.50,1071.12 1 1
github.com/CCoupel/GhostDrive/plugins/webdav/webdav.go:1073.3,1075.33 3 1
github.com/CCoupel/GhostDrive/plugins/webdav/webdav.go:1075.33,1076.12 1 0
github.com/CCoupel/GhostDrive/plugins/webdav/webdav.go:1078.3,1078.34 1 1
github.com/CCoupel/GhostDrive/plugins/webdav/webdav.go:1080.2,1080.20 1 1
github.com/CCoupel/GhostDrive/plugins/webdav/webdav.go:1090.100,1091.22 1 1
github.com/CCoupel/GhostDrive/plugins/webdav/webdav.go:1091.22,1093.3 1 1
github.com/CCoupel/GhostDrive/plugins/webdav/webdav.go:1095.2,1096.16 2 1
github.com/CCoupel/GhostDrive/plugins/webdav/webdav.go:1096.16,1098.3 1 0
github.com/CCoupel/GhostDrive/plugins/webdav/webdav.go:1100.2,1103.16 3 1
github.com/CCoupel/GhostDrive/plugins/webdav/webdav.go:1103.16,1105.3 1 1
github.com/CCoupel/GhostDrive/plugins/webdav/webdav.go:1106.2,1108.25 2 1
github.com/CCoupel/GhostDrive/plugins/webdav/webdav.go:1109.27,1110.75 1 1
github.com/CCoupel/GhostDrive/plugins/webdav/webdav.go:1111.33,1113.31 1 1
github.com/CCoupel/GhostDrive/plugins/webdav/webdav.go:1114.21,1117.21 2 1
github.com/CCoupel/GhostDrive/plugins/webdav/webdav.go:1117.21,1119.4 1 0
github.com/CCoupel/GhostDrive/plugins/webdav/webdav.go:1120.3,1120.32 1 1
github.com/CCoupel/GhostDrive/plugins/webdav/webdav.go:1120.32,1122.4 1 0
github.com/CCoupel/GhostDrive/plugins/webdav/webdav.go:1123.3,1124.28 2 1
github.com/CCoupel/GhostDrive/plugins/webdav/webdav.go:1124.28,1126.4 1 0
github.com/CCoupel/GhostDrive/plugins/webdav/webdav.go:1127.3,1127.30 1 1
github.com/CCoupel/GhostDrive/plugins/webdav/webdav.go:1128.10,1129.91 1 0
github.com/CCoupel/GhostDrive/plugins/webdav/webdav.go:1135.37,1135.49 1 1
github.com/CCoupel/GhostDrive/plugins/webdav/webdav.go:1148.61,1151.24 3 1
github.com/CCoupel/GhostDrive/plugins/webdav/webdav.go:1151.24,1153.3 1 1
github.com/CCoupel/GhostDrive/plugins/webdav/webdav.go:1154.2,1154.8 1 1
github.com/CCoupel/GhostDrive/plugins/webdav/webdav.go:1166.62,1169.24 3 1
github.com/CCoupel/GhostDrive/plugins/webdav/webdav.go:1169.24,1171.3 1 1
github.com/CCoupel/GhostDrive/plugins/webdav/webdav.go:1172.2,1172.8 1 1
github.com/CCoupel/GhostDrive/plugins/moosefs/moosefs.go:92.21,92.42 1 1
github.com/CCoupel/GhostDrive/plugins/moosefs/moosefs.go:97.33,97.53 1 0
github.com/CCoupel/GhostDrive/plugins/moosefs/moosefs.go:101.55,164.2 1 1
github.com/CCoupel/GhostDrive/plugins/moosefs/moosefs.go:179.60,180.23 1 1
github.com/CCoupel/GhostDrive/plugins/moosefs/moosefs.go:180.23,182.3 1 0
github.com/CCoupel/GhostDrive/plugins/moosefs/moosefs.go:184.2,185.22 2 1
github.com/CCoupel/GhostDrive/plugins/moosefs/moosefs.go:185.22,187.3 1 1
github.com/CCoupel/GhostDrive/plugins/moosefs/moosefs.go:189.2,190.44 2 1
github.com/CCoupel/GhostDrive/plugins/moosefs/moosefs.go:190.44,191.53 1 1
github.com/CCoupel/GhostDrive/plugins/moosefs/moosefs.go:191.53,193.4 1 1
github.com/CCoupel/GhostDrive/plugins/moosefs/moosefs.go:196.2,197.40 2 1
github.com/CCoupel/GhostDrive/plugins/moosefs/moosefs.go:197.40,199.3 1 1
github.com/CCoupel/GhostDrive/plugins/moosefs/moosefs.go:203.2,204.49 2 1
github.com/CCoupel/GhostDrive/plugins/moosefs/moosefs.go:204.49,205.53 1 0
github.com/CCoupel/GhostDrive/plugins/moosefs/moosefs.go:205.53,207.4 1 0
github.com/CCoupel/GhostDrive/plugins/moosefs/moosefs.go:208.8,208.53 1 1
github.com/CCoupel/GhostDrive/plugins/moosefs/moosefs.go:208.53,209.53 1 1
github.com/CCoupel/GhostDrive/plugins/moosefs/moosefs.go:209.53,211.4 1 1
github.com/CCoupel/GhostDrive/plugins/moosefs/moosefs.go:214.2,215.49 2 1
github.com/CCoupel/GhostDrive/plugins/moosefs/moosefs.go:215.49,216.53 1 0
github.com/CCoupel/GhostDrive/plugins/moosefs/moosefs.go:216.53,218.4 1 0
github.com/CCoupel/GhostDrive/plugins/moosefs/moosefs.go:220.2,220.23 1 1
github.com/CCoupel/GhostDrive/plugins/moosefs/moosefs.go:220.23,222.3 1 1
github.com/CCoupel/GhostDrive/plugins/moosefs/moosefs.go:224.2,225.51 2 1
github.com/CCoupel/GhostDrive/plugins/moosefs/moosefs.go:225.51,226.65 1 0
github.com/CCoupel/GhostDrive/plugins/moosefs/moosefs.go:226.65,228.4 1 0
github.com/CCoupel/GhostDrive/plugins/moosefs/moosefs.go:231.2,233.16 3 1
github.com/CCoupel/GhostDrive/plugins/moosefs/moosefs.go:233.16,236.3 2 1
github.com/CCoupel/GhostDrive/plugins/moosefs/moosefs.go:237.2,243.21 4 1
github.com/CCoupel/GhostDrive/plugins/moosefs/moosefs.go:243.21,245.3 1 0
github.com/CCoupel/GhostDrive/plugins/moosefs/moosefs.go:247.2,254.12 8 1
github.com/CCoupel/GhostDrive/plugins/moosefs/moosefs.go:259.38,263.18 3 1
github.com/CCoupel/GhostDrive/plugins/moosefs/moosefs.go:263.18,265.3 1 0
github.com/CCoupel/GhostDrive/plugins/moosefs/moosefs.go:266.2,267.21 2 1
github.com/CCoupel/GhostDrive/plugins/moosefs/moosefs.go:267.21,270.3 2 1
github.com/CCoupel/GhostDrive/plugins/moosefs/moosefs.go:271.2,271.12 1 1
github.com/CCoupel/GhostDrive/plugins/moosefs/moosefs.go:276.38,280.2 3 1
github.com/CCoupel/GhostDrive/plugins/moosefs/moosefs.go:286.80,290.2 3 1
github.com/CCoupel/GhostDrive/plugins/moosefs/moosefs.go:294.34,295.16 1 1
github.com/CCoupel/GhostDrive/plugins/moosefs/moosefs.go:295.16,297.3 1 0
github.com/CCoupel/GhostDrive/plugins/moosefs/moosefs.go:298.2,305.29 2 1
github.com/CCoupel/GhostDrive/plugins/moosefs/moosefs.go:317.37,334.15 10 1
github.com/CCoupel/GhostDrive/plugins/moosefs/moosefs.go:334.15,336.3 1 1
github.com/CCoupel/GhostDrive/plugins/moosefs/moosefs.go:338.2,341.16 3 1
github.com/CCoupel/GhostDrive/plugins/moosefs/moosefs.go:341.16,344.3 2 0
github.com/CCoupel/GhostDrive/plugins/moosefs/moosefs.go:346.2,347.21 2 1
github.com/CCoupel/GhostDrive/plugins/moosefs/moosefs.go:347.21,349.3 1 1
github.com/CCoupel/GhostDrive/plugins/moosefs/moosefs.go:350.2,354.12 5 1
github.com/CCoupel/GhostDrive/plugins/moosefs/moosefs.go:358.76,361.44 3 1
github.com/CCoupel/GhostDrive/plugins/moosefs/moosefs.go:361.44,362.53 1 1
github.com/CCoupel/GhostDrive/plugins/moosefs/moosefs.go:362.53,364.4 1 1
github.com/CCoupel/GhostDrive/plugins/moosefs/moosefs.go:366.2,367.16 2 1
github.com/CCoupel/GhostDrive/plugins/moosefs/moosefs.go:367.16,369.3 1 1
github.com/CCoupel/GhostDrive/plugins/moosefs/moosefs.go:370.2,370.37 1 1
github.com/CCoupel/GhostDrive/plugins/moosefs/moosefs.go:370.37,373.3 2 0
github.com/CCoupel/GhostDrive/plugins/moosefs/moosefs.go:374.2,374.59 1 1
github.com/CCoupel/GhostDrive/plugins/moosefs/moosefs.go:374.59,377.3 2 0
github.com/CCoupel/GhostDrive/plugins/moosefs/moosefs.go:378.2,378.15 1 1
github.com/CCoupel/GhostDrive/plugins/moosefs/moosefs.go:387.110,389.83 2 1
github.com/CCoupel/GhostDrive/plugins/moosefs/moosefs.go:389.83,391.51 2 0
github.com/CCoupel/GhostDrive/plugins/moosefs/moosefs.go:391.51,393.4 1 0
github.com/CCoupel/GhostDrive/plugins/moosefs/moosefs.go:394.3,395.47 2 0
github.com/CCoupel/GhostDrive/plugins/moosefs/moosefs.go:397.2,397.12 1 1
github.com/CCoupel/GhostDrive/plugins/moosefs/moosefs.go:400.110,402.16 2 1
github.com/CCoupel/GhostDrive/plugins/moosefs/moosefs.go:402.16,404.3 1 1
github.com/CCoupel/GhostDrive/plugins/moosefs/moosefs.go:405.2,405.34 1 1
github.com/CCoupel/GhostDrive/plugins/moosefs/moosefs.go:405.34,407.3 1 1
github.com/CCoupel/GhostDrive/plugins/moosefs/moosefs.go:410.2,412.57 3 1
github.com/CCoupel/GhostDrive/plugins/moosefs/moosefs.go:412.57,413.64 1 1
github.com/CCoupel/GhostDrive/plugins/moosefs/moosefs.go:413.64,415.4 1 1
github.com/CCoupel/GhostDrive/plugins/moosefs/moosefs.go:417.2,421.16 3 1
github.com/CCoupel/GhostDrive/plugins/moosefs/moosefs.go:421.16,423.3 1 0
github.com/CCoupel/GhostDrive/plugins/moosefs/moosefs.go:424.2,427.16 3 1
github.com/CCoupel/GhostDrive/plugins/moosefs/moosefs.go:427.16,429.3 1 0
github.com/CCoupel/GhostDrive/plugins/moosefs/moosefs.go:430.2,435.16 4 1
github.com/CCoupel/GhostDrive/plugins/moosefs/moosefs.go:435.16,437.3 1 0
github.com/CCoupel/GhostDrive/plugins/moosefs/moosefs.go:443.2,443.71 1 1
github.com/CCoupel/GhostDrive/plugins/moosefs/moosefs.go:443.71,447.3 1 1
github.com/CCoupel/GhostDrive/plugins/moosefs/moosefs.go:450.2,451.16 2 1
github.com/CCoupel/GhostDrive/plugins/moosefs/moosefs.go:451.16,453.3 1 0
github.com/CCoupel/GhostDrive/plugins/moosefs/moosefs.go:466.2,477.12 4 1
github.com/CCoupel/GhostDrive/plugins/moosefs/moosefs.go:477.12,486.27 5 1
github.com/CCoupel/GhostDrive/plugins/moosefs/moosefs.go:486.27,487.18 1 1
github.com/CCoupel/GhostDrive/plugins/moosefs/moosefs.go:487.18,489.5 1 1
github.com/CCoupel/GhostDrive/plugins/moosefs/moosefs.go:490.4,490.11 1 1
github.com/CCoupel/GhostDrive/plugins/moosefs/moosefs.go:491.22,493.16 2 1
github.com/CCoupel/GhostDrive/plugins/moosefs/moosefs.go:494.22,495.17 1 0
github.com/CCoupel/GhostDrive/plugins/moosefs/moosefs.go:499.3,499.7 1 1
github.com/CCoupel/GhostDrive/plugins/moosefs/moosefs.go:499.7,500.36 1 1
github.com/CCoupel/GhostDrive/plugins/moosefs/moosefs.go:500.36,503.5 2 0
github.com/CCoupel/GhostDrive/plugins/moosefs/moosefs.go:504.4,505.13 2 1
github.com/CCoupel/GhostDrive/plugins/moosefs/moosefs.go:505.13,507.73 2 1
github.com/CCoupel/GhostDrive/plugins/moosefs/moosefs.go:507.73,510.6 1 1
github.com/CCoupel/GhostDrive/plugins/moosefs/moosefs.go:510.11,512.21 1 1
github.com/CCoupel/GhostDrive/plugins/moosefs/moosefs.go:512.21,515.7 2 0
github.com/CCoupel/GhostDrive/plugins/moosefs/moosefs.go:516.6,518.57 3 1
github.com/CCoupel/GhostDrive/plugins/moosefs/moosefs.go:520.5,520.28 1 1
github.com/CCoupel/GhostDrive/plugins/moosefs/moosefs.go:522.4,522.25 1 1
github.com/CCoupel/GhostDrive/plugins/moosefs/moosefs.go:522.25,523.20 1 1
github.com/CCoupel/GhostDrive/plugins/moosefs/moosefs.go:523.20,526.6 2 0
github.com/CCoupel/GhostDrive/plugins/moosefs/moosefs.go:527.5,528.11 2 1
github.com/CCoupel/GhostDrive/plugins/moosefs/moosefs.go:530.4,530.22 1 1
github.com/CCoupel/GhostDrive/plugins/moosefs/moosefs.go:530.22,533.5 2 0
github.com/CCoupel/GhostDrive/plugins/moosefs/moosefs.go:538.2,544.24 6 1
github.com/CCoupel/GhostDrive/plugins/moosefs/moosefs.go:544.24,549.13 4 1
github.com/CCoupel/GhostDrive/plugins/moosefs/moosefs.go:549.13,551.17 2 1
github.com/CCoupel/GhostDrive/plugins/moosefs/moosefs.go:551.17,551.26 1 1
github.com/CCoupel/GhostDrive/plugins/moosefs/moosefs.go:555.4,558.42 4 1
github.com/CCoupel/GhostDrive/plugins/moosefs/moosefs.go:558.42,560.5 1 0
github.com/CCoupel/GhostDrive/plugins/moosefs/moosefs.go:562.4,563.83 2 1
github.com/CCoupel/GhostDrive/plugins/moosefs/moosefs.go:563.83,566.25 3 1
github.com/CCoupel/GhostDrive/plugins/moosefs/moosefs.go:566.25,569.6 1 1
github.com/CCoupel/GhostDrive/plugins/moosefs/moosefs.go:570.5,571.11 2 1
github.com/CCoupel/GhostDrive/plugins/moosefs/moosefs.go:574.4,575.23 2 1
github.com/CCoupel/GhostDrive/plugins/moosefs/moosefs.go:575.23,577.5 1 1
github.com/CCoupel/GhostDrive/plugins/moosefs/moosefs.go:581.2,584.40 2 1
github.com/CCoupel/GhostDrive/plugins/moosefs/moosefs.go:584.40,586.3 1 0
github.com/CCoupel/GhostDrive/plugins/moosefs/moosefs.go:588.2,591.16 4 1
github.com/CCoupel/GhostDrive/plugins/moosefs/moosefs.go:591.16,593.3 1 1
github.com/CCoupel/GhostDrive/plugins/moosefs/moosefs.go:594.2,595.12 2 1
github.com/CCoupel/GhostDrive/plugins/moosefs/moosefs.go:600.112,602.16 2 1
github.com/CCoupel/GhostDrive/plugins/moosefs/moosefs.go:602.16,604.3 1 1
github.com/CCoupel/GhostDrive/plugins/moosefs/moosefs.go:607.2,608.16 2 1
github.com/CCoupel/GhostDrive/plugins/moosefs/moosefs.go:608.16,610.3 1 0
github.com/CCoupel/GhostDrive/plugins/moosefs/moosefs.go:613.2,614.16 2 1
github.com/CCoupel/GhostDrive/plugins/moosefs/moosefs.go:614.16,616.3 1 0
github.com/CCoupel/GhostDrive/plugins/moosefs/moosefs.go:617.2,620.63 2 1
github.com/CCoupel/GhostDrive/plugins/moosefs/moosefs.go:620.63,622.3 1 0
github.com/CCoupel/GhostDrive/plugins/moosefs/moosefs.go:624.2,625.16 2 1
github.com/CCoupel/GhostDrive/plugins/moosefs/moosefs.go:625.16,627.3 1 0
github.com/CCoupel/GhostDrive/plugins/moosefs/moosefs.go:628.2,633.6 4 1
github.com/CCoupel/GhostDrive/plugins/moosefs/moosefs.go:633.6,634.35 1 1
github.com/CCoupel/GhostDrive/plugins/moosefs/moosefs.go:634.35,636.4 1 0
github.com/CCoupel/GhostDrive/plugins/moosefs/moosefs.go:643.3,643.34 1 1
github.com/CCoupel/GhostDrive/plugins/moosefs/moosefs.go:643.34,644.9 1 0
github.com/CCoupel/GhostDrive/plugins/moosefs/moosefs.go:647.3,648.21 2 1
github.com/CCoupel/GhostDrive/plugins/moosefs/moosefs.go:648.21,651.4 2 0
github.com/CCoupel/GhostDrive/plugins/moosefs/moosefs.go:652.3,652.22 1 1
github.com/CCoupel/GhostDrive/plugins/moosefs/moosefs.go:652.22,653.9 1 0
github.com/CCoupel/GhostDrive/plugins/moosefs/moosefs.go:656.3,656.55 1 1
github.com/CCoupel/GhostDrive/plugins/moosefs/moosefs.go:656.55,658.4 1 0
github.com/CCoupel/GhostDrive/plugins/moosefs/moosefs.go:659.3,661.22 3 1
github.com/CCoupel/GhostDrive/plugins/moosefs/moosefs.go:661.22,663.4 1 1
github.com/CCoupel/GhostDrive/plugins/moosefs/moosefs.go:666.3,666.37 1 1
github.com/CCoupel/GhostDrive/plugins/moosefs/moosefs.go:666.37,667.9 1 1
github.com/CCoupel/GhostDrive/plugins/moosefs/moosefs.go:670.2,670.12 1 1
github.com/CCoupel/GhostDrive/plugins/moosefs/moosefs.go:675.68,677.16 2 1
github.com/CCoupel/GhostDrive/plugins/moosefs/moosefs.go:677.16,679.3 1 1
github.com/CCoupel/GhostDrive/plugins/moosefs/moosefs.go:682.2,683.16 2 1
github.com/CCoupel/GhostDrive/plugins/moosefs/moosefs.go:683.16,685.3 1 0
github.com/CCoupel/GhostDrive/plugins/moosefs/moosefs.go:687.2,688.16 2 1
github.com/CCoupel/GhostDrive/plugins/moosefs/moosefs.go:688.16,690.3 1 0
github.com/CCoupel/GhostDrive/plugins/moosefs/moosefs.go:692.2,693.16 2 1
github.com/CCoupel/GhostDrive/plugins/moosefs/moosefs.go:693.16,695.3 1 0
github.com/CCoupel/GhostDrive/plugins/moosefs/moosefs.go:697.2,697.18 1 1
github.com/CCoupel/GhostDrive/plugins/moosefs/moosefs.go:697.18,699.53 1 0
github.com/CCoupel/GhostDrive/plugins/moosefs/moosefs.go:699.53,701.4 1 0
github.com/CCoupel/GhostDrive/plugins/moosefs/moosefs.go:702.8,704.54 1 1
github.com/CCoupel/GhostDrive/plugins/moosefs/moosefs.go:704.54,706.4 1 0
github.com/CCoupel/GhostDrive/plugins/moosefs/moosefs.go:708.2,708.12 1 1
github.com/CCoupel/GhostDrive/plugins/moosefs/moosefs.go:713.78,715.2 1 1
github.com/CCoupel/GhostDrive/plugins/moosefs/moosefs.go:719.62,721.2 1 1
github.com/CCoupel/GhostDrive/plugins/moosefs/moosefs.go:726.76,727.43 1 1
github.com/CCoupel/GhostDrive/plugins/moosefs/moosefs.go:727.43,729.17 2 1
github.com/CCoupel/GhostDrive/plugins/moosefs/moosefs.go:729.17,731.4 1 1
github.com/CCoupel/GhostDrive/plugins/moosefs/moosefs.go:733.3,734.17 2 1
github.com/CCoupel/GhostDrive/plugins/moosefs/moosefs.go:734.17,735.40 1 0
github.com/CCoupel/GhostDrive/plugins/moosefs/moosefs.go:735.40,737.53 2 0
github.com/CCoupel/GhostDrive/plugins/moosefs/moosefs.go:737.53,739.6 1 0
github.com/CCoupel/GhostDrive/plugins/moosefs/moosefs.go:740.5,740.13 1 0
github.com/CCoupel/GhostDrive/plugins/moosefs/moosefs.go:742.4,742.88 1 0
github.com/CCoupel/GhostDrive/plugins/moosefs/moosefs.go:745.3,746.17 2 1
github.com/CCoupel/GhostDrive/plugins/moosefs/moosefs.go:746.17,747.40 1 0
github.com/CCoupel/GhostDrive/plugins/moosefs/moosefs.go:747.40,749.53 2 0
github.com/CCoupel/GhostDrive/plugins/moosefs/moosefs.go:749.53,751.6 1 0
github.com/CCoupel/GhostDrive/plugins/moosefs/moosefs.go:752.5,752.13 1 0
github.com/CCoupel/GhostDrive/plugins/moosefs/moosefs.go:754.4,754.88 1 0
github.com/CCoupel/GhostDrive/plugins/moosefs/moosefs.go:757.3,757.78 1 1
github.com/CCoupel/GhostDrive/plugins/moosefs/moosefs.go:757.78,758.40 1 1
github.com/CCoupel/GhostDrive/plugins/moosefs/moosefs.go:758.40,760.53 2 0
github.com/CCoupel/GhostDrive/plugins/moosefs/moosefs.go:760.53,762.6 1 0
github.com/CCoupel/GhostDrive/plugins/moosefs/moosefs.go:763.5,763.13 1 0
github.com/CCoupel/GhostDrive/plugins/moosefs/moosefs.go:765.4,765.75 1 1
github.com/CCoupel/GhostDrive/plugins/moosefs/moosefs.go:767.3,768.13 2 1
github.com/CCoupel/GhostDrive/plugins/moosefs/moosefs.go:770.2,770.24 1 0
github.com/CCoupel/GhostDrive/plugins/moosefs/moosefs.go:778.89,779.43 1 1
github.com/CCoupel/GhostDrive/plugins/moosefs/moosefs.go:779.43,781.17 2 1
github.com/CCoupel/GhostDrive/plugins/moosefs/moosefs.go:781.17,783.4 1 1
github.com/CCoupel/GhostDrive/plugins/moosefs/moosefs.go:785.3,786.17 2 1
github.com/CCoupel/GhostDrive/plugins/moosefs/moosefs.go:786.17,787.40 1 0
github.com/CCoupel/GhostDrive/plugins/moosefs/moosefs.go:787.40,789.53 2 0
github.com/CCoupel/GhostDrive/plugins/moosefs/moosefs.go:789.53,791.6 1 0
github.com/CCoupel/GhostDrive/plugins/moosefs/moosefs.go:792.5,792.13 1 0
github.com/CCoupel/GhostDrive/plugins/moosefs/moosefs.go:794.4,794.64 1 0
github.com/CCoupel/GhostDrive/plugins/moosefs/moosefs.go:797.3,798.17 2 1
github.com/CCoupel/GhostDrive/plugins/moosefs/moosefs.go:798.17,799.40 1 0
github.com/CCoupel/GhostDrive/plugins/moosefs/moosefs.go:799.40,801.53 2 0
github.com/CCoupel/GhostDrive/plugins/moosefs/moosefs.go:801.53,803.6 1 0
github.com/CCoupel/GhostDrive/plugins/moosefs/moosefs.go:804.5,804.13 1 0
github.com/CCoupel/GhostDrive/plugins/moosefs/moosefs.go:806.4,807.73 2 0
github.com/CCoupel/GhostDrive/plugins/moosefs/moosefs.go:809.3,814.29 3 1
github.com/CCoupel/GhostDrive/plugins/moosefs/moosefs.go:814.29,815.39 1 1
github.com/CCoupel/GhostDrive/plugins/moosefs/moosefs.go:815.39,816.13 1 0
github.com/CCoupel/GhostDrive/plugins/moosefs/moosefs.go:818.4,827.60 3 1
github.com/CCoupel/GhostDrive/plugins/moosefs/moosefs.go:827.60,830.5 1 1
github.com/CCoupel/GhostDrive/plugins/moosefs/moosefs.go:830.10,834.5 3 1
github.com/CCoupel/GhostDrive/plugins/moosefs/moosefs.go:835.4,835.31 1 1
github.com/CCoupel/GhostDrive/plugins/moosefs/moosefs.go:837.3,837.21 1 1
github.com/CCoupel/GhostDrive/plugins/moosefs/moosefs.go:840.2,840.29 1 0
github.com/CCoupel/GhostDrive/plugins/moosefs/moosefs.go:845.89,846.43 1 1
github.com/CCoupel/GhostDrive/plugins/moosefs/moosefs.go:846.43,848.17 2 1
github.com/CCoupel/GhostDrive/plugins/moosefs/moosefs.go:848.17,850.4 1 1
github.com/CCoupel/GhostDrive/plugins/moosefs/moosefs.go:851.3,852.17 2 1
github.com/CCoupel/GhostDrive/plugins/moosefs/moosefs.go:852.17,853.40 1 1
github.com/CCoupel/GhostDrive/plugins/moosefs/moosefs.go:853.40,855.53 2 0
github.com/CCoupel/GhostDrive/plugins/moosefs/moosefs.go:855.53,857.6 1 0
github.com/CCoupel/GhostDrive/plugins/moosefs/moosefs.go:858.5,858.13 1 0
github.com/CCoupel/GhostDrive/plugins/moosefs/moosefs.go:860.4,860.65 1 1
github.com/CCoupel/GhostDrive/plugins/moosefs/moosefs.go:862.3,863.17 2 1
github.com/CCoupel/GhostDrive/plugins/moosefs/moosefs.go:863.17,865.4 1 0
github.com/CCoupel/GhostDrive/plugins/moosefs/moosefs.go:866.3,867.37 2 1
github.com/CCoupel/GhostDrive/plugins/moosefs/moosefs.go:867.37,869.4 1 0
github.com/CCoupel/GhostDrive/plugins/moosefs/moosefs.go:870.3,871.56 2 1
github.com/CCoupel/GhostDrive/plugins/moosefs/moosefs.go:871.56,873.4 1 1
github.com/CCoupel/GhostDrive/plugins/moosefs/moosefs.go:874.3,874.17 1 1
github.com/CCoupel/GhostDrive/plugins/moosefs/moosefs.go:874.17,876.4 1 0
github.com/CCoupel/GhostDrive/plugins/moosefs/moosefs.go:877.3,884.9 1 1
github.com/CCoupel/GhostDrive/plugins/moosefs/moosefs.go:886.2,886.29 1 0
github.com/CCoupel/GhostDrive/plugins/moosefs/moosefs.go:892.72,894.16 2 1
github.com/CCoupel/GhostDrive/plugins/moosefs/moosefs.go:894.16,896.3 1 1
github.com/CCoupel/GhostDrive/plugins/moosefs/moosefs.go:898.2,899.16 2 1
github.com/CCoupel/GhostDrive/plugins/moosefs/moosefs.go:899.16,901.3 1 0
github.com/CCoupel/GhostDrive/plugins/moosefs/moosefs.go:903.2,904.21 2 1
github.com/CCoupel/GhostDrive/plugins/moosefs/moosefs.go:904.21,908.3 1 0
github.com/CCoupel/GhostDrive/plugins/moosefs/moosefs.go:909.2,909.12 1 1
github.com/CCoupel/GhostDrive/plugins/moosefs/moosefs.go:924.98,925.22 1 1
github.com/CCoupel/GhostDrive/plugins/moosefs/moosefs.go:925.22,927.3 1 1
github.com/CCoupel/GhostDrive/plugins/moosefs/moosefs.go:929.2,937.12 7 1
github.com/CCoupel/GhostDrive/plugins/moosefs/moosefs.go:937.12,948.7 6 1
github.com/CCoupel/GhostDrive/plugins/moosefs/moosefs.go:948.7,949.11 1 1
github.com/CCoupel/GhostDrive/plugins/moosefs/moosefs.go:950.22,951.11 1 1
github.com/CCoupel/GhostDrive/plugins/moosefs/moosefs.go:952.19,953.25 1 1
github.com/CCoupel/GhostDrive/plugins/moosefs/moosefs.go:953.25,955.6 1 0
github.com/CCoupel/GhostDrive/plugins/moosefs/moosefs.go:957.5,958.19 2 1
github.com/CCoupel/GhostDrive/plugins/moosefs/moosefs.go:958.19,961.14 2 0
github.com/CCoupel/GhostDrive/plugins/moosefs/moosefs.go:964.5,965.32 2 1
github.com/CCoupel/GhostDrive/plugins/moosefs/moosefs.go:965.32,967.6 1 1
github.com/CCoupel/GhostDrive/plugins/moosefs/moosefs.go:969.5,972.35 2 1
github.com/CCoupel/GhostDrive/plugins/moosefs/moosefs.go:972.35,976.17 4 1
github.com/CCoupel/GhostDrive/plugins/moosefs/moosefs.go:976.17,978.7 1 1
github.com/CCoupel/GhostDrive/plugins/moosefs/moosefs.go:978.12,978.65 1 1
github.com/CCoupel/GhostDrive/plugins/moosefs/moosefs.go:978.65,982.7 2 1
github.com/CCoupel/GhostDrive/plugins/moosefs/moosefs.go:982.12,982.65 1 1
github.com/CCoupel/GhostDrive/plugins/moosefs/moosefs.go:982.65,984.7 1 1
github.com/CCoupel/GhostDrive/plugins/moosefs/moosefs.go:985.6,985.22 1 1
github.com/CCoupel/GhostDrive/plugins/moosefs/moosefs.go:985.22,987.14 2 1
github.com/CCoupel/GhostDrive/plugins/moosefs/moosefs.go:996.9,996.9 0 1
github.com/CCoupel/GhostDrive/plugins/moosefs/moosefs.go:997.25,998.14 1 0
github.com/CCoupel/GhostDrive/plugins/moosefs/moosefs.go:1004.5,1004.29 1 1
github.com/CCoupel/GhostDrive/plugins/moosefs/moosefs.go:1004.29,1005.45 1 1
github.com/CCoupel/GhostDrive/plugins/moosefs/moosefs.go:1005.45,1007.14 2 1
github.com/CCoupel/GhostDrive/plugins/moosefs/moosefs.go:1013.9,1013.9 0 1
github.com/CCoupel/GhostDrive/plugins/moosefs/moosefs.go:1014.25,1015.14 1 0
github.com/CCoupel/GhostDrive/plugins/moosefs/moosefs.go:1020.5,1024.25 3 1
github.com/CCoupel/GhostDrive/plugins/moosefs/moosefs.go:1029.2,1029.16 1 1
github.com/CCoupel/GhostDrive/plugins/moosefs/moosefs.go:1035.103,1036.13 1 1
github.com/CCoupel/GhostDrive/plugins/moosefs/moosefs.go:1036.13,1038.3 1 1
github.com/CCoupel/GhostDrive/plugins/moosefs/moosefs.go:1039.2,1040.16 2 1
github.com/CCoupel/GhostDrive/plugins/moosefs/moosefs.go:1040.16,1042.3 1 1
github.com/CCoupel/GhostDrive/plugins/moosefs/moosefs.go:1043.2,1043.13 1 1
github.com/CCoupel/GhostDrive/plugins/moosefs/moosefs.go:1047.104,1049.16 2 1
github.com/CCoupel/GhostDrive/plugins/moosefs/moosefs.go:1049.16,1051.3 1 0
github.com/CCoupel/GhostDrive/plugins/moosefs/moosefs.go:1052.2,1053.29 2 1
github.com/CCoupel/GhostDrive/plugins/moosefs/moosefs.go:1053.29,1055.3 1 1
github.com/CCoupel/GhostDrive/plugins/moosefs/moosefs.go:1056.2,1056.10 1 1
github.com/CCoupel/GhostDrive/plugins/moosefs/moosefs.go:1066.78,1067.43 1 1
github.com/CCoupel/GhostDrive/plugins/moosefs/moosefs.go:1067.43,1068.23 1 1
github.com/CCoupel/GhostDrive/plugins/moosefs/moosefs.go:1068.23,1070.4 1 1
github.com/CCoupel/GhostDrive/plugins/moosefs/moosefs.go:1071.3,1073.17 3 1
github.com/CCoupel/GhostDrive/plugins/moosefs/moosefs.go:1073.17,1074.40 1 0
github.com/CCoupel/GhostDrive/plugins/moosefs/moosefs.go:1074.40,1076.53 2 0
github.com/CCoupel/GhostDrive/plugins/moosefs/moosefs.go:1076.53,1079.6 2 0
github.com/CCoupel/GhostDrive/plugins/moosefs/moosefs.go:1080.5,1080.13 1 0
github.com/CCoupel/GhostDrive/plugins/moosefs/moosefs.go:1082.4,1083.57 2 0
github.com/CCoupel/GhostDrive/plugins/moosefs/moosefs.go:1085.3,1086.26 2 1
github.com/CCoupel/GhostDrive/plugins/moosefs/moosefs.go:1088.2,1089.30 2 0
github.com/CCoupel/GhostDrive/plugins/moosefs/moosefs.go:1101.100,1103.16 2 1
github.com/CCoupel/GhostDrive/plugins/moosefs/moosefs.go:1103.16,1105.3 1 1
github.com/CCoupel/GhostDrive/plugins/moosefs/moosefs.go:1107.2,1108.16 2 1
github.com/CCoupel/GhostDrive/plugins/moosefs/moosefs.go:1108.16,1110.3 1 1
github.com/CCoupel/GhostDrive/plugins/moosefs/moosefs.go:1112.2,1112.17 1 1
github.com/CCoupel/GhostDrive/plugins/moosefs/moosefs.go:1112.17,1114.3 1 0
github.com/CCoupel/GhostDrive/plugins/moosefs/moosefs.go:1119.2,1119.29 1 1
github.com/CCoupel/GhostDrive/plugins/moosefs/moosefs.go:1119.29,1122.3 1 0
github.com/CCoupel/GhostDrive/plugins/moosefs/moosefs.go:1125.2,1127.16 3 1
github.com/CCoupel/GhostDrive/plugins/moosefs/moosefs.go:1127.16,1129.3 1 0
github.com/CCoupel/GhostDrive/plugins/moosefs/moosefs.go:1130.2,1130.18 1 1
github.com/CCoupel/GhostDrive/plugins/moosefs/moosefs.go:1136.37,1136.64 1 1
github.com/CCoupel/GhostDrive/plugins/moosefs/resolve.go:27.100,32.39 3 1
github.com/CCoupel/GhostDrive/plugins/moosefs/resolve.go:32.39,34.3 1 1
github.com/CCoupel/GhostDrive/plugins/moosefs/resolve.go:36.2,39.31 3 1
github.com/CCoupel/GhostDrive/plugins/moosefs/resolve.go:39.31,40.30 1 1
github.com/CCoupel/GhostDrive/plugins/moosefs/resolve.go:40.30,41.12 1 0
github.com/CCoupel/GhostDrive/plugins/moosefs/resolve.go:44.3,44.35 1 1
github.com/CCoupel/GhostDrive/plugins/moosefs/resolve.go:44.35,46.4 1 0
github.com/CCoupel/GhostDrive/plugins/moosefs/resolve.go:48.3,49.17 2 1
github.com/CCoupel/GhostDrive/plugins/moosefs/resolve.go:49.17,51.4 1 1
github.com/CCoupel/GhostDrive/plugins/moosefs/resolve.go:52.3,52.19 1 1
github.com/CCoupel/GhostDrive/plugins/moosefs/resolve.go:55.2,55.20 1 1
github.com/CCoupel/GhostDrive/plugins/moosefs/resolve.go:63.110,68.32 4 1
github.com/CCoupel/GhostDrive/plugins/moosefs/resolve.go:68.32,70.3 1 0
github.com/CCoupel/GhostDrive/plugins/moosefs/resolve.go:73.2,73.30 1 1
github.com/CCoupel/GhostDrive/plugins/moosefs/resolve.go:73.30,75.3 1 1
github.com/CCoupel/GhostDrive/plugins/moosefs/resolve.go:77.2,78.16 2 1
github.com/CCoupel/GhostDrive/plugins/moosefs/resolve.go:78.16,80.3 1 0
github.com/CCoupel/GhostDrive/plugins/moosefs/resolve.go:82.2,82.28 1 1
github.com/CCoupel/GhostDrive/internal/sync/conflict.go:16.96,18.41 2 1
github.com/CCoupel/GhostDrive/internal/sync/conflict.go:18.41,20.3 1 1
github.com/CCoupel/GhostDrive/internal/sync/conflict.go:22.2,30.19 2 1
github.com/CCoupel/GhostDrive/internal/sync/conflict.go:30.19,31.69 1 1
github.com/CCoupel/GhostDrive/internal/sync/conflict.go:31.69,33.4 1 0
github.com/CCoupel/GhostDrive/internal/sync/conflict.go:36.2,36.15 1 1
github.com/CCoupel/GhostDrive/internal/sync/conflict.go:40.87,42.16 2 1
github.com/CCoupel/GhostDrive/internal/sync/conflict.go:42.16,44.3 1 0
github.com/CCoupel/GhostDrive/internal/sync/conflict.go:45.2,54.51 3 1
github.com/CCoupel/GhostDrive/internal/sync/conflict.go:54.51,56.3 1 0
github.com/CCoupel/GhostDrive/internal/sync/conflict.go:57.2,57.12 1 1
github.com/CCoupel/GhostDrive/internal/sync/dispatcher.go:32.46,32.47 0 1
github.com/CCoupel/GhostDrive/internal/sync/dispatcher.go:62.104,63.20 1 1
github.com/CCoupel/GhostDrive/internal/sync/dispatcher.go:63.20,65.3 1 0
github.com/CCoupel/GhostDrive/internal/sync/dispatcher.go:66.2,71.3 1 1
github.com/CCoupel/GhostDrive/internal/sync/dispatcher.go:77.71,80.2 2 0
github.com/CCoupel/GhostDrive/internal/sync/dispatcher.go:85.88,87.2 1 1
github.com/CCoupel/GhostDrive/internal/sync/dispatcher.go:91.75,92.46 1 1
github.com/CCoupel/GhostDrive/internal/sync/dispatcher.go:92.46,94.3 1 1
github.com/CCoupel/GhostDrive/internal/sync/dispatcher.go:99.80,106.33 2 1
github.com/CCoupel/GhostDrive/internal/sync/dispatcher.go:106.33,113.10 3 1
github.com/CCoupel/GhostDrive/internal/sync/dispatcher.go:114.28,114.28 0 1
github.com/CCoupel/GhostDrive/internal/sync/dispatcher.go:115.21,117.12 2 0
github.com/CCoupel/GhostDrive/internal/sync/dispatcher.go:120.3,120.13 1 1
github.com/CCoupel/GhostDrive/internal/sync/dispatcher.go:120.13,122.17 2 1
github.com/CCoupel/GhostDrive/internal/sync/dispatcher.go:122.17,122.28 1 1
github.com/CCoupel/GhostDrive/internal/sync/dispatcher.go:124.4,124.44 1 1
github.com/CCoupel/GhostDrive/internal/sync/dispatcher.go:124.44,126.24 2 0
github.com/CCoupel/GhostDrive/internal/sync/dispatcher.go:126.24,128.6 1 0
github.com/CCoupel/GhostDrive/internal/sync/dispatcher.go:129.5,129.16 1 0
github.com/CCoupel/GhostDrive/internal/sync/dispatcher.go:134.2,135.17 2 1
github.com/CCoupel/GhostDrive/internal/sync/dispatcher.go:139.71,140.16 1 1
github.com/CCoupel/GhostDrive/internal/sync/dispatcher.go:141.20,151.65 4 1
github.com/CCoupel/GhostDrive/internal/sync/dispatcher.go:151.65,154.4 2 1
github.com/CCoupel/GhostDrive/internal/sync/dispatcher.go:155.3,155.52 1 1
github.com/CCoupel/GhostDrive/internal/sync/dispatcher.go:157.22,166.67 3 1
github.com/CCoupel/GhostDrive/internal/sync/dispatcher.go:166.67,169.4 2 0
github.com/CCoupel/GhostDrive/internal/sync/dispatcher.go:170.3,172.67 2 1
github.com/CCoupel/GhostDrive/internal/sync/dispatcher.go:172.67,174.4 1 0
github.com/CCoupel/GhostDrive/internal/sync/dispatcher.go:176.20,177.61 1 1
github.com/CCoupel/GhostDrive/internal/sync/dispatcher.go:177.61,183.4 2 0
github.com/CCoupel/GhostDrive/internal/sync/dispatcher.go:185.3,185.53 1 1
github.com/CCoupel/GhostDrive/internal/sync/dispatcher.go:187.19,188.64 1 0
github.com/CCoupel/GhostDrive/internal/sync/dispatcher.go:188.64,194.4 2 0
github.com/CCoupel/GhostDrive/internal/sync/dispatcher.go:196.20,199.78 2 1
github.com/CCoupel/GhostDrive/internal/sync/dispatcher.go:199.78,200.47 1 1
github.com/CCoupel/GhostDrive/internal/sync/dispatcher.go:200.47,208.75 2 1
github.com/CCoupel/GhostDrive/internal/sync/dispatcher.go:208.75,211.6 2 0
github.com/CCoupel/GhostDrive/internal/sync/dispatcher.go:212.5,212.68 1 1
github.com/CCoupel/GhostDrive/internal/sync/dispatcher.go:212.68,221.6 3 0
github.com/CCoupel/GhostDrive/internal/sync/dispatcher.go:222.10,225.5 2 1
github.com/CCoupel/GhostDrive/internal/sync/dispatcher.go:227.3,227.52 1 1
github.com/CCoupel/GhostDrive/internal/sync/dispatcher.go:229.18,232.76 2 1
github.com/CCoupel/GhostDrive/internal/sync/dispatcher.go:232.76,233.47 1 1
github.com/CCoupel/GhostDrive/internal/sync/dispatcher.go:233.47,241.79 2 1
github.com/CCoupel/GhostDrive/internal/sync/dispatcher.go:241.79,244.6 2 0
github.com/CCoupel/GhostDrive/internal/sync/dispatcher.go:245.5,251.75 2 1
github.com/CCoupel/GhostDrive/internal/sync/dispatcher.go:251.75,254.6 2 0
github.com/CCoupel/GhostDrive/internal/sync/dispatcher.go:255.10,258.5 2 0
github.com/CCoupel/GhostDrive/internal/sync/dispatcher.go:260.3,262.67 2 1
github.com/CCoupel/GhostDrive/internal/sync/dispatcher.go:262.67,264.4 1 0
github.com/CCoupel/GhostDrive/internal/sync/dispatcher.go:266.10,267.64 1 1
github.com/CCoupel/GhostDrive/internal/sync/dispatcher.go:270.2,270.12 1 1
github.com/CCoupel/GhostDrive/internal/sync/download.go:17.108,18.74 1 1
github.com/CCoupel/GhostDrive/internal/sync/download.go:18.74,21.3 2 0
github.com/CCoupel/GhostDrive/internal/sync/download.go:22.2,22.72 1 1
github.com/CCoupel/GhostDrive/internal/sync/download.go:22.72,25.3 2 0
github.com/CCoupel/GhostDrive/internal/sync/download.go:28.2,35.38 3 1
github.com/CCoupel/GhostDrive/internal/sync/download.go:35.38,38.50 3 1
github.com/CCoupel/GhostDrive/internal/sync/download.go:38.50,40.4 1 1
github.com/CCoupel/GhostDrive/internal/sync/download.go:41.3,49.16 3 1
github.com/CCoupel/GhostDrive/internal/sync/download.go:49.16,51.4 1 1
github.com/CCoupel/GhostDrive/internal/sync/download.go:52.3,52.38 1 1
github.com/CCoupel/GhostDrive/internal/sync/download.go:56.2,61.95 2 1
github.com/CCoupel/GhostDrive/internal/sync/download.go:61.95,65.3 3 1
github.com/CCoupel/GhostDrive/internal/sync/download.go:67.2,67.59 1 1
github.com/CCoupel/GhostDrive/internal/sync/download.go:67.59,71.3 3 0
github.com/CCoupel/GhostDrive/internal/sync/download.go:73.2,73.12 1 1
github.com/CCoupel/GhostDrive/internal/sync/engine.go:59.11,60.20 1 1
github.com/CCoupel/GhostDrive/internal/sync/engine.go:60.20,62.3 1 0
github.com/CCoupel/GhostDrive/internal/sync/engine.go:63.2,76.3 1 1
github.com/CCoupel/GhostDrive/internal/sync/engine.go:81.49,85.2 3 0
github.com/CCoupel/GhostDrive/internal/sync/engine.go:91.123,96.2 4 1
github.com/CCoupel/GhostDrive/internal/sync/engine.go:102.65,103.47 1 1
github.com/CCoupel/GhostDrive/internal/sync/engine.go:103.47,104.39 1 1
github.com/CCoupel/GhostDrive/internal/sync/engine.go:104.39,106.4 1 1
github.com/CCoupel/GhostDrive/internal/sync/engine.go:108.2,108.31 1 1
github.com/CCoupel/GhostDrive/internal/sync/engine.go:113.72,114.37 1 1
github.com/CCoupel/GhostDrive/internal/sync/engine.go:114.37,117.3 2 1
github.com/CCoupel/GhostDrive/internal/sync/engine.go:118.2,118.38 1 1
github.com/CCoupel/GhostDrive/internal/sync/engine.go:124.83,125.55 1 1
github.com/CCoupel/GhostDrive/internal/sync/engine.go:125.55,128.20 3 1
github.com/CCoupel/GhostDrive/internal/sync/engine.go:128.20,130.4 1 0
github.com/CCoupel/GhostDrive/internal/sync/engine.go:131.3,137.73 2 1
github.com/CCoupel/GhostDrive/internal/sync/engine.go:137.73,142.24 5 1
github.com/CCoupel/GhostDrive/internal/sync/engine.go:142.24,143.65 1 1
github.com/CCoupel/GhostDrive/internal/sync/engine.go:143.65,144.16 1 1
github.com/CCoupel/GhostDrive/internal/sync/engine.go:144.16,144.50 1 1
github.com/CCoupel/GhostDrive/internal/sync/engine.go:154.51,155.30 1 1
github.com/CCoupel/GhostDrive/internal/sync/engine.go:155.30,157.3 1 1
github.com/CCoupel/GhostDrive/internal/sync/engine.go:159.2,161.25 3 1
github.com/CCoupel/GhostDrive/internal/sync/engine.go:161.25,165.3 3 1
github.com/CCoupel/GhostDrive/internal/sync/engine.go:166.2,170.12 4 1
github.com/CCoupel/GhostDrive/internal/sync/engine.go:174.25,177.25 3 1
github.com/CCoupel/GhostDrive/internal/sync/engine.go:177.25,180.3 2 1
github.com/CCoupel/GhostDrive/internal/sync/engine.go:184.26,187.15 3 1
github.com/CCoupel/GhostDrive/internal/sync/engine.go:187.15,194.3 2 1
github.com/CCoupel/GhostDrive/internal/sync/engine.go:198.27,201.14 3 1
github.com/CCoupel/GhostDrive/internal/sync/engine.go:201.14,208.3 2 1
github.com/CCoupel/GhostDrive/internal/sync/engine.go:212.55,214.2 1 1
github.com/CCoupel/GhostDrive/internal/sync/engine.go:219.74,225.37 6 0
github.com/CCoupel/GhostDrive/internal/sync/engine.go:225.37,227.3 1 0
github.com/CCoupel/GhostDrive/internal/sync/engine.go:228.2,231.16 3 0
github.com/CCoupel/GhostDrive/internal/sync/engine.go:231.16,233.3 1 0
github.com/CCoupel/GhostDrive/internal/sync/engine.go:234.2,239.5 2 0
github.com/CCoupel/GhostDrive/internal/sync/engine.go:245.45,250.21 4 1
github.com/CCoupel/GhostDrive/internal/sync/engine.go:250.21,252.3 1 0
github.com/CCoupel/GhostDrive/internal/sync/engine.go:253.2,253.23 1 1
github.com/CCoupel/GhostDrive/internal/sync/engine.go:253.23,255.3 1 1
github.com/CCoupel/GhostDrive/internal/sync/engine.go:256.2,256.30 1 1
github.com/CCoupel/GhostDrive/internal/sync/engine.go:256.30,258.3 1 1
github.com/CCoupel/GhostDrive/internal/sync/engine.go:259.2,259.10 1 1
github.com/CCoupel/GhostDrive/internal/sync/engine.go:264.43,266.63 1 1
github.com/CCoupel/GhostDrive/internal/sync/engine.go:266.63,268.3 1 0
github.com/CCoupel/GhostDrive/internal/sync/engine.go:271.2,272.16 2 1
github.com/CCoupel/GhostDrive/internal/sync/engine.go:272.16,275.3 2 0
github.com/CCoupel/GhostDrive/internal/sync/engine.go:277.2,278.16 2 1
github.com/CCoupel/GhostDrive/internal/sync/engine.go:278.16,281.3 2 0
github.com/CCoupel/GhostDrive/internal/sync/engine.go:282.2,286.16 3 1
github.com/CCoupel/GhostDrive/internal/sync/engine.go:286.16,289.3 1 0
github.com/CCoupel/GhostDrive/internal/sync/engine.go:291.2,291.6 1 1
github.com/CCoupel/GhostDrive/internal/sync/engine.go:291.6,292.10 1 1
github.com/CCoupel/GhostDrive/internal/sync/engine.go:293.21,299.10 2 1
github.com/CCoupel/GhostDrive/internal/sync/engine.go:301.28,302.11 1 0
github.com/CCoupel/GhostDrive/internal/sync/engine.go:302.11,304.5 1 0
github.com/CCoupel/GhostDrive/internal/sync/engine.go:305.4,305.20 1 0
github.com/CCoupel/GhostDrive/internal/sync/engine.go:305.20,306.13 1 0
github.com/CCoupel/GhostDrive/internal/sync/engine.go:308.4,309.75 2 0
github.com/CCoupel/GhostDrive/internal/sync/engine.go:309.75,311.5 1 0
github.com/CCoupel/GhostDrive/internal/sync/engine.go:313.34,314.11 1 1
github.com/CCoupel/GhostDrive/internal/sync/engine.go:314.11,319.25 1 1
github.com/CCoupel/GhostDrive/internal/sync/engine.go:319.25,321.6 1 1
github.com/CCoupel/GhostDrive/internal/sync/engine.go:322.5,323.13 2 1
github.com/CCoupel/GhostDrive/internal/sync/engine.go:327.4,327.51 1 0
github.com/CCoupel/GhostDrive/internal/sync/engine.go:327.51,329.25 1 0
github.com/CCoupel/GhostDrive/internal/sync/engine.go:329.25,331.6 1 0
github.com/CCoupel/GhostDrive/internal/sync/engine.go:332.5,332.13 1 0
github.com/CCoupel/GhostDrive/internal/sync/engine.go:334.4,334.50 1 0
github.com/CCoupel/GhostDrive/internal/sync/engine.go:334.50,336.25 1 0
github.com/CCoupel/GhostDrive/internal/sync/engine.go:336.25,338.6 1 0
github.com/CCoupel/GhostDrive/internal/sync/engine.go:339.5,339.13 1 0
github.com/CCoupel/GhostDrive/internal/sync/engine.go:341.4,341.20 1 0
github.com/CCoupel/GhostDrive/internal/sync/engine.go:341.20,342.13 1 0
github.com/CCoupel/GhostDrive/internal/sync/engine.go:344.4,345.76 2 0
github.com/CCoupel/GhostDrive/internal/sync/engine.go:345.76,347.5 1 0
github.com/CCoupel/GhostDrive/internal/sync/engine.go:352.57,354.14 2 1
github.com/CCoupel/GhostDrive/internal/sync/engine.go:354.14,357.3 2 0
github.com/CCoupel/GhostDrive/internal/sync/engine.go:358.2,376.37 11 1
github.com/CCoupel/GhostDrive/internal/sync/engine.go:376.37,378.3 1 0
github.com/CCoupel/GhostDrive/internal/sync/engine.go:381.2,387.61 5 1
github.com/CCoupel/GhostDrive/internal/sync/engine.go:387.61,390.3 2 1
github.com/CCoupel/GhostDrive/internal/sync/engine.go:392.2,393.16 2 1
github.com/CCoupel/GhostDrive/internal/sync/engine.go:393.16,401.3 3 0
github.com/CCoupel/GhostDrive/internal/sync/engine.go:403.2,407.78 4 1
github.com/CCoupel/GhostDrive/internal/sync/engine.go:407.78,409.3 1 0
github.com/CCoupel/GhostDrive/internal/sync/engine.go:412.2,412.37 1 1
github.com/CCoupel/GhostDrive/internal/sync/engine.go:412.37,414.3 1 0
github.com/CCoupel/GhostDrive/internal/sync/engine.go:416.2,424.12 4 1
github.com/CCoupel/GhostDrive/internal/sync/engine.go:427.85,433.37 6 1
github.com/CCoupel/GhostDrive/internal/sync/engine.go:433.37,435.3 1 0
github.com/CCoupel/GhostDrive/internal/sync/engine.go:437.2,442.18 4 1
github.com/CCoupel/GhostDrive/internal/sync/engine.go:443.59,448.6 1 0
github.com/CCoupel/GhostDrive/internal/sync/engine.go:449.32,451.56 1 1
github.com/CCoupel/GhostDrive/internal/sync/engine.go:451.56,454.4 2 1
github.com/CCoupel/GhostDrive/internal/sync/engine.go:455.3,459.6 1 1
github.com/CCoupel/GhostDrive/internal/sync/engine.go:460.32,462.24 1 1
github.com/CCoupel/GhostDrive/internal/sync/engine.go:462.24,463.9 1 1
github.com/CCoupel/GhostDrive/internal/sync/engine.go:465.3,476.6 5 0
github.com/CCoupel/GhostDrive/internal/sync/engine.go:478.2,478.12 1 1
github.com/CCoupel/GhostDrive/internal/sync/engine.go:481.86,487.37 6 0
github.com/CCoupel/GhostDrive/internal/sync/engine.go:487.37,489.3 1 0
github.com/CCoupel/GhostDrive/internal/sync/engine.go:491.2,495.18 3 0
github.com/CCoupel/GhostDrive/internal/sync/engine.go:496.59,501.6 1 0
github.com/CCoupel/GhostDrive/internal/sync/engine.go:502.32,507.5 1 0
github.com/CCoupel/GhostDrive/internal/sync/engine.go:509.2,509.12 1 0
github.com/CCoupel/GhostDrive/internal/sync/engine.go:512.46,516.2 3 1
github.com/CCoupel/GhostDrive/internal/sync/engine.go:518.34,522.2 3 1
github.com/CCoupel/GhostDrive/internal/sync/engine.go:524.52,539.2 6 1
github.com/CCoupel/GhostDrive/internal/sync/engine.go:547.34,554.2 4 1
github.com/CCoupel/GhostDrive/internal/sync/engine.go:561.33,563.41 2 1
github.com/CCoupel/GhostDrive/internal/sync/engine.go:563.41,565.3 1 1
github.com/CCoupel/GhostDrive/internal/sync/engine.go:566.2,569.4 2 1
github.com/CCoupel/GhostDrive/internal/sync/queue.go:33.35,35.2 1 1
github.com/CCoupel/GhostDrive/internal/sync/queue.go:38.41,40.2 1 1
github.com/CCoupel/GhostDrive/internal/sync/queue.go:44.36,48.2 3 1
github.com/CCoupel/GhostDrive/internal/sync/queue.go:57.45,61.2 3 1
github.com/CCoupel/GhostDrive/internal/sync/queue.go:65.49,69.31 3 1
github.com/CCoupel/GhostDrive/internal/sync/queue.go:69.31,70.27 1 1
github.com/CCoupel/GhostDrive/internal/sync/queue.go:70.27,74.4 2 0
github.com/CCoupel/GhostDrive/internal/sync/queue.go:75.3,75.21 1 1
github.com/CCoupel/GhostDrive/internal/sync/queue.go:75.21,78.4 2 1
github.com/CCoupel/GhostDrive/internal/sync/queue.go:81.2,81.19 1 1
github.com/CCoupel/GhostDrive/internal/sync/queue.go:86.50,88.26 2 1
github.com/CCoupel/GhostDrive/internal/sync/queue.go:88.26,90.3 1 1
github.com/CCoupel/GhostDrive/internal/sync/queue.go:91.2,92.13 2 1
github.com/CCoupel/GhostDrive/internal/sync/queue.go:96.32,100.2 3 1
github.com/CCoupel/GhostDrive/internal/sync/queue.go:103.41,110.2 6 1
github.com/CCoupel/GhostDrive/internal/sync/reconciler.go:59.90,65.2 1 1
github.com/CCoupel/GhostDrive/internal/sync/reconciler.go:69.88,71.2 1 1
github.com/CCoupel/GhostDrive/internal/sync/reconciler.go:74.74,76.2 1 1
github.com/CCoupel/GhostDrive/internal/sync/reconciler.go:79.75,80.46 1 1
github.com/CCoupel/GhostDrive/internal/sync/reconciler.go:80.46,82.3 1 1
github.com/CCoupel/GhostDrive/internal/sync/reconciler.go:94.94,97.16 2 1
github.com/CCoupel/GhostDrive/internal/sync/reconciler.go:97.16,99.3 1 0
github.com/CCoupel/GhostDrive/internal/sync/reconciler.go:102.2,103.16 2 1
github.com/CCoupel/GhostDrive/internal/sync/reconciler.go:103.16,105.3 1 0
github.com/CCoupel/GhostDrive/internal/sync/reconciler.go:107.2,111.28 3 1
github.com/CCoupel/GhostDrive/internal/sync/reconciler.go:111.28,114.3 2 1
github.com/CCoupel/GhostDrive/internal/sync/reconciler.go:117.2,118.29 2 1
github.com/CCoupel/GhostDrive/internal/sync/reconciler.go:118.29,120.3 1 1
github.com/CCoupel/GhostDrive/internal/sync/reconciler.go:125.2,125.37 1 1
github.com/CCoupel/GhostDrive/internal/sync/reconciler.go:125.37,130.22 4 1
github.com/CCoupel/GhostDrive/internal/sync/reconciler.go:130.22,131.21 1 0
github.com/CCoupel/GhostDrive/internal/sync/reconciler.go:131.21,137.5 1 0
github.com/CCoupel/GhostDrive/internal/sync/reconciler.go:138.4,138.12 1 0
github.com/CCoupel/GhostDrive/internal/sync/reconciler.go:141.3,141.20 1 1
github.com/CCoupel/GhostDrive/internal/sync/reconciler.go:141.20,149.12 3 1
github.com/CCoupel/GhostDrive/internal/sync/reconciler.go:153.3,153.65 1 1
github.com/CCoupel/GhostDrive/internal/sync/reconciler.go:153.65,155.49 1 1
github.com/CCoupel/GhostDrive/internal/sync/reconciler.go:155.49,173.5 5 1
github.com/CCoupel/GhostDrive/internal/sync/reconciler.go:173.10,189.5 5 1
github.com/CCoupel/GhostDrive/internal/sync/reconciler.go:195.2,195.39 1 1
github.com/CCoupel/GhostDrive/internal/sync/reconciler.go:195.39,196.52 1 1
github.com/CCoupel/GhostDrive/internal/sync/reconciler.go:196.52,200.22 3 1
github.com/CCoupel/GhostDrive/internal/sync/reconciler.go:200.22,207.5 1 0
github.com/CCoupel/GhostDrive/internal/sync/reconciler.go:207.10,213.5 1 1
github.com/CCoupel/GhostDrive/internal/sync/reconciler.go:217.2,217.21 1 1
github.com/CCoupel/GhostDrive/internal/sync/reconciler.go:221.110,223.16 2 1
github.com/CCoupel/GhostDrive/internal/sync/reconciler.go:223.16,225.3 1 0
github.com/CCoupel/GhostDrive/internal/sync/reconciler.go:227.2,228.28 2 1
github.com/CCoupel/GhostDrive/internal/sync/reconciler.go:228.28,230.14 2 1
github.com/CCoupel/GhostDrive/internal/sync/reconciler.go:230.14,232.18 2 0
github.com/CCoupel/GhostDrive/internal/sync/reconciler.go:232.18,234.5 1 0
github.com/CCoupel/GhostDrive/internal/sync/reconciler.go:235.4,235.35 1 0
github.com/CCoupel/GhostDrive/internal/sync/reconciler.go:238.2,238.20 1 1
github.com/CCoupel/GhostDrive/internal/sync/reconciler.go:242.66,244.88 2 1
github.com/CCoupel/GhostDrive/internal/sync/reconciler.go:244.88,245.17 1 1
github.com/CCoupel/GhostDrive/internal/sync/reconciler.go:245.17,247.4 1 0
github.com/CCoupel/GhostDrive/internal/sync/reconciler.go:248.3,248.25 1 1
github.com/CCoupel/GhostDrive/internal/sync/reconciler.go:248.25,250.4 1 1
github.com/CCoupel/GhostDrive/internal/sync/reconciler.go:251.3,252.17 2 1
github.com/CCoupel/GhostDrive/internal/sync/reconciler.go:252.17,254.4 1 0
github.com/CCoupel/GhostDrive/internal/sync/reconciler.go:255.3,256.13 2 1
github.com/CCoupel/GhostDrive/internal/sync/reconciler.go:258.2,258.20 1 1
github.com/CCoupel/GhostDrive/internal/sync/reconciler.go:263.70,267.2 3 1
github.com/CCoupel/GhostDrive/internal/sync/reconciler.go:270.101,271.30 1 1
github.com/CCoupel/GhostDrive/internal/sync/reconciler.go:271.30,273.3 1 1
github.com/CCoupel/GhostDrive/internal/sync/reconciler.go:275.2,275.80 1 1
github.com/CCoupel/GhostDrive/internal/sync/reconciler.go:275.80,277.3 1 1
github.com/CCoupel/GhostDrive/internal/sync/reconciler.go:278.2,278.13 1 1
github.com/CCoupel/GhostDrive/internal/sync/reconciler.go:282.56,283.30 1 1
github.com/CCoupel/GhostDrive/internal/sync/reconciler.go:283.30,285.3 1 1
github.com/CCoupel/GhostDrive/internal/sync/reconciler.go:286.2,291.4 1 1
github.com/CCoupel/GhostDrive/internal/sync/reconciler.go:295.55,296.21 1 1
github.com/CCoupel/GhostDrive/internal/sync/reconciler.go:296.21,298.3 1 1
github.com/CCoupel/GhostDrive/internal/sync/reconciler.go:300.2,301.16 2 1
github.com/CCoupel/GhostDrive/internal/sync/reconciler.go:301.16,303.3 1 0
github.com/CCoupel/GhostDrive/internal/sync/reconciler.go:304.2,313.32 3 1
github.com/CCoupel/GhostDrive/internal/sync/upload.go:17.106,18.74 1 1
github.com/CCoupel/GhostDrive/internal/sync/upload.go:18.74,21.3 2 0
github.com/CCoupel/GhostDrive/internal/sync/upload.go:22.2,22.51 1 1
github.com/CCoupel/GhostDrive/internal/sync/upload.go:22.51,25.3 2 1
github.com/CCoupel/GhostDrive/internal/sync/upload.go:27.2,32.38 2 1
github.com/CCoupel/GhostDrive/internal/sync/upload.go:32.38,35.50 3 1
github.com/CCoupel/GhostDrive/internal/sync/upload.go:35.50,37.4 1 1
github.com/CCoupel/GhostDrive/internal/sync/upload.go:38.3,46.16 3 1
github.com/CCoupel/GhostDrive/internal/sync/upload.go:46.16,48.4 1 1
github.com/CCoupel/GhostDrive/internal/sync/upload.go:49.3,49.38 1 1
github.com/CCoupel/GhostDrive/internal/sync/upload.go:52.2,52.87 1 1
github.com/CCoupel/GhostDrive/internal/sync/upload.go:52.87,55.3 2 1
github.com/CCoupel/GhostDrive/internal/sync/upload.go:56.2,56.12 1 1
github.com/CCoupel/GhostDrive/internal/sync/upload.go:60.61,66.2 1 1
github.com/CCoupel/GhostDrive/internal/sync/upload.go:70.59,72.21 2 1
github.com/CCoupel/GhostDrive/internal/sync/upload.go:72.21,74.94 2 1
github.com/CCoupel/GhostDrive/internal/sync/upload.go:74.94,76.4 1 0
github.com/CCoupel/GhostDrive/internal/sync/upload.go:78.2,78.12 1 1
github.com/CCoupel/GhostDrive/internal/sync/watcher.go:30.47,32.16 2 1
github.com/CCoupel/GhostDrive/internal/sync/watcher.go:32.16,34.3 1 0
github.com/CCoupel/GhostDrive/internal/sync/watcher.go:35.2,35.44 1 1
github.com/CCoupel/GhostDrive/internal/sync/watcher.go:40.80,41.45 1 1
github.com/CCoupel/GhostDrive/internal/sync/watcher.go:41.45,43.3 1 1
github.com/CCoupel/GhostDrive/internal/sync/watcher.go:45.2,47.12 2 1
github.com/CCoupel/GhostDrive/internal/sync/watcher.go:47.12,67.39 8 1
github.com/CCoupel/GhostDrive/internal/sync/watcher.go:67.39,68.11 1 1
github.com/CCoupel/GhostDrive/internal/sync/watcher.go:69.19,69.19 0 1
github.com/CCoupel/GhostDrive/internal/sync/watcher.go:70.22,70.22 0 0
github.com/CCoupel/GhostDrive/internal/sync/watcher.go:75.3,75.34 1 1
github.com/CCoupel/GhostDrive/internal/sync/watcher.go:75.34,76.46 1 1
github.com/CCoupel/GhostDrive/internal/sync/watcher.go:76.46,78.5 1 1
github.com/CCoupel/GhostDrive/internal/sync/watcher.go:79.4,79.14 1 0
github.com/CCoupel/GhostDrive/internal/sync/watcher.go:82.3,82.7 1 1
github.com/CCoupel/GhostDrive/internal/sync/watcher.go:82.7,83.11 1 1
github.com/CCoupel/GhostDrive/internal/sync/watcher.go:84.22,85.31 1 1
github.com/CCoupel/GhostDrive/internal/sync/watcher.go:85.31,87.6 1 1
github.com/CCoupel/GhostDrive/internal/sync/watcher.go:88.5,88.36 1 1
github.com/CCoupel/GhostDrive/internal/sync/watcher.go:88.36,90.6 1 0
github.com/CCoupel/GhostDrive/internal/sync/watcher.go:91.5,91.11 1 1
github.com/CCoupel/GhostDrive/internal/sync/watcher.go:93.33,96.30 2 1
github.com/CCoupel/GhostDrive/internal/sync/watcher.go:98.39,99.12 1 0
github.com/CCoupel/GhostDrive/internal/sync/watcher.go:99.12,101.6 1 0
github.com/CCoupel/GhostDrive/internal/sync/watcher.go:102.5,102.12 1 0
github.com/CCoupel/GhostDrive/internal/sync/watcher.go:104.43,105.12 1 1
github.com/CCoupel/GhostDrive/internal/sync/watcher.go:105.12,107.6 1 0
github.com/CCoupel/GhostDrive/internal/sync/watcher.go:109.5,111.22 3 1
github.com/CCoupel/GhostDrive/internal/sync/watcher.go:111.22,112.14 1 0
github.com/CCoupel/GhostDrive/internal/sync/watcher.go:116.5,116.44 1 1
github.com/CCoupel/GhostDrive/internal/sync/watcher.go:116.44,121.48 2 1
github.com/CCoupel/GhostDrive/internal/sync/watcher.go:121.48,123.7 1 0
github.com/CCoupel/GhostDrive/internal/sync/watcher.go:124.6,128.67 5 1
github.com/CCoupel/GhostDrive/internal/sync/watcher.go:128.67,129.35 1 1
github.com/CCoupel/GhostDrive/internal/sync/watcher.go:129.35,131.8 1 0
github.com/CCoupel/GhostDrive/internal/sync/watcher.go:133.7,140.14 2 1
github.com/CCoupel/GhostDrive/internal/sync/watcher.go:141.42,141.42 0 1
github.com/CCoupel/GhostDrive/internal/sync/watcher.go:142.15,142.15 0 0
github.com/CCoupel/GhostDrive/internal/sync/watcher.go:145.6,145.14 1 1
github.com/CCoupel/GhostDrive/internal/sync/watcher.go:148.5,148.44 1 1
github.com/CCoupel/GhostDrive/internal/sync/watcher.go:148.44,151.48 2 1
github.com/CCoupel/GhostDrive/internal/sync/watcher.go:151.48,153.43 1 1
github.com/CCoupel/GhostDrive/internal/sync/watcher.go:153.43,155.8 1 1
github.com/CCoupel/GhostDrive/internal/sync/watcher.go:156.7,165.15 4 1
github.com/CCoupel/GhostDrive/internal/sync/watcher.go:171.5,171.43 1 1
github.com/CCoupel/GhostDrive/internal/sync/watcher.go:171.43,176.6 3 1
github.com/CCoupel/GhostDrive/internal/sync/watcher.go:176.11,178.6 1 1
github.com/CCoupel/GhostDrive/internal/sync/watcher.go:180.5,184.69 4 1
github.com/CCoupel/GhostDrive/internal/sync/watcher.go:184.69,185.13 1 1
github.com/CCoupel/GhostDrive/internal/sync/watcher.go:186.32,187.13 1 0
github.com/CCoupel/GhostDrive/internal/sync/watcher.go:188.14,188.14 0 1
github.com/CCoupel/GhostDrive/internal/sync/watcher.go:190.6,195.8 1 1
github.com/CCoupel/GhostDrive/internal/sync/watcher.go:201.2,201.16 1 1
github.com/CCoupel/GhostDrive/internal/sync/watcher.go:205.32,207.2 1 1
github.com/CCoupel/GhostDrive/internal/sync/watcher.go:210.56,211.9 1 1
github.com/CCoupel/GhostDrive/internal/sync/watcher.go:212.31,213.34 1 1
github.com/CCoupel/GhostDrive/internal/sync/watcher.go:214.30,215.35 1 1
github.com/CCoupel/GhostDrive/internal/sync/watcher.go:216.31,217.34 1 1
github.com/CCoupel/GhostDrive/internal/sync/watcher.go:218.31,219.34 1 1
github.com/CCoupel/GhostDrive/internal/sync/watcher.go:220.10,221.12 1 0
github.com/CCoupel/GhostDrive/plugins/moosefs/internal/mfsclient/client.go:46.51,49.16 3 1
github.com/CCoupel/GhostDrive/plugins/moosefs/internal/mfsclient/client.go:49.16,51.3 1 1
github.com/CCoupel/GhostDrive/plugins/moosefs/internal/mfsclient/client.go:52.2,52.64 1 1
github.com/CCoupel/GhostDrive/plugins/moosefs/internal/mfsclient/client.go:56.32,59.19 3 1
github.com/CCoupel/GhostDrive/plugins/moosefs/internal/mfsclient/client.go:59.19,61.3 1 0
github.com/CCoupel/GhostDrive/plugins/moosefs/internal/mfsclient/client.go:62.2,65.12 4 1
github.com/CCoupel/GhostDrive/plugins/moosefs/internal/mfsclient/client.go:69.37,73.2 3 1
github.com/CCoupel/GhostDrive/plugins/moosefs/internal/mfsclient/client.go:86.85,87.19 1 1
github.com/CCoupel/GhostDrive/plugins/moosefs/internal/mfsclient/client.go:87.19,89.3 1 0
github.com/CCoupel/GhostDrive/plugins/moosefs/internal/mfsclient/client.go:91.2,91.57 1 1
github.com/CCoupel/GhostDrive/plugins/moosefs/internal/mfsclient/client.go:91.57,93.3 1 0
github.com/CCoupel/GhostDrive/plugins/moosefs/internal/mfsclient/client.go:95.2,95.6 1 1
github.com/CCoupel/GhostDrive/plugins/moosefs/internal/mfsclient/client.go:95.6,97.17 2 1
github.com/CCoupel/GhostDrive/plugins/moosefs/internal/mfsclient/client.go:97.17,99.4 1 0
github.com/CCoupel/GhostDrive/plugins/moosefs/internal/mfsclient/client.go:101.3,101.27 1 1
github.com/CCoupel/GhostDrive/plugins/moosefs/internal/mfsclient/client.go:101.27,102.12 1 0
github.com/CCoupel/GhostDrive/plugins/moosefs/internal/mfsclient/client.go:104.3,104.28 1 1
github.com/CCoupel/GhostDrive/plugins/moosefs/internal/mfsclient/client.go:104.28,106.4 1 0
github.com/CCoupel/GhostDrive/plugins/moosefs/internal/mfsclient/client.go:107.3,107.25 1 1
github.com/CCoupel/GhostDrive/plugins/moosefs/internal/mfsclient/client.go:114.50,115.23 1 1
github.com/CCoupel/GhostDrive/plugins/moosefs/internal/mfsclient/client.go:115.23,117.3 1 0
github.com/CCoupel/GhostDrive/plugins/moosefs/internal/mfsclient/client.go:118.2,120.16 3 1
github.com/CCoupel/GhostDrive/plugins/moosefs/internal/mfsclient/client.go:121.16,122.19 1 1
github.com/CCoupel/GhostDrive/plugins/moosefs/internal/mfsclient/client.go:123.20,124.67 1 1
github.com/CCoupel/GhostDrive/plugins/moosefs/internal/mfsclient/client.go:125.20,126.59 1 0
github.com/CCoupel/GhostDrive/plugins/moosefs/internal/mfsclient/client.go:127.23,128.59 1 0
github.com/CCoupel/GhostDrive/plugins/moosefs/internal/mfsclient/client.go:129.10,130.77 1 0
github.com/CCoupel/GhostDrive/plugins/moosefs/internal/mfsclient/client.go:153.35,176.16 11 1
github.com/CCoupel/GhostDrive/plugins/moosefs/internal/mfsclient/client.go:176.16,178.3 1 0
github.com/CCoupel/GhostDrive/plugins/moosefs/internal/mfsclient/client.go:181.2,181.19 1 1
github.com/CCoupel/GhostDrive/plugins/moosefs/internal/mfsclient/client.go:181.19,182.17 1 0
github.com/CCoupel/GhostDrive/plugins/moosefs/internal/mfsclient/client.go:183.13,185.109 1 0
github.com/CCoupel/GhostDrive/plugins/moosefs/internal/mfsclient/client.go:186.13,187.87 1 0
github.com/CCoupel/GhostDrive/plugins/moosefs/internal/mfsclient/client.go:188.11,189.83 1 0
github.com/CCoupel/GhostDrive/plugins/moosefs/internal/mfsclient/client.go:192.2,192.18 1 1
github.com/CCoupel/GhostDrive/plugins/moosefs/internal/mfsclient/client.go:192.18,194.3 1 0
github.com/CCoupel/GhostDrive/plugins/moosefs/internal/mfsclient/client.go:197.2,198.16 2 1
github.com/CCoupel/GhostDrive/plugins/moosefs/internal/mfsclient/client.go:198.16,200.3 1 0
github.com/CCoupel/GhostDrive/plugins/moosefs/internal/mfsclient/client.go:201.2,202.12 2 1
github.com/CCoupel/GhostDrive/plugins/moosefs/internal/mfsclient/client.go:219.58,226.16 5 1
github.com/CCoupel/GhostDrive/plugins/moosefs/internal/mfsclient/client.go:226.16,228.3 1 0
github.com/CCoupel/GhostDrive/plugins/moosefs/internal/mfsclient/client.go:231.2,231.22 1 1
github.com/CCoupel/GhostDrive/plugins/moosefs/internal/mfsclient/client.go:231.22,233.3 1 0
github.com/CCoupel/GhostDrive/plugins/moosefs/internal/mfsclient/client.go:235.2,236.16 2 1
github.com/CCoupel/GhostDrive/plugins/moosefs/internal/mfsclient/client.go:236.16,238.3 1 0
github.com/CCoupel/GhostDrive/plugins/moosefs/internal/mfsclient/client.go:239.2,240.16 2 1
github.com/CCoupel/GhostDrive/plugins/moosefs/internal/mfsclient/client.go:240.16,242.3 1 0
github.com/CCoupel/GhostDrive/plugins/moosefs/internal/mfsclient/client.go:244.2,244.50 1 1
github.com/CCoupel/GhostDrive/plugins/moosefs/internal/mfsclient/client.go:259.71,271.16 10 1
github.com/CCoupel/GhostDrive/plugins/moosefs/internal/mfsclient/client.go:271.16,273.3 1 0
github.com/CCoupel/GhostDrive/plugins/moosefs/internal/mfsclient/client.go:275.2,275.26 1 1
github.com/CCoupel/GhostDrive/plugins/moosefs/internal/mfsclient/client.go:275.26,278.29 2 1
github.com/CCoupel/GhostDrive/plugins/moosefs/internal/mfsclient/client.go:278.29,280.4 1 1
github.com/CCoupel/GhostDrive/plugins/moosefs/internal/mfsclient/client.go:281.3,281.91 1 0
github.com/CCoupel/GhostDrive/plugins/moosefs/internal/mfsclient/client.go:285.2,285.30 1 1
github.com/CCoupel/GhostDrive/plugins/moosefs/internal/mfsclient/client.go:285.30,287.3 1 0
github.com/CCoupel/GhostDrive/plugins/moosefs/internal/mfsclient/client.go:288.2,289.16 2 1
github.com/CCoupel/GhostDrive/plugins/moosefs/internal/mfsclient/client.go:289.16,291.3 1 0
github.com/CCoupel/GhostDrive/plugins/moosefs/internal/mfsclient/client.go:292.2,292.19 1 1
github.com/CCoupel/GhostDrive/plugins/moosefs/internal/mfsclient/client.go:308.56,316.16 6 1
github.com/CCoupel/GhostDrive/plugins/moosefs/internal/mfsclient/client.go:316.16,318.3 1 0
github.com/CCoupel/GhostDrive/plugins/moosefs/internal/mfsclient/client.go:320.2,320.26 1 1
github.com/CCoupel/GhostDrive/plugins/moosefs/internal/mfsclient/client.go:320.26,322.29 2 1
github.com/CCoupel/GhostDrive/plugins/moosefs/internal/mfsclient/client.go:322.29,324.4 1 1
github.com/CCoupel/GhostDrive/plugins/moosefs/internal/mfsclient/client.go:325.3,325.82 1 0
github.com/CCoupel/GhostDrive/plugins/moosefs/internal/mfsclient/client.go:328.2,328.30 1 1
github.com/CCoupel/GhostDrive/plugins/moosefs/internal/mfsclient/client.go:328.30,330.3 1 0
github.com/CCoupel/GhostDrive/plugins/moosefs/internal/mfsclient/client.go:332.2,333.16 2 1
github.com/CCoupel/GhostDrive/plugins/moosefs/internal/mfsclient/client.go:333.16,335.3 1 0
github.com/CCoupel/GhostDrive/plugins/moosefs/internal/mfsclient/client.go:336.2,337.18 2 1
github.com/CCoupel/GhostDrive/plugins/moosefs/internal/mfsclient/client.go:355.61,369.16 12 1
github.com/CCoupel/GhostDrive/plugins/moosefs/internal/mfsclient/client.go:369.16,371.3 1 0
github.com/CCoupel/GhostDrive/plugins/moosefs/internal/mfsclient/client.go:373.2,373.18 1 1
github.com/CCoupel/GhostDrive/plugins/moosefs/internal/mfsclient/client.go:373.18,376.3 1 0
github.com/CCoupel/GhostDrive/plugins/moosefs/internal/mfsclient/client.go:378.2,381.22 2 1
github.com/CCoupel/GhostDrive/plugins/moosefs/internal/mfsclient/client.go:381.22,383.3 1 0
github.com/CCoupel/GhostDrive/plugins/moosefs/internal/mfsclient/client.go:384.2,388.21 3 1
github.com/CCoupel/GhostDrive/plugins/moosefs/internal/mfsclient/client.go:388.21,392.17 4 1
github.com/CCoupel/GhostDrive/plugins/moosefs/internal/mfsclient/client.go:392.17,393.9 1 0
github.com/CCoupel/GhostDrive/plugins/moosefs/internal/mfsclient/client.go:395.3,395.34 1 1
github.com/CCoupel/GhostDrive/plugins/moosefs/internal/mfsclient/client.go:395.34,400.4 2 0
github.com/CCoupel/GhostDrive/plugins/moosefs/internal/mfsclient/client.go:401.3,405.17 4 1
github.com/CCoupel/GhostDrive/plugins/moosefs/internal/mfsclient/client.go:405.17,407.4 1 0
github.com/CCoupel/GhostDrive/plugins/moosefs/internal/mfsclient/client.go:409.3,411.17 3 1
github.com/CCoupel/GhostDrive/plugins/moosefs/internal/mfsclient/client.go:411.17,413.4 1 0
github.com/CCoupel/GhostDrive/plugins/moosefs/internal/mfsclient/client.go:414.3,417.31 2 1
github.com/CCoupel/GhostDrive/plugins/moosefs/internal/mfsclient/client.go:419.2,419.21 1 1
github.com/CCoupel/GhostDrive/plugins/moosefs/internal/mfsclient/client.go:435.83,451.16 14 1
github.com/CCoupel/GhostDrive/plugins/moosefs/internal/mfsclient/client.go:451.16,453.3 1 0
github.com/CCoupel/GhostDrive/plugins/moosefs/internal/mfsclient/client.go:455.2,455.26 1 1
github.com/CCoupel/GhostDrive/plugins/moosefs/internal/mfsclient/client.go:455.26,457.29 2 0
github.com/CCoupel/GhostDrive/plugins/moosefs/internal/mfsclient/client.go:457.29,459.4 1 0
github.com/CCoupel/GhostDrive/plugins/moosefs/internal/mfsclient/client.go:460.3,460.90 1 0
github.com/CCoupel/GhostDrive/plugins/moosefs/internal/mfsclient/client.go:463.2,463.30 1 1
github.com/CCoupel/GhostDrive/plugins/moosefs/internal/mfsclient/client.go:463.30,465.3 1 0
github.com/CCoupel/GhostDrive/plugins/moosefs/internal/mfsclient/client.go:466.2,467.16 2 1
github.com/CCoupel/GhostDrive/plugins/moosefs/internal/mfsclient/client.go:467.16,469.3 1 0
github.com/CCoupel/GhostDrive/plugins/moosefs/internal/mfsclient/client.go:470.2,470.19 1 1
github.com/CCoupel/GhostDrive/plugins/moosefs/internal/mfsclient/client.go:483.83,498.16 13 1
github.com/CCoupel/GhostDrive/plugins/moosefs/internal/mfsclient/client.go:498.16,500.3 1 0
github.com/CCoupel/GhostDrive/plugins/moosefs/internal/mfsclient/client.go:502.2,502.26 1 1
github.com/CCoupel/GhostDrive/plugins/moosefs/internal/mfsclient/client.go:502.26,504.29 2 0
github.com/CCoupel/GhostDrive/plugins/moosefs/internal/mfsclient/client.go:504.29,506.4 1 0
github.com/CCoupel/GhostDrive/plugins/moosefs/internal/mfsclient/client.go:507.3,507.29 1 0
github.com/CCoupel/GhostDrive/plugins/moosefs/internal/mfsclient/client.go:507.29,510.4 1 0
github.com/CCoupel/GhostDrive/plugins/moosefs/internal/mfsclient/client.go:511.3,511.90 1 0
github.com/CCoupel/GhostDrive/plugins/moosefs/internal/mfsclient/client.go:514.2,514.30 1 1
github.com/CCoupel/GhostDrive/plugins/moosefs/internal/mfsclient/client.go:514.30,516.3 1 0
github.com/CCoupel/GhostDrive/plugins/moosefs/internal/mfsclient/client.go:517.2,518.16 2 1
github.com/CCoupel/GhostDrive/plugins/moosefs/internal/mfsclient/client.go:518.16,520.3 1 0
github.com/CCoupel/GhostDrive/plugins/moosefs/internal/mfsclient/client.go:521.2,521.19 1 1
github.com/CCoupel/GhostDrive/plugins/moosefs/internal/mfsclient/client.go:534.61,546.16 10 1
github.com/CCoupel/GhostDrive/plugins/moosefs/internal/mfsclient/client.go:546.16,548.3 1 0
github.com/CCoupel/GhostDrive/plugins/moosefs/internal/mfsclient/client.go:550.2,550.18 1 1
github.com/CCoupel/GhostDrive/plugins/moosefs/internal/mfsclient/client.go:550.18,552.3 1 0
github.com/CCoupel/GhostDrive/plugins/moosefs/internal/mfsclient/client.go:554.2,554.47 1 1
github.com/CCoupel/GhostDrive/plugins/moosefs/internal/mfsclient/client.go:554.47,556.3 1 1
github.com/CCoupel/GhostDrive/plugins/moosefs/internal/mfsclient/client.go:557.2,557.12 1 1
github.com/CCoupel/GhostDrive/plugins/moosefs/internal/mfsclient/client.go:570.60,582.16 10 1
github.com/CCoupel/GhostDrive/plugins/moosefs/internal/mfsclient/client.go:582.16,584.3 1 0
github.com/CCoupel/GhostDrive/plugins/moosefs/internal/mfsclient/client.go:586.2,586.18 1 1
github.com/CCoupel/GhostDrive/plugins/moosefs/internal/mfsclient/client.go:586.18,588.3 1 0
github.com/CCoupel/GhostDrive/plugins/moosefs/internal/mfsclient/client.go:589.2,589.47 1 1
github.com/CCoupel/GhostDrive/plugins/moosefs/internal/mfsclient/client.go:589.47,591.3 1 1
github.com/CCoupel/GhostDrive/plugins/moosefs/internal/mfsclient/client.go:592.2,592.12 1 1
github.com/CCoupel/GhostDrive/plugins/moosefs/internal/mfsclient/client.go:607.103,621.16 12 0
github.com/CCoupel/GhostDrive/plugins/moosefs/internal/mfsclient/client.go:621.16,623.3 1 0
github.com/CCoupel/GhostDrive/plugins/moosefs/internal/mfsclient/client.go:624.2,624.18 1 0
github.com/CCoupel/GhostDrive/plugins/moosefs/internal/mfsclient/client.go:624.18,626.3 1 0
github.com/CCoupel/GhostDrive/plugins/moosefs/internal/mfsclient/client.go:627.2,627.47 1 0
github.com/CCoupel/GhostDrive/plugins/moosefs/internal/mfsclient/client.go:627.47,629.3 1 0
github.com/CCoupel/GhostDrive/plugins/moosefs/internal/mfsclient/client.go:630.2,630.12 1 0
github.com/CCoupel/GhostDrive/plugins/moosefs/internal/mfsclient/client.go:669.82,682.16 8 1
github.com/CCoupel/GhostDrive/plugins/moosefs/internal/mfsclient/client.go:682.16,684.3 1 0
github.com/CCoupel/GhostDrive/plugins/moosefs/internal/mfsclient/client.go:686.2,686.19 1 1
github.com/CCoupel/GhostDrive/plugins/moosefs/internal/mfsclient/client.go:686.19,688.3 1 1
github.com/CCoupel/GhostDrive/plugins/moosefs/internal/mfsclient/client.go:689.2,690.16 2 1
github.com/CCoupel/GhostDrive/plugins/moosefs/internal/mfsclient/client.go:690.16,692.17 2 0
github.com/CCoupel/GhostDrive/plugins/moosefs/internal/mfsclient/client.go:692.17,694.4 1 0
github.com/CCoupel/GhostDrive/plugins/moosefs/internal/mfsclient/client.go:695.3,696.46 1 0
github.com/CCoupel/GhostDrive/plugins/moosefs/internal/mfsclient/client.go:698.2,698.28 1 1
github.com/CCoupel/GhostDrive/plugins/moosefs/internal/mfsclient/client.go:698.28,700.3 1 0
github.com/CCoupel/GhostDrive/plugins/moosefs/internal/mfsclient/client.go:701.2,703.18 2 1
github.com/CCoupel/GhostDrive/plugins/moosefs/internal/mfsclient/client.go:711.105,737.16 15 1
github.com/CCoupel/GhostDrive/plugins/moosefs/internal/mfsclient/client.go:737.16,739.3 1 0
github.com/CCoupel/GhostDrive/plugins/moosefs/internal/mfsclient/client.go:740.2,741.21 2 1
github.com/CCoupel/GhostDrive/plugins/moosefs/internal/mfsclient/client.go:741.21,744.3 1 0
github.com/CCoupel/GhostDrive/plugins/moosefs/internal/mfsclient/client.go:745.2,745.27 1 1
github.com/CCoupel/GhostDrive/plugins/moosefs/internal/mfsclient/client.go:745.27,748.3 1 0
github.com/CCoupel/GhostDrive/plugins/moosefs/internal/mfsclient/client.go:749.2,750.12 2 1
github.com/CCoupel/GhostDrive/plugins/moosefs/internal/mfsclient/client.go:760.103,779.16 13 1
github.com/CCoupel/GhostDrive/plugins/moosefs/internal/mfsclient/client.go:779.16,781.3 1 0
github.com/CCoupel/GhostDrive/plugins/moosefs/internal/mfsclient/client.go:782.2,782.21 1 1
github.com/CCoupel/GhostDrive/plugins/moosefs/internal/mfsclient/client.go:782.21,785.3 1 0
github.com/CCoupel/GhostDrive/plugins/moosefs/internal/mfsclient/client.go:786.2,786.27 1 1
github.com/CCoupel/GhostDrive/plugins/moosefs/internal/mfsclient/client.go:786.27,789.3 1 1
github.com/CCoupel/GhostDrive/plugins/moosefs/internal/mfsclient/client.go:790.2,790.12 1 1
github.com/CCoupel/GhostDrive/plugins/moosefs/internal/mfsclient/client.go:809.73,815.16 4 1
github.com/CCoupel/GhostDrive/plugins/moosefs/internal/mfsclient/client.go:815.16,817.3 1 0
github.com/CCoupel/GhostDrive/plugins/moosefs/internal/mfsclient/client.go:819.2,822.48 3 1
github.com/CCoupel/GhostDrive/plugins/moosefs/internal/mfsclient/client.go:822.48,824.39 1 1
github.com/CCoupel/GhostDrive/plugins/moosefs/internal/mfsclient/client.go:824.39,825.12 1 1
github.com/CCoupel/GhostDrive/plugins/moosefs/internal/mfsclient/client.go:830.3,830.19 1 1
github.com/CCoupel/GhostDrive/plugins/moosefs/internal/mfsclient/client.go:830.19,832.18 2 1
github.com/CCoupel/GhostDrive/plugins/moosefs/internal/mfsclient/client.go:832.18,835.5 1 1
github.com/CCoupel/GhostDrive/plugins/moosefs/internal/mfsclient/client.go:838.4,838.40 1 1
github.com/CCoupel/GhostDrive/plugins/moosefs/internal/mfsclient/client.go:838.40,839.95 1 1
github.com/CCoupel/GhostDrive/plugins/moosefs/internal/mfsclient/client.go:839.95,842.6 1 1
github.com/CCoupel/GhostDrive/plugins/moosefs/internal/mfsclient/client.go:843.5,843.13 1 1
github.com/CCoupel/GhostDrive/plugins/moosefs/internal/mfsclient/client.go:846.3,856.21 6 1
github.com/CCoupel/GhostDrive/plugins/moosefs/internal/mfsclient/client.go:856.21,860.94 3 1
github.com/CCoupel/GhostDrive/plugins/moosefs/internal/mfsclient/client.go:860.94,863.5 1 0
github.com/CCoupel/GhostDrive/plugins/moosefs/internal/mfsclient/client.go:864.4,864.12 1 1
github.com/CCoupel/GhostDrive/plugins/moosefs/internal/mfsclient/client.go:870.3,871.59 2 1
github.com/CCoupel/GhostDrive/plugins/moosefs/internal/mfsclient/client.go:871.59,873.4 1 1
github.com/CCoupel/GhostDrive/plugins/moosefs/internal/mfsclient/client.go:875.3,876.22 2 1
github.com/CCoupel/GhostDrive/plugins/moosefs/internal/mfsclient/client.go:876.22,881.94 4 1
github.com/CCoupel/GhostDrive/plugins/moosefs/internal/mfsclient/client.go:881.94,884.5 1 0
github.com/CCoupel/GhostDrive/plugins/moosefs/internal/mfsclient/client.go:885.4,885.12 1 1
github.com/CCoupel/GhostDrive/plugins/moosefs/internal/mfsclient/client.go:887.3,890.65 2 1
github.com/CCoupel/GhostDrive/plugins/moosefs/internal/mfsclient/client.go:893.2,893.20 1 1
github.com/CCoupel/GhostDrive/plugins/moosefs/internal/mfsclient/client.go:893.20,896.3 1 1
github.com/CCoupel/GhostDrive/plugins/moosefs/internal/mfsclient/client.go:897.2,898.18 1 0
github.com/CCoupel/GhostDrive/plugins/moosefs/internal/mfsclient/client.go:910.82,911.20 1 1
github.com/CCoupel/GhostDrive/plugins/moosefs/internal/mfsclient/client.go:911.20,913.3 1 1
github.com/CCoupel/GhostDrive/plugins/moosefs/internal/mfsclient/client.go:914.2,915.47 2 1
github.com/CCoupel/GhostDrive/plugins/moosefs/internal/mfsclient/client.go:915.47,918.3 1 1
github.com/CCoupel/GhostDrive/plugins/moosefs/internal/mfsclient/client.go:919.2,919.38 1 1
github.com/CCoupel/GhostDrive/plugins/moosefs/internal/mfsclient/client.go:933.82,938.42 3 1
github.com/CCoupel/GhostDrive/plugins/moosefs/internal/mfsclient/client.go:938.42,947.17 7 1
github.com/CCoupel/GhostDrive/plugins/moosefs/internal/mfsclient/client.go:947.17,949.4 1 0
github.com/CCoupel/GhostDrive/plugins/moosefs/internal/mfsclient/client.go:952.3,952.20 1 1
github.com/CCoupel/GhostDrive/plugins/moosefs/internal/mfsclient/client.go:952.20,954.18 2 0
github.com/CCoupel/GhostDrive/plugins/moosefs/internal/mfsclient/client.go:955.18,956.20 1 0
github.com/CCoupel/GhostDrive/plugins/moosefs/internal/mfsclient/client.go:957.22,958.103 1 0
github.com/CCoupel/GhostDrive/plugins/moosefs/internal/mfsclient/client.go:959.12,960.97 1 0
github.com/CCoupel/GhostDrive/plugins/moosefs/internal/mfsclient/client.go:964.3,965.17 2 1
github.com/CCoupel/GhostDrive/plugins/moosefs/internal/mfsclient/client.go:965.17,967.4 1 0
github.com/CCoupel/GhostDrive/plugins/moosefs/internal/mfsclient/client.go:968.3,968.29 1 1
github.com/CCoupel/GhostDrive/plugins/moosefs/internal/mfsclient/client.go:968.29,974.48 1 1
github.com/CCoupel/GhostDrive/plugins/moosefs/internal/mfsclient/client.go:974.48,976.5 1 1
github.com/CCoupel/GhostDrive/plugins/moosefs/internal/mfsclient/client.go:977.4,977.101 1 0
github.com/CCoupel/GhostDrive/plugins/moosefs/internal/mfsclient/client.go:979.3,979.19 1 1
github.com/CCoupel/GhostDrive/plugins/moosefs/internal/mfsclient/client.go:981.2,981.16 1 1
github.com/CCoupel/GhostDrive/plugins/moosefs/internal/mfsclient/client.go:981.16,983.3 1 0
github.com/CCoupel/GhostDrive/plugins/moosefs/internal/mfsclient/client.go:984.2,984.17 1 1
github.com/CCoupel/GhostDrive/plugins/moosefs/internal/mfsclient/client.go:984.17,986.3 1 1
github.com/CCoupel/GhostDrive/plugins/moosefs/internal/mfsclient/client.go:990.2,990.23 1 1
github.com/CCoupel/GhostDrive/plugins/moosefs/internal/mfsclient/client.go:990.23,992.3 1 1
github.com/CCoupel/GhostDrive/plugins/moosefs/internal/mfsclient/client.go:993.2,993.23 1 1
github.com/CCoupel/GhostDrive/plugins/moosefs/internal/mfsclient/client.go:993.23,996.3 1 0
github.com/CCoupel/GhostDrive/plugins/moosefs/internal/mfsclient/client.go:1008.2,1009.43 2 1
github.com/CCoupel/GhostDrive/plugins/moosefs/internal/mfsclient/client.go:1009.43,1011.21 2 1
github.com/CCoupel/GhostDrive/plugins/moosefs/internal/mfsclient/client.go:1011.21,1013.4 1 0
github.com/CCoupel/GhostDrive/plugins/moosefs/internal/mfsclient/client.go:1014.3,1015.21 2 1
github.com/CCoupel/GhostDrive/plugins/moosefs/internal/mfsclient/client.go:1015.21,1017.47 2 1
github.com/CCoupel/GhostDrive/plugins/moosefs/internal/mfsclient/client.go:1017.47,1021.13 2 1
github.com/CCoupel/GhostDrive/plugins/moosefs/internal/mfsclient/client.go:1023.4,1023.23 1 0
github.com/CCoupel/GhostDrive/plugins/moosefs/internal/mfsclient/client.go:1025.3,1026.21 2 1
github.com/CCoupel/GhostDrive/plugins/moosefs/internal/mfsclient/client.go:1030.2,1030.103 1 0
github.com/CCoupel/GhostDrive/plugins/moosefs/internal/mfsclient/client.go:1064.53,1065.18 1 1
github.com/CCoupel/GhostDrive/plugins/moosefs/internal/mfsclient/client.go:1065.18,1067.3 1 0
github.com/CCoupel/GhostDrive/plugins/moosefs/internal/mfsclient/client.go:1069.2,1084.20 4 1
github.com/CCoupel/GhostDrive/plugins/moosefs/internal/mfsclient/client.go:1085.15,1089.17 3 1
github.com/CCoupel/GhostDrive/plugins/moosefs/internal/mfsclient/client.go:1089.17,1091.4 1 0
github.com/CCoupel/GhostDrive/plugins/moosefs/internal/mfsclient/client.go:1092.3,1093.17 2 1
github.com/CCoupel/GhostDrive/plugins/moosefs/internal/mfsclient/client.go:1093.17,1095.4 1 0
github.com/CCoupel/GhostDrive/plugins/moosefs/internal/mfsclient/client.go:1096.3,1097.17 2 1
github.com/CCoupel/GhostDrive/plugins/moosefs/internal/mfsclient/client.go:1097.17,1099.4 1 0
github.com/CCoupel/GhostDrive/plugins/moosefs/internal/mfsclient/client.go:1100.3,1100.21 1 1
github.com/CCoupel/GhostDrive/plugins/moosefs/internal/mfsclient/client.go:1101.10,1102.18 1 0
github.com/CCoupel/GhostDrive/plugins/moosefs/internal/mfsclient/client.go:1103.13,1104.18 1 1
github.com/CCoupel/GhostDrive/plugins/moosefs/internal/mfsclient/client.go:1107.9,1112.17 2 0
github.com/CCoupel/GhostDrive/plugins/moosefs/internal/mfsclient/client.go:1112.17,1114.4 1 0
github.com/CCoupel/GhostDrive/plugins/moosefs/internal/mfsclient/client.go:1115.3,1116.17 2 0
github.com/CCoupel/GhostDrive/plugins/moosefs/internal/mfsclient/client.go:1116.17,1118.4 1 0
github.com/CCoupel/GhostDrive/plugins/moosefs/internal/mfsclient/client.go:1119.3,1120.17 2 0
github.com/CCoupel/GhostDrive/plugins/moosefs/internal/mfsclient/client.go:1120.17,1122.4 1 0
github.com/CCoupel/GhostDrive/plugins/moosefs/internal/mfsclient/client.go:1123.3,1123.16 1 0
github.com/CCoupel/GhostDrive/plugins/moosefs/internal/mfsclient/client.go:1125.10,1131.17 2 0
github.com/CCoupel/GhostDrive/plugins/moosefs/internal/mfsclient/client.go:1131.17,1133.4 1 0
github.com/CCoupel/GhostDrive/plugins/moosefs/internal/mfsclient/client.go:1134.3,1135.154 2 0
github.com/CCoupel/GhostDrive/plugins/moosefs/internal/mfsclient/client.go:1138.2,1140.36 3 1
github.com/CCoupel/GhostDrive/plugins/moosefs/internal/mfsclient/client.go:1140.36,1142.3 1 1
github.com/CCoupel/GhostDrive/plugins/moosefs/internal/mfsclient/client.go:1144.2,1151.25 2 1
github.com/CCoupel/GhostDrive/plugins/moosefs/internal/mfsclient/client.go:1151.25,1154.17 3 1
github.com/CCoupel/GhostDrive/plugins/moosefs/internal/mfsclient/client.go:1154.17,1156.4 1 0
github.com/CCoupel/GhostDrive/plugins/moosefs/internal/mfsclient/client.go:1157.3,1158.17 2 1
github.com/CCoupel/GhostDrive/plugins/moosefs/internal/mfsclient/client.go:1158.17,1160.4 1 0
github.com/CCoupel/GhostDrive/plugins/moosefs/internal/mfsclient/client.go:1161.3,1161.22 1 1
github.com/CCoupel/GhostDrive/plugins/moosefs/internal/mfsclient/client.go:1161.22,1163.18 2 1
github.com/CCoupel/GhostDrive/plugins/moosefs/internal/mfsclient/client.go:1163.18,1165.5 1 0
github.com/CCoupel/GhostDrive/plugins/moosefs/internal/mfsclient/client.go:1167.3,1167.22 1 1
github.com/CCoupel/GhostDrive/plugins/moosefs/internal/mfsclient/client.go:1167.22,1169.18 2 1
github.com/CCoupel/GhostDrive/plugins/moosefs/internal/mfsclient/client.go:1169.18,1171.5 1 0
github.com/CCoupel/GhostDrive/plugins/moosefs/internal/mfsclient/client.go:1173.3,1173.43 1 1
github.com/CCoupel/GhostDrive/plugins/moosefs/internal/mfsclient/client.go:1180.2,1180.46 1 1
github.com/CCoupel/GhostDrive/plugins/moosefs/internal/mfsclient/client.go:1180.46,1184.3 2 1
github.com/CCoupel/GhostDrive/plugins/moosefs/internal/mfsclient/client.go:1192.2,1194.23 2 1
github.com/CCoupel/GhostDrive/plugins/moosefs/internal/mfsclient/client.go:1194.23,1196.3 1 1
github.com/CCoupel/GhostDrive/plugins/moosefs/internal/mfsclient/client.go:1198.2,1198.18 1 1
github.com/CCoupel/GhostDrive/plugins/moosefs/internal/mfsclient/csclient.go:76.26,81.2 1 1
github.com/CCoupel/GhostDrive/plugins/moosefs/internal/mfsclient/csclient.go:84.44,87.2 2 1
github.com/CCoupel/GhostDrive/plugins/moosefs/internal/mfsclient/csclient.go:91.64,94.42 3 1
github.com/CCoupel/GhostDrive/plugins/moosefs/internal/mfsclient/csclient.go:94.42,99.3 4 1
github.com/CCoupel/GhostDrive/plugins/moosefs/internal/mfsclient/csclient.go:100.2,102.25 2 1
github.com/CCoupel/GhostDrive/plugins/moosefs/internal/mfsclient/csclient.go:108.61,112.30 4 1
github.com/CCoupel/GhostDrive/plugins/moosefs/internal/mfsclient/csclient.go:112.30,114.3 1 1
github.com/CCoupel/GhostDrive/plugins/moosefs/internal/mfsclient/csclient.go:114.8,116.3 1 1
github.com/CCoupel/GhostDrive/plugins/moosefs/internal/mfsclient/csclient.go:121.29,124.31 3 1
github.com/CCoupel/GhostDrive/plugins/moosefs/internal/mfsclient/csclient.go:124.31,125.27 1 1
github.com/CCoupel/GhostDrive/plugins/moosefs/internal/mfsclient/csclient.go:125.27,127.4 1 1
github.com/CCoupel/GhostDrive/plugins/moosefs/internal/mfsclient/csclient.go:129.2,129.38 1 1
github.com/CCoupel/GhostDrive/plugins/moosefs/internal/mfsclient/csclient.go:152.37,153.16 1 1
github.com/CCoupel/GhostDrive/plugins/moosefs/internal/mfsclient/csclient.go:153.16,155.3 1 0
github.com/CCoupel/GhostDrive/plugins/moosefs/internal/mfsclient/csclient.go:156.2,156.64 1 1
github.com/CCoupel/GhostDrive/plugins/moosefs/internal/mfsclient/csclient.go:156.64,158.3 1 1
github.com/CCoupel/GhostDrive/plugins/moosefs/internal/mfsclient/csclient.go:159.2,165.44 2 1
github.com/CCoupel/GhostDrive/plugins/moosefs/internal/mfsclient/csclient.go:177.55,182.16 5 1
github.com/CCoupel/GhostDrive/plugins/moosefs/internal/mfsclient/csclient.go:182.16,184.3 1 1
github.com/CCoupel/GhostDrive/plugins/moosefs/internal/mfsclient/csclient.go:185.2,185.18 1 1
github.com/CCoupel/GhostDrive/plugins/moosefs/internal/mfsclient/csclient.go:195.105,203.64 6 1
github.com/CCoupel/GhostDrive/plugins/moosefs/internal/mfsclient/csclient.go:203.64,205.3 1 1
github.com/CCoupel/GhostDrive/plugins/moosefs/internal/mfsclient/csclient.go:208.2,209.6 2 1
github.com/CCoupel/GhostDrive/plugins/moosefs/internal/mfsclient/csclient.go:209.6,211.17 2 1
github.com/CCoupel/GhostDrive/plugins/moosefs/internal/mfsclient/csclient.go:211.17,213.4 1 1
github.com/CCoupel/GhostDrive/plugins/moosefs/internal/mfsclient/csclient.go:215.3,215.14 1 1
github.com/CCoupel/GhostDrive/plugins/moosefs/internal/mfsclient/csclient.go:216.27,220.26 2 1
github.com/CCoupel/GhostDrive/plugins/moosefs/internal/mfsclient/csclient.go:220.26,222.5 1 0
github.com/CCoupel/GhostDrive/plugins/moosefs/internal/mfsclient/csclient.go:223.4,225.18 3 1
github.com/CCoupel/GhostDrive/plugins/moosefs/internal/mfsclient/csclient.go:225.18,227.5 1 0
github.com/CCoupel/GhostDrive/plugins/moosefs/internal/mfsclient/csclient.go:228.4,229.18 2 1
github.com/CCoupel/GhostDrive/plugins/moosefs/internal/mfsclient/csclient.go:229.18,231.5 1 0
github.com/CCoupel/GhostDrive/plugins/moosefs/internal/mfsclient/csclient.go:232.4,232.40 1 1
github.com/CCoupel/GhostDrive/plugins/moosefs/internal/mfsclient/csclient.go:232.40,235.5 1 0
github.com/CCoupel/GhostDrive/plugins/moosefs/internal/mfsclient/csclient.go:236.4,238.26 3 1
github.com/CCoupel/GhostDrive/plugins/moosefs/internal/mfsclient/csclient.go:238.26,241.5 1 1
github.com/CCoupel/GhostDrive/plugins/moosefs/internal/mfsclient/csclient.go:242.4,242.37 1 1
github.com/CCoupel/GhostDrive/plugins/moosefs/internal/mfsclient/csclient.go:244.29,246.21 1 1
github.com/CCoupel/GhostDrive/plugins/moosefs/internal/mfsclient/csclient.go:246.21,248.5 1 0
github.com/CCoupel/GhostDrive/plugins/moosefs/internal/mfsclient/csclient.go:249.4,250.26 2 1
github.com/CCoupel/GhostDrive/plugins/moosefs/internal/mfsclient/csclient.go:250.26,252.5 1 0
github.com/CCoupel/GhostDrive/plugins/moosefs/internal/mfsclient/csclient.go:253.4,253.22 1 1
github.com/CCoupel/GhostDrive/plugins/moosefs/internal/mfsclient/csclient.go:255.11,260.116 1 1
github.com/CCoupel/GhostDrive/plugins/moosefs/internal/mfsclient/csclient.go:290.117,299.28 5 1
github.com/CCoupel/GhostDrive/plugins/moosefs/internal/mfsclient/csclient.go:299.28,302.3 2 1
github.com/CCoupel/GhostDrive/plugins/moosefs/internal/mfsclient/csclient.go:304.2,304.69 1 1
github.com/CCoupel/GhostDrive/plugins/moosefs/internal/mfsclient/csclient.go:304.69,306.3 1 0
github.com/CCoupel/GhostDrive/plugins/moosefs/internal/mfsclient/csclient.go:315.2,315.6 1 1
github.com/CCoupel/GhostDrive/plugins/moosefs/internal/mfsclient/csclient.go:315.6,317.17 2 1
github.com/CCoupel/GhostDrive/plugins/moosefs/internal/mfsclient/csclient.go:317.17,318.30 1 1
github.com/CCoupel/GhostDrive/plugins/moosefs/internal/mfsclient/csclient.go:318.30,322.5 1 1
github.com/CCoupel/GhostDrive/plugins/moosefs/internal/mfsclient/csclient.go:323.4,323.87 1 1
github.com/CCoupel/GhostDrive/plugins/moosefs/internal/mfsclient/csclient.go:325.3,325.27 1 1
github.com/CCoupel/GhostDrive/plugins/moosefs/internal/mfsclient/csclient.go:325.27,326.12 1 1
github.com/CCoupel/GhostDrive/plugins/moosefs/internal/mfsclient/csclient.go:328.3,328.38 1 1
github.com/CCoupel/GhostDrive/plugins/moosefs/internal/mfsclient/csclient.go:328.38,331.4 1 0
github.com/CCoupel/GhostDrive/plugins/moosefs/internal/mfsclient/csclient.go:332.3,332.24 1 1
github.com/CCoupel/GhostDrive/plugins/moosefs/internal/mfsclient/csclient.go:332.24,335.4 1 0
github.com/CCoupel/GhostDrive/plugins/moosefs/internal/mfsclient/csclient.go:336.3,337.28 2 1
github.com/CCoupel/GhostDrive/plugins/moosefs/internal/mfsclient/csclient.go:337.28,340.4 1 1
github.com/CCoupel/GhostDrive/plugins/moosefs/internal/mfsclient/csclient.go:341.3,341.8 1 1
github.com/CCoupel/GhostDrive/plugins/moosefs/internal/mfsclient/csclient.go:355.2,364.26 8 1
github.com/CCoupel/GhostDrive/plugins/moosefs/internal/mfsclient/csclient.go:364.26,365.23 1 1
github.com/CCoupel/GhostDrive/plugins/moosefs/internal/mfsclient/csclient.go:365.23,365.42 1 1
github.com/CCoupel/GhostDrive/plugins/moosefs/internal/mfsclient/csclient.go:367.2,371.12 2 1
github.com/CCoupel/GhostDrive/plugins/moosefs/internal/mfsclient/csclient.go:371.12,372.7 1 1
github.com/CCoupel/GhostDrive/plugins/moosefs/internal/mfsclient/csclient.go:372.7,374.18 2 1
github.com/CCoupel/GhostDrive/plugins/moosefs/internal/mfsclient/csclient.go:374.18,375.31 1 0
github.com/CCoupel/GhostDrive/plugins/moosefs/internal/mfsclient/csclient.go:375.31,378.6 1 0
github.com/CCoupel/GhostDrive/plugins/moosefs/internal/mfsclient/csclient.go:378.11,380.6 1 0
github.com/CCoupel/GhostDrive/plugins/moosefs/internal/mfsclient/csclient.go:381.5,381.12 1 0
github.com/CCoupel/GhostDrive/plugins/moosefs/internal/mfsclient/csclient.go:381.35,381.35 0 0
github.com/CCoupel/GhostDrive/plugins/moosefs/internal/mfsclient/csclient.go:381.44,381.44 0 0
github.com/CCoupel/GhostDrive/plugins/moosefs/internal/mfsclient/csclient.go:382.5,383.11 2 0
github.com/CCoupel/GhostDrive/plugins/moosefs/internal/mfsclient/csclient.go:385.4,386.25 2 1
github.com/CCoupel/GhostDrive/plugins/moosefs/internal/mfsclient/csclient.go:386.25,387.13 1 1
github.com/CCoupel/GhostDrive/plugins/moosefs/internal/mfsclient/csclient.go:389.4,389.36 1 1
github.com/CCoupel/GhostDrive/plugins/moosefs/internal/mfsclient/csclient.go:389.36,392.12 2 0
github.com/CCoupel/GhostDrive/plugins/moosefs/internal/mfsclient/csclient.go:392.35,392.35 0 0
github.com/CCoupel/GhostDrive/plugins/moosefs/internal/mfsclient/csclient.go:392.44,392.44 0 0
github.com/CCoupel/GhostDrive/plugins/moosefs/internal/mfsclient/csclient.go:393.5,394.11 2 0
github.com/CCoupel/GhostDrive/plugins/moosefs/internal/mfsclient/csclient.go:396.4,396.22 1 1
github.com/CCoupel/GhostDrive/plugins/moosefs/internal/mfsclient/csclient.go:396.22,398.12 2 0
github.com/CCoupel/GhostDrive/plugins/moosefs/internal/mfsclient/csclient.go:398.35,398.35 0 0
github.com/CCoupel/GhostDrive/plugins/moosefs/internal/mfsclient/csclient.go:398.44,398.44 0 0
github.com/CCoupel/GhostDrive/plugins/moosefs/internal/mfsclient/csclient.go:399.5,400.11 2 0
github.com/CCoupel/GhostDrive/plugins/moosefs/internal/mfsclient/csclient.go:402.4,404.26 2 1
github.com/CCoupel/GhostDrive/plugins/moosefs/internal/mfsclient/csclient.go:404.26,407.12 2 1
github.com/CCoupel/GhostDrive/plugins/moosefs/internal/mfsclient/csclient.go:407.35,407.35 0 1
github.com/CCoupel/GhostDrive/plugins/moosefs/internal/mfsclient/csclient.go:407.44,407.44 0 0
github.com/CCoupel/GhostDrive/plugins/moosefs/internal/mfsclient/csclient.go:408.5,409.11 2 1
github.com/CCoupel/GhostDrive/plugins/moosefs/internal/mfsclient/csclient.go:423.4,425.10 3 1
github.com/CCoupel/GhostDrive/plugins/moosefs/internal/mfsclient/csclient.go:430.2,431.22 2 1
github.com/CCoupel/GhostDrive/plugins/moosefs/internal/mfsclient/csclient.go:431.22,433.10 1 1
github.com/CCoupel/GhostDrive/plugins/moosefs/internal/mfsclient/csclient.go:434.26,437.14 3 0
github.com/CCoupel/GhostDrive/plugins/moosefs/internal/mfsclient/csclient.go:438.11,438.11 0 1
github.com/CCoupel/GhostDrive/plugins/moosefs/internal/mfsclient/csclient.go:441.3,447.18 6 1
github.com/CCoupel/GhostDrive/plugins/moosefs/internal/mfsclient/csclient.go:447.18,449.4 1 1
github.com/CCoupel/GhostDrive/plugins/moosefs/internal/mfsclient/csclient.go:450.3,464.75 12 1
github.com/CCoupel/GhostDrive/plugins/moosefs/internal/mfsclient/csclient.go:464.75,473.11 5 0
github.com/CCoupel/GhostDrive/plugins/moosefs/internal/mfsclient/csclient.go:474.36,475.25 1 0
github.com/CCoupel/GhostDrive/plugins/moosefs/internal/mfsclient/csclient.go:475.25,477.6 1 0
github.com/CCoupel/GhostDrive/plugins/moosefs/internal/mfsclient/csclient.go:478.5,478.20 1 0
github.com/CCoupel/GhostDrive/plugins/moosefs/internal/mfsclient/csclient.go:479.19,480.20 1 0
github.com/CCoupel/GhostDrive/plugins/moosefs/internal/mfsclient/csclient.go:483.3,483.16 1 1
github.com/CCoupel/GhostDrive/plugins/moosefs/internal/mfsclient/csclient.go:487.2,487.9 1 1
github.com/CCoupel/GhostDrive/plugins/moosefs/internal/mfsclient/csclient.go:488.25,491.13 3 0
github.com/CCoupel/GhostDrive/plugins/moosefs/internal/mfsclient/csclient.go:492.10,492.10 0 1
github.com/CCoupel/GhostDrive/plugins/moosefs/internal/mfsclient/csclient.go:496.2,500.71 4 1
github.com/CCoupel/GhostDrive/plugins/moosefs/internal/mfsclient/csclient.go:500.71,502.13 2 0
github.com/CCoupel/GhostDrive/plugins/moosefs/internal/mfsclient/csclient.go:502.13,502.30 1 0
github.com/CCoupel/GhostDrive/plugins/moosefs/internal/mfsclient/csclient.go:503.3,503.75 1 0
github.com/CCoupel/GhostDrive/plugins/moosefs/internal/mfsclient/csclient.go:507.2,510.22 2 1
github.com/CCoupel/GhostDrive/plugins/moosefs/internal/mfsclient/ecclient.go:22.34,24.2 1 1
github.com/CCoupel/GhostDrive/plugins/moosefs/internal/mfsclient/ecclient.go:28.47,29.22 1 1
github.com/CCoupel/GhostDrive/plugins/moosefs/internal/mfsclient/ecclient.go:29.22,31.3 1 1
github.com/CCoupel/GhostDrive/plugins/moosefs/internal/mfsclient/ecclient.go:32.2,32.38 1 1
github.com/CCoupel/GhostDrive/plugins/moosefs/internal/mfsclient/ecclient.go:58.19,65.30 3 1
github.com/CCoupel/GhostDrive/plugins/moosefs/internal/mfsclient/ecclient.go:65.30,67.29 2 1
github.com/CCoupel/GhostDrive/plugins/moosefs/internal/mfsclient/ecclient.go:67.29,69.4 1 1
github.com/CCoupel/GhostDrive/plugins/moosefs/internal/mfsclient/ecclient.go:69.9,71.4 1 1
github.com/CCoupel/GhostDrive/plugins/moosefs/internal/mfsclient/ecclient.go:73.2,73.24 1 1
github.com/CCoupel/GhostDrive/plugins/moosefs/internal/mfsclient/ecclient.go:73.24,75.3 1 0
github.com/CCoupel/GhostDrive/plugins/moosefs/internal/mfsclient/ecclient.go:79.2,87.40 5 1
github.com/CCoupel/GhostDrive/plugins/moosefs/internal/mfsclient/ecclient.go:87.40,92.3 1 1
github.com/CCoupel/GhostDrive/plugins/moosefs/internal/mfsclient/ecclient.go:96.2,103.43 4 1
github.com/CCoupel/GhostDrive/plugins/moosefs/internal/mfsclient/ecclient.go:103.43,105.21 2 1
github.com/CCoupel/GhostDrive/plugins/moosefs/internal/mfsclient/ecclient.go:105.21,108.4 1 0
github.com/CCoupel/GhostDrive/plugins/moosefs/internal/mfsclient/ecclient.go:110.3,111.21 2 1
github.com/CCoupel/GhostDrive/plugins/moosefs/internal/mfsclient/ecclient.go:111.21,113.47 2 1
github.com/CCoupel/GhostDrive/plugins/moosefs/internal/mfsclient/ecclient.go:113.47,116.13 2 1
github.com/CCoupel/GhostDrive/plugins/moosefs/internal/mfsclient/ecclient.go:118.4,119.37 1 1
github.com/CCoupel/GhostDrive/plugins/moosefs/internal/mfsclient/ecclient.go:122.3,123.21 2 1
github.com/CCoupel/GhostDrive/plugins/moosefs/internal/mfsclient/ecclient.go:127.2,128.26 1 0
github.com/CCoupel/GhostDrive/plugins/moosefs/internal/mfsclient/protocol.go:162.62,164.2 1 1
github.com/CCoupel/GhostDrive/plugins/moosefs/internal/mfsclient/protocol.go:193.35,194.11 1 1
github.com/CCoupel/GhostDrive/plugins/moosefs/internal/mfsclient/protocol.go:195.16,196.14 1 0
github.com/CCoupel/GhostDrive/plugins/moosefs/internal/mfsclient/protocol.go:197.20,198.18 1 0
github.com/CCoupel/GhostDrive/plugins/moosefs/internal/mfsclient/protocol.go:199.20,200.18 1 0
github.com/CCoupel/GhostDrive/plugins/moosefs/internal/mfsclient/protocol.go:201.20,202.18 1 0
github.com/CCoupel/GhostDrive/plugins/moosefs/internal/mfsclient/protocol.go:203.23,204.21 1 0
github.com/CCoupel/GhostDrive/plugins/moosefs/internal/mfsclient/protocol.go:205.27,206.23 1 0
github.com/CCoupel/GhostDrive/plugins/moosefs/internal/mfsclient/protocol.go:207.27,208.23 1 1
github.com/CCoupel/GhostDrive/plugins/moosefs/internal/mfsclient/protocol.go:209.28,210.24 1 0
github.com/CCoupel/GhostDrive/plugins/moosefs/internal/mfsclient/protocol.go:211.28,212.24 1 1
github.com/CCoupel/GhostDrive/plugins/moosefs/internal/mfsclient/protocol.go:213.19,214.15 1 0
github.com/CCoupel/GhostDrive/plugins/moosefs/internal/mfsclient/protocol.go:215.19,216.17 1 0
github.com/CCoupel/GhostDrive/plugins/moosefs/internal/mfsclient/protocol.go:217.10,218.19 1 0
github.com/CCoupel/GhostDrive/plugins/moosefs/internal/mfsclient/protocol.go:280.29,280.59 1 1
github.com/CCoupel/GhostDrive/plugins/moosefs/internal/mfsclient/protocol.go:312.66,317.43 4 1
github.com/CCoupel/GhostDrive/plugins/moosefs/internal/mfsclient/protocol.go:317.43,319.3 1 1
github.com/CCoupel/GhostDrive/plugins/moosefs/internal/mfsclient/protocol.go:320.2,320.22 1 1
github.com/CCoupel/GhostDrive/plugins/moosefs/internal/mfsclient/protocol.go:320.22,321.48 1 1
github.com/CCoupel/GhostDrive/plugins/moosefs/internal/mfsclient/protocol.go:321.48,323.4 1 0
github.com/CCoupel/GhostDrive/plugins/moosefs/internal/mfsclient/protocol.go:325.2,325.12 1 1
github.com/CCoupel/GhostDrive/plugins/moosefs/internal/mfsclient/protocol.go:335.71,337.49 2 1
github.com/CCoupel/GhostDrive/plugins/moosefs/internal/mfsclient/protocol.go:337.49,339.3 1 1
github.com/CCoupel/GhostDrive/plugins/moosefs/internal/mfsclient/protocol.go:341.2,344.30 3 1
github.com/CCoupel/GhostDrive/plugins/moosefs/internal/mfsclient/protocol.go:344.30,346.3 1 1
github.com/CCoupel/GhostDrive/plugins/moosefs/internal/mfsclient/protocol.go:348.2,348.16 1 1
github.com/CCoupel/GhostDrive/plugins/moosefs/internal/mfsclient/protocol.go:348.16,350.54 2 1
github.com/CCoupel/GhostDrive/plugins/moosefs/internal/mfsclient/protocol.go:350.54,352.4 1 0
github.com/CCoupel/GhostDrive/plugins/moosefs/internal/mfsclient/protocol.go:354.2,354.26 1 1
github.com/CCoupel/GhostDrive/plugins/moosefs/internal/mfsclient/protocol.go:360.43,362.2 1 1
github.com/CCoupel/GhostDrive/plugins/moosefs/internal/mfsclient/protocol.go:365.45,369.2 3 1
github.com/CCoupel/GhostDrive/plugins/moosefs/internal/mfsclient/protocol.go:372.45,376.2 3 1
github.com/CCoupel/GhostDrive/plugins/moosefs/internal/mfsclient/protocol.go:379.45,383.2 3 1
github.com/CCoupel/GhostDrive/plugins/moosefs/internal/mfsclient/protocol.go:386.43,390.2 3 0
github.com/CCoupel/GhostDrive/plugins/moosefs/internal/mfsclient/protocol.go:394.47,397.2 2 1
github.com/CCoupel/GhostDrive/plugins/moosefs/internal/mfsclient/protocol.go:403.45,408.2 4 0
github.com/CCoupel/GhostDrive/plugins/moosefs/internal/mfsclient/protocol.go:414.55,415.19 1 1
github.com/CCoupel/GhostDrive/plugins/moosefs/internal/mfsclient/protocol.go:415.19,417.3 1 0
github.com/CCoupel/GhostDrive/plugins/moosefs/internal/mfsclient/protocol.go:418.2,418.29 1 1
github.com/CCoupel/GhostDrive/plugins/moosefs/internal/mfsclient/protocol.go:422.57,423.20 1 1
github.com/CCoupel/GhostDrive/plugins/moosefs/internal/mfsclient/protocol.go:423.20,425.3 1 0
github.com/CCoupel/GhostDrive/plugins/moosefs/internal/mfsclient/protocol.go:426.2,426.62 1 1
github.com/CCoupel/GhostDrive/plugins/moosefs/internal/mfsclient/protocol.go:431.57,432.20 1 1
github.com/CCoupel/GhostDrive/plugins/moosefs/internal/mfsclient/protocol.go:432.20,434.3 1 0
github.com/CCoupel/GhostDrive/plugins/moosefs/internal/mfsclient/protocol.go:435.2,435.62 1 1
github.com/CCoupel/GhostDrive/plugins/moosefs/internal/mfsclient/protocol.go:439.57,440.20 1 1
github.com/CCoupel/GhostDrive/plugins/moosefs/internal/mfsclient/protocol.go:440.20,442.3 1 0
github.com/CCoupel/GhostDrive/plugins/moosefs/internal/mfsclient/protocol.go:443.2,443.62 1 1
github.com/CCoupel/GhostDrive/plugins/moosefs/internal/mfsclient/protocol.go:447.55,450.2 2 0
github.com/CCoupel/GhostDrive/plugins/moosefs/internal/mfsclient/protocol.go:454.59,455.19 1 1
github.com/CCoupel/GhostDrive/plugins/moosefs/internal/mfsclient/protocol.go:455.19,457.3 1 0
github.com/CCoupel/GhostDrive/plugins/moosefs/internal/mfsclient/protocol.go:458.2,460.25 3 1
github.com/CCoupel/GhostDrive/plugins/moosefs/internal/mfsclient/protocol.go:460.25,462.3 1 0
github.com/CCoupel/GhostDrive/plugins/moosefs/internal/mfsclient/protocol.go:463.2,463.55 1 1
github.com/CCoupel/GhostDrive/plugins/moosefs/internal/mfsclient/protocol.go:470.57,471.20 1 0
github.com/CCoupel/GhostDrive/plugins/moosefs/internal/mfsclient/protocol.go:471.20,473.3 1 0
github.com/CCoupel/GhostDrive/plugins/moosefs/internal/mfsclient/protocol.go:474.2,476.25 3 0
github.com/CCoupel/GhostDrive/plugins/moosefs/internal/mfsclient/protocol.go:476.25,478.3 1 0
github.com/CCoupel/GhostDrive/plugins/moosefs/internal/mfsclient/protocol.go:479.2,479.55 1 0
github.com/CCoupel/GhostDrive/plugins/moosefs/internal/mfsclient/protocol.go:494.62,496.33 2 1
github.com/CCoupel/GhostDrive/plugins/moosefs/internal/mfsclient/protocol.go:496.33,499.3 1 0
github.com/CCoupel/GhostDrive/plugins/moosefs/internal/mfsclient/protocol.go:501.2,505.16 4 1
github.com/CCoupel/GhostDrive/plugins/moosefs/internal/mfsclient/protocol.go:505.16,507.3 1 0
github.com/CCoupel/GhostDrive/plugins/moosefs/internal/mfsclient/protocol.go:508.2,509.16 2 1
github.com/CCoupel/GhostDrive/plugins/moosefs/internal/mfsclient/protocol.go:509.16,511.3 1 0
github.com/CCoupel/GhostDrive/plugins/moosefs/internal/mfsclient/protocol.go:512.2,513.16 2 1
github.com/CCoupel/GhostDrive/plugins/moosefs/internal/mfsclient/protocol.go:513.16,515.3 1 0
github.com/CCoupel/GhostDrive/plugins/moosefs/internal/mfsclient/protocol.go:516.2,517.16 2 1
github.com/CCoupel/GhostDrive/plugins/moosefs/internal/mfsclient/protocol.go:517.16,519.3 1 0
github.com/CCoupel/GhostDrive/plugins/moosefs/internal/mfsclient/protocol.go:520.2,521.16 2 1
github.com/CCoupel/GhostDrive/plugins/moosefs/internal/mfsclient/protocol.go:521.16,523.3 1 0
github.com/CCoupel/GhostDrive/plugins/moosefs/internal/mfsclient/protocol.go:524.2,525.16 2 1
github.com/CCoupel/GhostDrive/plugins/moosefs/internal/mfsclient/protocol.go:525.16,527.3 1 0
github.com/CCoupel/GhostDrive/plugins/moosefs/internal/mfsclient/protocol.go:528.2,529.16 2 1
github.com/CCoupel/GhostDrive/plugins/moosefs/internal/mfsclient/protocol.go:529.16,531.3 1 0
github.com/CCoupel/GhostDrive/plugins/moosefs/internal/mfsclient/protocol.go:532.2,533.16 2 1
github.com/CCoupel/GhostDrive/plugins/moosefs/internal/mfsclient/protocol.go:533.16,535.3 1 0
github.com/CCoupel/GhostDrive/plugins/moosefs/internal/mfsclient/protocol.go:536.2,537.16 2 1
github.com/CCoupel/GhostDrive/plugins/moosefs/internal/mfsclient/protocol.go:537.16,539.3 1 0
github.com/CCoupel/GhostDrive/plugins/moosefs/internal/mfsclient/protocol.go:543.2,543.24 1 1
github.com/CCoupel/GhostDrive/plugins/moosefs/internal/mfsclient/protocol.go:543.24,545.3 1 0
github.com/CCoupel/GhostDrive/plugins/moosefs/internal/mfsclient/protocol.go:548.2,549.21 2 1
github.com/CCoupel/GhostDrive/plugins/moosefs/internal/mfsclient/protocol.go:556.43,556.71 1 1
github.com/CCoupel/GhostDrive/plugins/loader/grpc_loader.go:102.34,104.2 1 1
github.com/CCoupel/GhostDrive/plugins/loader/grpc_loader.go:112.63,114.22 2 1
github.com/CCoupel/GhostDrive/plugins/loader/grpc_loader.go:114.22,116.3 1 1
github.com/CCoupel/GhostDrive/plugins/loader/grpc_loader.go:117.2,120.3 1 1
github.com/CCoupel/GhostDrive/plugins/loader/grpc_loader.go:132.52,139.16 5 1
github.com/CCoupel/GhostDrive/plugins/loader/grpc_loader.go:139.16,141.3 1 0
github.com/CCoupel/GhostDrive/plugins/loader/grpc_loader.go:143.2,143.31 1 1
github.com/CCoupel/GhostDrive/plugins/loader/grpc_loader.go:143.31,145.3 1 1
github.com/CCoupel/GhostDrive/plugins/loader/grpc_loader.go:146.2,146.12 1 1
github.com/CCoupel/GhostDrive/plugins/loader/grpc_loader.go:160.46,165.16 3 1
github.com/CCoupel/GhostDrive/plugins/loader/grpc_loader.go:165.16,176.3 5 1
github.com/CCoupel/GhostDrive/plugins/loader/grpc_loader.go:178.2,188.61 5 1
github.com/CCoupel/GhostDrive/plugins/loader/grpc_loader.go:188.61,190.22 2 1
github.com/CCoupel/GhostDrive/plugins/loader/grpc_loader.go:190.22,193.4 2 0
github.com/CCoupel/GhostDrive/plugins/loader/grpc_loader.go:194.3,197.11 4 1
github.com/CCoupel/GhostDrive/plugins/loader/grpc_loader.go:202.2,218.81 7 1
github.com/CCoupel/GhostDrive/plugins/loader/grpc_loader.go:223.99,251.16 8 1
github.com/CCoupel/GhostDrive/plugins/loader/grpc_loader.go:251.16,254.3 2 1
github.com/CCoupel/GhostDrive/plugins/loader/grpc_loader.go:256.2,257.16 2 1
github.com/CCoupel/GhostDrive/plugins/loader/grpc_loader.go:257.16,260.3 2 0
github.com/CCoupel/GhostDrive/plugins/loader/grpc_loader.go:262.2,263.9 2 1
github.com/CCoupel/GhostDrive/plugins/loader/grpc_loader.go:263.9,266.3 2 0
github.com/CCoupel/GhostDrive/plugins/loader/grpc_loader.go:268.2,268.29 1 1
github.com/CCoupel/GhostDrive/plugins/loader/grpc_loader.go:276.72,279.53 2 0
github.com/CCoupel/GhostDrive/plugins/loader/grpc_loader.go:279.53,281.10 1 0
github.com/CCoupel/GhostDrive/plugins/loader/grpc_loader.go:282.21,283.10 1 0
github.com/CCoupel/GhostDrive/plugins/loader/grpc_loader.go:284.41,284.41 0 0
github.com/CCoupel/GhostDrive/plugins/loader/grpc_loader.go:288.3,288.10 1 0
github.com/CCoupel/GhostDrive/plugins/loader/grpc_loader.go:289.21,290.10 1 0
github.com/CCoupel/GhostDrive/plugins/loader/grpc_loader.go:291.11,291.11 0 0
github.com/CCoupel/GhostDrive/plugins/loader/grpc_loader.go:294.3,301.10 5 0
github.com/CCoupel/GhostDrive/plugins/loader/grpc_loader.go:302.21,303.10 1 0
github.com/CCoupel/GhostDrive/plugins/loader/grpc_loader.go:304.38,304.38 0 0
github.com/CCoupel/GhostDrive/plugins/loader/grpc_loader.go:307.3,308.17 2 0
github.com/CCoupel/GhostDrive/plugins/loader/grpc_loader.go:308.17,318.12 6 0
github.com/CCoupel/GhostDrive/plugins/loader/grpc_loader.go:322.3,329.69 6 0
github.com/CCoupel/GhostDrive/plugins/loader/grpc_loader.go:329.69,329.90 1 0
github.com/CCoupel/GhostDrive/plugins/loader/grpc_loader.go:331.3,333.15 2 0
github.com/CCoupel/GhostDrive/plugins/loader/grpc_loader.go:337.2,343.15 5 0
github.com/CCoupel/GhostDrive/plugins/loader/grpc_loader.go:347.80,349.12 2 0
github.com/CCoupel/GhostDrive/plugins/loader/grpc_loader.go:349.12,351.7 2 0
github.com/CCoupel/GhostDrive/plugins/loader/grpc_loader.go:351.7,352.11 1 0
github.com/CCoupel/GhostDrive/plugins/loader/grpc_loader.go:353.22,354.11 1 0
github.com/CCoupel/GhostDrive/plugins/loader/grpc_loader.go:355.46,356.24 1 0
github.com/CCoupel/GhostDrive/plugins/loader/grpc_loader.go:356.24,358.6 1 0
github.com/CCoupel/GhostDrive/plugins/loader/grpc_loader.go:362.2,362.11 1 0
github.com/CCoupel/GhostDrive/plugins/loader/grpc_loader.go:366.39,369.37 2 1
github.com/CCoupel/GhostDrive/plugins/loader/grpc_loader.go:369.37,371.3 1 1
github.com/CCoupel/GhostDrive/plugins/loader/grpc_loader.go:372.2,378.37 5 1
github.com/CCoupel/GhostDrive/plugins/loader/grpc_loader.go:378.37,380.34 1 1
github.com/CCoupel/GhostDrive/plugins/loader/grpc_loader.go:380.34,382.4 1 1
github.com/CCoupel/GhostDrive/plugins/loader/grpc_loader.go:383.3,383.26 1 1
github.com/CCoupel/GhostDrive/plugins/loader/grpc_loader.go:383.26,385.4 1 0
github.com/CCoupel/GhostDrive/plugins/loader/grpc_loader.go:386.3,386.48 1 1
github.com/CCoupel/GhostDrive/plugins/loader/grpc_loader.go:389.2,390.12 2 1
github.com/CCoupel/GhostDrive/plugins/loader/grpc_loader.go:395.72,400.30 4 0
github.com/CCoupel/GhostDrive/plugins/loader/grpc_loader.go:400.30,401.27 1 0
github.com/CCoupel/GhostDrive/plugins/loader/grpc_loader.go:401.27,403.4 1 0
github.com/CCoupel/GhostDrive/plugins/loader/grpc_loader.go:405.2,405.15 1 0
github.com/CCoupel/GhostDrive/plugins/loader/grpc_loader.go:409.54,414.30 4 1
github.com/CCoupel/GhostDrive/plugins/loader/grpc_loader.go:414.30,416.44 2 1
github.com/CCoupel/GhostDrive/plugins/loader/grpc_loader.go:416.44,419.4 1 1
github.com/CCoupel/GhostDrive/plugins/loader/grpc_loader.go:420.3,426.5 1 1
github.com/CCoupel/GhostDrive/plugins/loader/grpc_loader.go:428.2,428.15 1 1
github.com/CCoupel/GhostDrive/plugins/loader/grpc_loader.go:454.59,458.9 4 0
github.com/CCoupel/GhostDrive/plugins/loader/grpc_loader.go:458.9,460.3 1 0
github.com/CCoupel/GhostDrive/plugins/loader/grpc_loader.go:461.2,461.25 1 0
github.com/CCoupel/GhostDrive/plugins/loader/grpc_loader.go:461.25,463.3 1 0
github.com/CCoupel/GhostDrive/plugins/loader/grpc_loader.go:464.2,464.12 1 0
github.com/CCoupel/GhostDrive/plugins/loader/grpc_loader.go:475.39,476.73 1 1
github.com/CCoupel/GhostDrive/plugins/loader/grpc_loader.go:476.73,478.3 1 1
github.com/CCoupel/GhostDrive/plugins/loader/grpc_loader.go:479.2,479.18 1 1
github.com/CCoupel/GhostDrive/plugins/loader/grpc_loader.go:484.45,487.15 3 1
github.com/CCoupel/GhostDrive/plugins/loader/grpc_loader.go:487.15,489.3 1 1
github.com/CCoupel/GhostDrive/plugins/loader/grpc_loader.go:490.2,490.13 1 0
github.com/CCoupel/GhostDrive/plugins/loader/grpc_loader.go:494.41,496.2 1 1
github.com/CCoupel/GhostDrive/plugins/loader/proc_other.go:8.36,8.37 0 1
